country,country_code,year,adult_population,region,income_group,demographic_group,demographic_subgroup,indicator_code,value,indicator_name,country_role
Algeria,DZA,2011,26251587.0,Middle East & North Africa (excluding high income),Lower middle income,all,all,account.t.d,0.332861125283373,Account ownership,Peer market
Egypt,EGY,2011,58969826.0,Middle East & North Africa (excluding high income),Lower middle income,all,all,account.t.d,0.0971998059496632,Account ownership,Main market
Jordan,JOR,2011,4670454.0,Middle East & North Africa (excluding high income),Upper middle income,all,all,account.t.d,0.254710971514235,Account ownership,Peer market
Saudi Arabia,SAU,2011,17354530.0,High income,High income,all,all,account.t.d,0.464206603178861,Account ownership,Advanced benchmark
United Arab Emirates,ARE,2011,5710622.0,High income,High income,all,all,account.t.d,0.597323702767485,Account ownership,Supplementary benchmark
Algeria,DZA,2014,27628433.0,Middle East & North Africa (excluding high income),Lower middle income,all,all,account.t.d,0.504757907242262,Account ownership,Peer market
Egypt,EGY,2014,63009609.0,Middle East & North Africa (excluding high income),Lower middle income,all,all,account.t.d,0.141267970490146,Account ownership,Main market
Jordan,JOR,2014,5205320.0,Middle East & North Africa (excluding high income),Upper middle income,all,all,account.t.d,0.246159099066182,Account ownership,Peer market
Saudi Arabia,SAU,2014,20496432.0,High income,High income,all,all,account.t.d,0.694095879290349,Account ownership,Advanced benchmark
Tunisia,TUN,2014,8426960.0,Middle East & North Africa (excluding high income),Lower middle income,all,all,account.t.d,0.274323115412138,Account ownership,Peer market
United Arab Emirates,ARE,2014,6398423.0,High income,High income,all,all,account.t.d,0.837433268781272,Account ownership,Supplementary benchmark
Algeria,DZA,2017,28799702.0,Middle East & North Africa (excluding high income),Lower middle income,all,all,account.t.d,0.427766256472914,Account ownership,Peer market
Egypt,EGY,2017,66961302.0,Middle East & North Africa (excluding high income),Lower middle income,all,all,account.t.d,0.327843607129398,Account ownership,Main market
Jordan,JOR,2017,6558247.0,Middle East & North Africa (excluding high income),Upper middle income,all,all,account.t.d,0.424930235275587,Account ownership,Peer market
Morocco,MAR,2017,24894226.0,Middle East & North Africa (excluding high income),Lower middle income,all,all,account.t.d,0.28644459176479,Account ownership,Peer market
Saudi Arabia,SAU,2017,23241801.0,High income,High income,all,all,account.t.d,0.716981165899467,Account ownership,Advanced benchmark
Tunisia,TUN,2017,8662597.0,Middle East & North Africa (excluding high income),Lower middle income,all,all,account.t.d,0.369065671682783,Account ownership,Peer market
United Arab Emirates,ARE,2017,7433015.0,High income,High income,all,all,account.t.d,0.882103911038117,Account ownership,Supplementary benchmark
Algeria,DZA,2021,30458426.0,Middle East & North Africa (excluding high income),Lower middle income,all,all,account.t.d,0.440970221449773,Account ownership,Peer market
Egypt,EGY,2021,72722825.0,Middle East & North Africa (excluding high income),Lower middle income,all,all,account.t.d,0.274440057212001,Account ownership,Main market
Jordan,JOR,2021,7296924.0,Middle East & North Africa (excluding high income),Upper middle income,all,all,account.t.d,0.471196643097766,Account ownership,Peer market
Morocco,MAR,2021,26706787.0,Middle East & North Africa (excluding high income),Lower middle income,all,all,account.t.d,0.443728342386603,Account ownership,Peer market
Saudi Arabia,SAU,2021,23509479.0,High income,High income,all,all,account.t.d,0.74320746724648,Account ownership,Advanced benchmark
Tunisia,TUN,2021,8970562.0,Middle East & North Africa (excluding high income),Lower middle income,all,all,account.t.d,0.36853236511337,Account ownership,Peer market
United Arab Emirates,ARE,2021,7842387.0,High income,High income,all,all,account.t.d,0.857421930087712,Account ownership,Supplementary benchmark
Algeria,DZA,2024,32019804.0,Middle East & North Africa (excluding high income),Lower middle income,all,all,account.t.d,0.352901069097173,Account ownership,Peer market
Egypt,EGY,2024,77385958.0,Middle East & North Africa (excluding high income),Lower middle income,all,all,account.t.d,0.431134368034247,Account ownership,Main market
Jordan,JOR,2024,7867178.0,Middle East & North Africa (excluding high income),Upper middle income,all,all,account.t.d,0.464573138115455,Account ownership,Peer market
Morocco,MAR,2024,27893979.0,Middle East & North Africa (excluding high income),Lower middle income,all,all,account.t.d,0.443863291468524,Account ownership,Peer market
Saudi Arabia,SAU,2024,25248449.0,High income,High income,all,all,account.t.d,0.788409517231945,Account ownership,Advanced benchmark
Tunisia,TUN,2024,9219268.0,Middle East & North Africa (excluding high income),Lower middle income,all,all,account.t.d,0.378444860328559,Account ownership,Peer market
United Arab Emirates,ARE,2024,8770817.0,High income,High income,all,all,account.t.d,0.7310292550631,Account ownership,Supplementary benchmark
Algeria,DZA,2011,26251587.0,Middle East & North Africa (excluding high income),Lower middle income,gender,men,account.t.d,0.461278243450452,Account ownership,Peer market
Algeria,DZA,2011,26251587.0,Middle East & North Africa (excluding high income),Lower middle income,gender,women,account.t.d,0.204072969564249,Account ownership,Peer market
Jordan,JOR,2011,4670454.0,Middle East & North Africa (excluding high income),Upper middle income,gender,men,account.t.d,0.336704244054076,Account ownership,Peer market
Jordan,JOR,2011,4670454.0,Middle East & North Africa (excluding high income),Upper middle income,gender,women,account.t.d,0.173577027739126,Account ownership,Peer market
Saudi Arabia,SAU,2011,17354530.0,High income,High income,gender,men,account.t.d,0.727211414647235,Account ownership,Advanced benchmark
Saudi Arabia,SAU,2011,17354530.0,High income,High income,gender,women,account.t.d,0.152330073135543,Account ownership,Advanced benchmark
United Arab Emirates,ARE,2011,5710622.0,High income,High income,gender,men,account.t.d,0.68776231243201,Account ownership,Supplementary benchmark
United Arab Emirates,ARE,2011,5710622.0,High income,High income,gender,women,account.t.d,0.472084354869167,Account ownership,Supplementary benchmark
Algeria,DZA,2014,27628433.0,Middle East & North Africa (excluding high income),Lower middle income,gender,men,account.t.d,0.609090821531733,Account ownership,Peer market
Algeria,DZA,2014,27628433.0,Middle East & North Africa (excluding high income),Lower middle income,gender,women,account.t.d,0.400709673603606,Account ownership,Peer market
Egypt,EGY,2014,63009609.0,Middle East & North Africa (excluding high income),Lower middle income,gender,men,account.t.d,0.187618635500507,Account ownership,Main market
Egypt,EGY,2014,63009609.0,Middle East & North Africa (excluding high income),Lower middle income,gender,women,account.t.d,0.0930748469442183,Account ownership,Main market
Jordan,JOR,2014,5205320.0,Middle East & North Africa (excluding high income),Upper middle income,gender,men,account.t.d,0.333144947537588,Account ownership,Peer market
Jordan,JOR,2014,5205320.0,Middle East & North Africa (excluding high income),Upper middle income,gender,women,account.t.d,0.155295070867674,Account ownership,Peer market
Saudi Arabia,SAU,2014,20496432.0,High income,High income,gender,men,account.t.d,0.753258805251461,Account ownership,Advanced benchmark
Saudi Arabia,SAU,2014,20496432.0,High income,High income,gender,women,account.t.d,0.611496126076582,Account ownership,Advanced benchmark
Tunisia,TUN,2014,8426960.0,Middle East & North Africa (excluding high income),Lower middle income,gender,men,account.t.d,0.342493346890334,Account ownership,Peer market
Tunisia,TUN,2014,8426960.0,Middle East & North Africa (excluding high income),Lower middle income,gender,women,account.t.d,0.207014709907983,Account ownership,Peer market
United Arab Emirates,ARE,2014,6398423.0,High income,High income,gender,men,account.t.d,0.899819822630497,Account ownership,Supplementary benchmark
United Arab Emirates,ARE,2014,6398423.0,High income,High income,gender,women,account.t.d,0.676806200532205,Account ownership,Supplementary benchmark
Algeria,DZA,2017,28799702.0,Middle East & North Africa (excluding high income),Lower middle income,gender,men,account.t.d,0.562549369803644,Account ownership,Peer market
Algeria,DZA,2017,28799702.0,Middle East & North Africa (excluding high income),Lower middle income,gender,women,account.t.d,0.292687291611843,Account ownership,Peer market
Egypt,EGY,2017,66961302.0,Middle East & North Africa (excluding high income),Lower middle income,gender,men,account.t.d,0.38653475362692,Account ownership,Main market
Egypt,EGY,2017,66961302.0,Middle East & North Africa (excluding high income),Lower middle income,gender,women,account.t.d,0.269944190972304,Account ownership,Main market
Jordan,JOR,2017,6558247.0,Middle East & North Africa (excluding high income),Upper middle income,gender,men,account.t.d,0.562812776280982,Account ownership,Peer market
Jordan,JOR,2017,6558247.0,Middle East & North Africa (excluding high income),Upper middle income,gender,women,account.t.d,0.266133895846271,Account ownership,Peer market
Morocco,MAR,2017,24894226.0,Middle East & North Africa (excluding high income),Lower middle income,gender,men,account.t.d,0.414695552023801,Account ownership,Peer market
Morocco,MAR,2017,24894226.0,Middle East & North Africa (excluding high income),Lower middle income,gender,women,account.t.d,0.168064461550373,Account ownership,Peer market
Saudi Arabia,SAU,2017,23241801.0,High income,High income,gender,men,account.t.d,0.805369827487457,Account ownership,Advanced benchmark
Saudi Arabia,SAU,2017,23241801.0,High income,High income,gender,women,account.t.d,0.58170104952489,Account ownership,Advanced benchmark
Tunisia,TUN,2017,8662597.0,Middle East & North Africa (excluding high income),Lower middle income,gender,men,account.t.d,0.457311275395814,Account ownership,Peer market
Tunisia,TUN,2017,8662597.0,Middle East & North Africa (excluding high income),Lower middle income,gender,women,account.t.d,0.283634358024227,Account ownership,Peer market
United Arab Emirates,ARE,2017,7433015.0,High income,High income,gender,men,account.t.d,0.926721593753115,Account ownership,Supplementary benchmark
United Arab Emirates,ARE,2017,7433015.0,High income,High income,gender,women,account.t.d,0.764167186193151,Account ownership,Supplementary benchmark
Algeria,DZA,2021,30458426.0,Middle East & North Africa (excluding high income),Lower middle income,gender,men,account.t.d,0.568304332635687,Account ownership,Peer market
Algeria,DZA,2021,30458426.0,Middle East & North Africa (excluding high income),Lower middle income,gender,women,account.t.d,0.311915131938875,Account ownership,Peer market
Egypt,EGY,2021,72722825.0,Middle East & North Africa (excluding high income),Lower middle income,gender,men,account.t.d,0.305711210140941,Account ownership,Main market
Egypt,EGY,2021,72722825.0,Middle East & North Africa (excluding high income),Lower middle income,gender,women,account.t.d,0.241973567007988,Account ownership,Main market
Jordan,JOR,2021,7296924.0,Middle East & North Africa (excluding high income),Upper middle income,gender,men,account.t.d,0.586009095552294,Account ownership,Peer market
Jordan,JOR,2021,7296924.0,Middle East & North Africa (excluding high income),Upper middle income,gender,women,account.t.d,0.340620291622273,Account ownership,Peer market
Morocco,MAR,2021,26706787.0,Middle East & North Africa (excluding high income),Lower middle income,gender,men,account.t.d,0.559659124959695,Account ownership,Peer market
Morocco,MAR,2021,26706787.0,Middle East & North Africa (excluding high income),Lower middle income,gender,women,account.t.d,0.327023454022166,Account ownership,Peer market
Saudi Arabia,SAU,2021,23509479.0,High income,High income,gender,men,account.t.d,0.816740905405486,Account ownership,Advanced benchmark
Saudi Arabia,SAU,2021,23509479.0,High income,High income,gender,women,account.t.d,0.634868326016391,Account ownership,Advanced benchmark
Tunisia,TUN,2021,8970562.0,Middle East & North Africa (excluding high income),Lower middle income,gender,men,account.t.d,0.451395341580702,Account ownership,Peer market
Tunisia,TUN,2021,8970562.0,Middle East & North Africa (excluding high income),Lower middle income,gender,women,account.t.d,0.287473240351555,Account ownership,Peer market
United Arab Emirates,ARE,2021,7842387.0,High income,High income,gender,men,account.t.d,0.853945542078018,Account ownership,Supplementary benchmark
United Arab Emirates,ARE,2021,7842387.0,High income,High income,gender,women,account.t.d,0.866829485997078,Account ownership,Supplementary benchmark
Algeria,DZA,2024,32019804.0,Middle East & North Africa (excluding high income),Lower middle income,gender,men,account.t.d,0.518629151446207,Account ownership,Peer market
Algeria,DZA,2024,32019804.0,Middle East & North Africa (excluding high income),Lower middle income,gender,women,account.t.d,0.180709885603285,Account ownership,Peer market
Egypt,EGY,2024,77385958.0,Middle East & North Africa (excluding high income),Lower middle income,gender,men,account.t.d,0.459509692862618,Account ownership,Main market
Egypt,EGY,2024,77385958.0,Middle East & North Africa (excluding high income),Lower middle income,gender,women,account.t.d,0.402142182329493,Account ownership,Main market
Jordan,JOR,2024,7867178.0,Middle East & North Africa (excluding high income),Upper middle income,gender,men,account.t.d,0.559196759817473,Account ownership,Peer market
Jordan,JOR,2024,7867178.0,Middle East & North Africa (excluding high income),Upper middle income,gender,women,account.t.d,0.362234645848992,Account ownership,Peer market
Morocco,MAR,2024,27893979.0,Middle East & North Africa (excluding high income),Lower middle income,gender,men,account.t.d,0.546311625939388,Account ownership,Peer market
Morocco,MAR,2024,27893979.0,Middle East & North Africa (excluding high income),Lower middle income,gender,women,account.t.d,0.346828902547469,Account ownership,Peer market
Saudi Arabia,SAU,2024,25248449.0,High income,High income,gender,men,account.t.d,0.818127654266595,Account ownership,Advanced benchmark
Saudi Arabia,SAU,2024,25248449.0,High income,High income,gender,women,account.t.d,0.73461901464919,Account ownership,Advanced benchmark
Tunisia,TUN,2024,9219268.0,Middle East & North Africa (excluding high income),Lower middle income,gender,men,account.t.d,0.495665996567354,Account ownership,Peer market
Tunisia,TUN,2024,9219268.0,Middle East & North Africa (excluding high income),Lower middle income,gender,women,account.t.d,0.266074987294777,Account ownership,Peer market
United Arab Emirates,ARE,2024,8770817.0,High income,High income,gender,men,account.t.d,0.810006066565191,Account ownership,Supplementary benchmark
United Arab Emirates,ARE,2024,8770817.0,High income,High income,gender,women,account.t.d,0.513575884461541,Account ownership,Supplementary benchmark
Algeria,DZA,2011,26251587.0,Middle East & North Africa (excluding high income),Lower middle income,income,richest 60%,account.t.d,0.40501799089848,Account ownership,Peer market
Algeria,DZA,2011,26251587.0,Middle East & North Africa (excluding high income),Lower middle income,income,poorest 40%,account.t.d,0.230946035766989,Account ownership,Peer market
Jordan,JOR,2011,4670454.0,Middle East & North Africa (excluding high income),Upper middle income,income,richest 60%,account.t.d,0.330713782075706,Account ownership,Peer market
Jordan,JOR,2011,4670454.0,Middle East & North Africa (excluding high income),Upper middle income,income,poorest 40%,account.t.d,0.130546131425587,Account ownership,Peer market
Saudi Arabia,SAU,2011,17354530.0,High income,High income,income,richest 60%,account.t.d,0.548992396169467,Account ownership,Advanced benchmark
Saudi Arabia,SAU,2011,17354530.0,High income,High income,income,poorest 40%,account.t.d,0.327748606226054,Account ownership,Advanced benchmark
United Arab Emirates,ARE,2011,5710622.0,High income,High income,income,richest 60%,account.t.d,0.645114079801475,Account ownership,Supplementary benchmark
United Arab Emirates,ARE,2011,5710622.0,High income,High income,income,poorest 40%,account.t.d,0.528977265477766,Account ownership,Supplementary benchmark
Algeria,DZA,2014,27628433.0,Middle East & North Africa (excluding high income),Lower middle income,income,richest 60%,account.t.d,0.594636331682883,Account ownership,Peer market
Algeria,DZA,2014,27628433.0,Middle East & North Africa (excluding high income),Lower middle income,income,poorest 40%,account.t.d,0.369710709130652,Account ownership,Peer market
Egypt,EGY,2014,63009609.0,Middle East & North Africa (excluding high income),Lower middle income,income,richest 60%,account.t.d,0.198864158362697,Account ownership,Main market
Egypt,EGY,2014,63009609.0,Middle East & North Africa (excluding high income),Lower middle income,income,poorest 40%,account.t.d,0.0545778617891899,Account ownership,Main market
Jordan,JOR,2014,5205320.0,Middle East & North Africa (excluding high income),Upper middle income,income,richest 60%,account.t.d,0.301150301375119,Account ownership,Peer market
Jordan,JOR,2014,5205320.0,Middle East & North Africa (excluding high income),Upper middle income,income,poorest 40%,account.t.d,0.163352547227297,Account ownership,Peer market
Saudi Arabia,SAU,2014,20496432.0,High income,High income,income,richest 60%,account.t.d,0.728726268745886,Account ownership,Advanced benchmark
Saudi Arabia,SAU,2014,20496432.0,High income,High income,income,poorest 40%,account.t.d,0.648242607727126,Account ownership,Advanced benchmark
Tunisia,TUN,2014,8426960.0,Middle East & North Africa (excluding high income),Lower middle income,income,richest 60%,account.t.d,0.358140606523751,Account ownership,Peer market
Tunisia,TUN,2014,8426960.0,Middle East & North Africa (excluding high income),Lower middle income,income,poorest 40%,account.t.d,0.14808105167622,Account ownership,Peer market
United Arab Emirates,ARE,2014,6398423.0,High income,High income,income,richest 60%,account.t.d,0.880168623717872,Account ownership,Supplementary benchmark
United Arab Emirates,ARE,2014,6398423.0,High income,High income,income,poorest 40%,account.t.d,0.776929587365218,Account ownership,Supplementary benchmark
Algeria,DZA,2017,28799702.0,Middle East & North Africa (excluding high income),Lower middle income,income,richest 60%,account.t.d,0.479671412860528,Account ownership,Peer market
Algeria,DZA,2017,28799702.0,Middle East & North Africa (excluding high income),Lower middle income,income,poorest 40%,account.t.d,0.349708014726942,Account ownership,Peer market
Egypt,EGY,2017,66961302.0,Middle East & North Africa (excluding high income),Lower middle income,income,richest 60%,account.t.d,0.410735889934739,Account ownership,Main market
Egypt,EGY,2017,66961302.0,Middle East & North Africa (excluding high income),Lower middle income,income,poorest 40%,account.t.d,0.203202254085518,Account ownership,Main market
Jordan,JOR,2017,6558247.0,Middle East & North Africa (excluding high income),Upper middle income,income,richest 60%,account.t.d,0.488850776943402,Account ownership,Peer market
Jordan,JOR,2017,6558247.0,Middle East & North Africa (excluding high income),Upper middle income,income,poorest 40%,account.t.d,0.328801993185689,Account ownership,Peer market
Morocco,MAR,2017,24894226.0,Middle East & North Africa (excluding high income),Lower middle income,income,richest 60%,account.t.d,0.348715112303124,Account ownership,Peer market
Morocco,MAR,2017,24894226.0,Middle East & North Africa (excluding high income),Lower middle income,income,poorest 40%,account.t.d,0.192921555896343,Account ownership,Peer market
Saudi Arabia,SAU,2017,23241801.0,High income,High income,income,richest 60%,account.t.d,0.764431369774404,Account ownership,Advanced benchmark
Saudi Arabia,SAU,2017,23241801.0,High income,High income,income,poorest 40%,account.t.d,0.64563701134651,Account ownership,Advanced benchmark
Tunisia,TUN,2017,8662597.0,Middle East & North Africa (excluding high income),Lower middle income,income,richest 60%,account.t.d,0.474532679871151,Account ownership,Peer market
Tunisia,TUN,2017,8662597.0,Middle East & North Africa (excluding high income),Lower middle income,income,poorest 40%,account.t.d,0.210496481993204,Account ownership,Peer market
United Arab Emirates,ARE,2017,7433015.0,High income,High income,income,richest 60%,account.t.d,0.916795236999613,Account ownership,Supplementary benchmark
United Arab Emirates,ARE,2017,7433015.0,High income,High income,income,poorest 40%,account.t.d,0.829903703612701,Account ownership,Supplementary benchmark
Algeria,DZA,2021,30458426.0,Middle East & North Africa (excluding high income),Lower middle income,income,richest 60%,account.t.d,0.521719094646018,Account ownership,Peer market
Algeria,DZA,2021,30458426.0,Middle East & North Africa (excluding high income),Lower middle income,income,poorest 40%,account.t.d,0.319058848139226,Account ownership,Peer market
Egypt,EGY,2021,72722825.0,Middle East & North Africa (excluding high income),Lower middle income,income,richest 60%,account.t.d,0.323904891545339,Account ownership,Main market
Egypt,EGY,2021,72722825.0,Middle East & North Africa (excluding high income),Lower middle income,income,poorest 40%,account.t.d,0.199988254520182,Account ownership,Main market
Jordan,JOR,2021,7296924.0,Middle East & North Africa (excluding high income),Upper middle income,income,richest 60%,account.t.d,0.53851386396777,Account ownership,Peer market
Jordan,JOR,2021,7296924.0,Middle East & North Africa (excluding high income),Upper middle income,income,poorest 40%,account.t.d,0.370123856483054,Account ownership,Peer market
Morocco,MAR,2021,26706787.0,Middle East & North Africa (excluding high income),Lower middle income,income,richest 60%,account.t.d,0.513404859281781,Account ownership,Peer market
Morocco,MAR,2021,26706787.0,Middle East & North Africa (excluding high income),Lower middle income,income,poorest 40%,account.t.d,0.33932914882804,Account ownership,Peer market
Saudi Arabia,SAU,2021,23509479.0,High income,High income,income,richest 60%,account.t.d,0.794305340523069,Account ownership,Advanced benchmark
Saudi Arabia,SAU,2021,23509479.0,High income,High income,income,poorest 40%,account.t.d,0.666106333256267,Account ownership,Advanced benchmark
Tunisia,TUN,2021,8970562.0,Middle East & North Africa (excluding high income),Lower middle income,income,richest 60%,account.t.d,0.400714067063788,Account ownership,Peer market
Tunisia,TUN,2021,8970562.0,Middle East & North Africa (excluding high income),Lower middle income,income,poorest 40%,account.t.d,0.320202962674491,Account ownership,Peer market
United Arab Emirates,ARE,2021,7842387.0,High income,High income,income,richest 60%,account.t.d,0.872747567544942,Account ownership,Supplementary benchmark
United Arab Emirates,ARE,2021,7842387.0,High income,High income,income,poorest 40%,account.t.d,0.833963852937825,Account ownership,Supplementary benchmark
Algeria,DZA,2024,32019804.0,Middle East & North Africa (excluding high income),Lower middle income,income,richest 60%,account.t.d,0.379769930072596,Account ownership,Peer market
Algeria,DZA,2024,32019804.0,Middle East & North Africa (excluding high income),Lower middle income,income,poorest 40%,account.t.d,0.31248963734877,Account ownership,Peer market
Egypt,EGY,2024,77385958.0,Middle East & North Africa (excluding high income),Lower middle income,income,richest 60%,account.t.d,0.497821903737145,Account ownership,Main market
Egypt,EGY,2024,77385958.0,Middle East & North Africa (excluding high income),Lower middle income,income,poorest 40%,account.t.d,0.33080949427223,Account ownership,Main market
Jordan,JOR,2024,7867178.0,Middle East & North Africa (excluding high income),Upper middle income,income,richest 60%,account.t.d,0.536178921345115,Account ownership,Peer market
Jordan,JOR,2024,7867178.0,Middle East & North Africa (excluding high income),Upper middle income,income,poorest 40%,account.t.d,0.357152731126413,Account ownership,Peer market
Morocco,MAR,2024,27893979.0,Middle East & North Africa (excluding high income),Lower middle income,income,richest 60%,account.t.d,0.464830016125998,Account ownership,Peer market
Morocco,MAR,2024,27893979.0,Middle East & North Africa (excluding high income),Lower middle income,income,poorest 40%,account.t.d,0.412388909006007,Account ownership,Peer market
Saudi Arabia,SAU,2024,25248449.0,High income,High income,income,richest 60%,account.t.d,0.816639368017645,Account ownership,Advanced benchmark
Saudi Arabia,SAU,2024,25248449.0,High income,High income,income,poorest 40%,account.t.d,0.746153434071134,Account ownership,Advanced benchmark
Tunisia,TUN,2024,9219268.0,Middle East & North Africa (excluding high income),Lower middle income,income,richest 60%,account.t.d,0.486150220019225,Account ownership,Peer market
Tunisia,TUN,2024,9219268.0,Middle East & North Africa (excluding high income),Lower middle income,income,poorest 40%,account.t.d,0.216558127729451,Account ownership,Peer market
United Arab Emirates,ARE,2024,8770817.0,High income,High income,income,richest 60%,account.t.d,0.746878413186243,Account ownership,Supplementary benchmark
United Arab Emirates,ARE,2024,8770817.0,High income,High income,income,poorest 40%,account.t.d,0.707274593480931,Account ownership,Supplementary benchmark
Algeria,DZA,2011,26251587.0,Middle East & North Africa (excluding high income),Lower middle income,age_cat,age 25+,account.t.d,0.398755571608214,Account ownership,Peer market
Algeria,DZA,2011,26251587.0,Middle East & North Africa (excluding high income),Lower middle income,age_cat,ages 15-24,account.t.d,0.202971324873696,Account ownership,Peer market
Jordan,JOR,2011,4670454.0,Middle East & North Africa (excluding high income),Upper middle income,age_cat,age 25+,account.t.d,0.348447194938657,Account ownership,Peer market
Jordan,JOR,2011,4670454.0,Middle East & North Africa (excluding high income),Upper middle income,age_cat,ages 15-24,account.t.d,0.114777111706986,Account ownership,Peer market
Saudi Arabia,SAU,2011,17354530.0,High income,High income,age_cat,age 25+,account.t.d,0.568276433532766,Account ownership,Advanced benchmark
Saudi Arabia,SAU,2011,17354530.0,High income,High income,age_cat,ages 15-24,account.t.d,0.266778753784091,Account ownership,Advanced benchmark
United Arab Emirates,ARE,2011,5710622.0,High income,High income,age_cat,age 25+,account.t.d,0.732746809916255,Account ownership,Supplementary benchmark
United Arab Emirates,ARE,2011,5710622.0,High income,High income,age_cat,ages 15-24,account.t.d,0.26319549289259,Account ownership,Supplementary benchmark
Algeria,DZA,2014,27628433.0,Middle East & North Africa (excluding high income),Lower middle income,age_cat,age 25+,account.t.d,0.574825566130256,Account ownership,Peer market
Algeria,DZA,2014,27628433.0,Middle East & North Africa (excluding high income),Lower middle income,age_cat,ages 15-24,account.t.d,0.384515585021223,Account ownership,Peer market
Egypt,EGY,2014,63009609.0,Middle East & North Africa (excluding high income),Lower middle income,age_cat,age 25+,account.t.d,0.174208636384443,Account ownership,Main market
Egypt,EGY,2014,63009609.0,Middle East & North Africa (excluding high income),Lower middle income,age_cat,ages 15-24,account.t.d,0.0730736049363641,Account ownership,Main market
Jordan,JOR,2014,5205320.0,Middle East & North Africa (excluding high income),Upper middle income,age_cat,age 25+,account.t.d,0.31845900702131,Account ownership,Peer market
Jordan,JOR,2014,5205320.0,Middle East & North Africa (excluding high income),Upper middle income,age_cat,ages 15-24,account.t.d,0.124092004930098,Account ownership,Peer market
Saudi Arabia,SAU,2014,20496432.0,High income,High income,age_cat,age 25+,account.t.d,0.708916152184033,Account ownership,Advanced benchmark
Saudi Arabia,SAU,2014,20496432.0,High income,High income,age_cat,ages 15-24,account.t.d,0.645375242455736,Account ownership,Advanced benchmark
Tunisia,TUN,2014,8426960.0,Middle East & North Africa (excluding high income),Lower middle income,age_cat,age 25+,account.t.d,0.304182866902472,Account ownership,Peer market
Tunisia,TUN,2014,8426960.0,Middle East & North Africa (excluding high income),Lower middle income,age_cat,ages 15-24,account.t.d,0.187671340848818,Account ownership,Peer market
United Arab Emirates,ARE,2014,6398423.0,High income,High income,age_cat,age 25+,account.t.d,0.884041523119258,Account ownership,Supplementary benchmark
United Arab Emirates,ARE,2014,6398423.0,High income,High income,age_cat,ages 15-24,account.t.d,0.667392514508185,Account ownership,Supplementary benchmark
Algeria,DZA,2017,28799702.0,Middle East & North Africa (excluding high income),Lower middle income,age_cat,age 25+,account.t.d,0.487470776948191,Account ownership,Peer market
Algeria,DZA,2017,28799702.0,Middle East & North Africa (excluding high income),Lower middle income,age_cat,ages 15-24,account.t.d,0.285835978222623,Account ownership,Peer market
Egypt,EGY,2017,66961302.0,Middle East & North Africa (excluding high income),Lower middle income,age_cat,age 25+,account.t.d,0.396604143097489,Account ownership,Main market
Egypt,EGY,2017,66961302.0,Middle East & North Africa (excluding high income),Lower middle income,age_cat,ages 15-24,account.t.d,0.140479375637552,Account ownership,Main market
Jordan,JOR,2017,6558247.0,Middle East & North Africa (excluding high income),Upper middle income,age_cat,age 25+,account.t.d,0.513093495558169,Account ownership,Peer market
Jordan,JOR,2017,6558247.0,Middle East & North Africa (excluding high income),Upper middle income,age_cat,ages 15-24,account.t.d,0.252113145093571,Account ownership,Peer market
Morocco,MAR,2017,24894226.0,Middle East & North Africa (excluding high income),Lower middle income,age_cat,age 25+,account.t.d,0.327283541051576,Account ownership,Peer market
Morocco,MAR,2017,24894226.0,Middle East & North Africa (excluding high income),Lower middle income,age_cat,ages 15-24,account.t.d,0.157270852898486,Account ownership,Peer market
Saudi Arabia,SAU,2017,23241801.0,High income,High income,age_cat,age 25+,account.t.d,0.760052639015842,Account ownership,Advanced benchmark
Saudi Arabia,SAU,2017,23241801.0,High income,High income,age_cat,ages 15-24,account.t.d,0.544192051241972,Account ownership,Advanced benchmark
Tunisia,TUN,2017,8662597.0,Middle East & North Africa (excluding high income),Lower middle income,age_cat,age 25+,account.t.d,0.400200470951784,Account ownership,Peer market
Tunisia,TUN,2017,8662597.0,Middle East & North Africa (excluding high income),Lower middle income,age_cat,ages 15-24,account.t.d,0.233242041917553,Account ownership,Peer market
United Arab Emirates,ARE,2017,7433015.0,High income,High income,age_cat,age 25+,account.t.d,0.907353321354226,Account ownership,Supplementary benchmark
United Arab Emirates,ARE,2017,7433015.0,High income,High income,age_cat,ages 15-24,account.t.d,0.602096192604377,Account ownership,Supplementary benchmark
Algeria,DZA,2021,30458426.0,Middle East & North Africa (excluding high income),Lower middle income,age_cat,age 25+,account.t.d,0.514889150138789,Account ownership,Peer market
Algeria,DZA,2021,30458426.0,Middle East & North Africa (excluding high income),Lower middle income,age_cat,ages 15-24,account.t.d,0.267237576514328,Account ownership,Peer market
Egypt,EGY,2021,72722825.0,Middle East & North Africa (excluding high income),Lower middle income,age_cat,age 25+,account.t.d,0.337872694164269,Account ownership,Main market
Egypt,EGY,2021,72722825.0,Middle East & North Africa (excluding high income),Lower middle income,age_cat,ages 15-24,account.t.d,0.0973741687265546,Account ownership,Main market
Jordan,JOR,2021,7296924.0,Middle East & North Africa (excluding high income),Upper middle income,age_cat,age 25+,account.t.d,0.532068896643948,Account ownership,Peer market
Jordan,JOR,2021,7296924.0,Middle East & North Africa (excluding high income),Upper middle income,age_cat,ages 15-24,account.t.d,0.286884423067671,Account ownership,Peer market
Morocco,MAR,2021,26706787.0,Middle East & North Africa (excluding high income),Lower middle income,age_cat,age 25+,account.t.d,0.473234729472657,Account ownership,Peer market
Morocco,MAR,2021,26706787.0,Middle East & North Africa (excluding high income),Lower middle income,age_cat,ages 15-24,account.t.d,0.35896599520017,Account ownership,Peer market
Saudi Arabia,SAU,2021,23509479.0,High income,High income,age_cat,age 25+,account.t.d,0.753040673314602,Account ownership,Advanced benchmark
Saudi Arabia,SAU,2021,23509479.0,High income,High income,age_cat,ages 15-24,account.t.d,0.705175566329956,Account ownership,Advanced benchmark
Tunisia,TUN,2021,8970562.0,Middle East & North Africa (excluding high income),Lower middle income,age_cat,age 25+,account.t.d,0.399747756392746,Account ownership,Peer market
Tunisia,TUN,2021,8970562.0,Middle East & North Africa (excluding high income),Lower middle income,age_cat,ages 15-24,account.t.d,0.243423961492063,Account ownership,Peer market
United Arab Emirates,ARE,2021,7842387.0,High income,High income,age_cat,age 25+,account.t.d,0.871586652498761,Account ownership,Supplementary benchmark
United Arab Emirates,ARE,2021,7842387.0,High income,High income,age_cat,ages 15-24,account.t.d,0.794338574142122,Account ownership,Supplementary benchmark
Algeria,DZA,2024,32019804.0,Middle East & North Africa (excluding high income),Lower middle income,age_cat,age 25+,account.t.d,0.409394574215698,Account ownership,Peer market
Algeria,DZA,2024,32019804.0,Middle East & North Africa (excluding high income),Lower middle income,age_cat,ages 15-24,account.t.d,0.185253329498679,Account ownership,Peer market
Egypt,EGY,2024,77385958.0,Middle East & North Africa (excluding high income),Lower middle income,age_cat,age 25+,account.t.d,0.470131693568487,Account ownership,Main market
Egypt,EGY,2024,77385958.0,Middle East & North Africa (excluding high income),Lower middle income,age_cat,ages 15-24,account.t.d,0.325398576308392,Account ownership,Main market
Jordan,JOR,2024,7867178.0,Middle East & North Africa (excluding high income),Upper middle income,age_cat,age 25+,account.t.d,0.55317801660492,Account ownership,Peer market
Jordan,JOR,2024,7867178.0,Middle East & North Africa (excluding high income),Upper middle income,age_cat,ages 15-24,account.t.d,0.292483474339461,Account ownership,Peer market
Morocco,MAR,2024,27893979.0,Middle East & North Africa (excluding high income),Lower middle income,age_cat,age 25+,account.t.d,0.490369063566401,Account ownership,Peer market
Morocco,MAR,2024,27893979.0,Middle East & North Africa (excluding high income),Lower middle income,age_cat,ages 15-24,account.t.d,0.302073749271661,Account ownership,Peer market
Saudi Arabia,SAU,2024,25248449.0,High income,High income,age_cat,age 25+,account.t.d,0.823060142042717,Account ownership,Advanced benchmark
Saudi Arabia,SAU,2024,25248449.0,High income,High income,age_cat,ages 15-24,account.t.d,0.648997344303063,Account ownership,Advanced benchmark
Tunisia,TUN,2024,9219268.0,Middle East & North Africa (excluding high income),Lower middle income,age_cat,age 25+,account.t.d,0.454756634966955,Account ownership,Peer market
Tunisia,TUN,2024,9219268.0,Middle East & North Africa (excluding high income),Lower middle income,age_cat,ages 15-24,account.t.d,0.116592580347266,Account ownership,Peer market
United Arab Emirates,ARE,2024,8770817.0,High income,High income,age_cat,age 25+,account.t.d,0.743971742050389,Account ownership,Supplementary benchmark
United Arab Emirates,ARE,2024,8770817.0,High income,High income,age_cat,ages 15-24,account.t.d,0.673294555656466,Account ownership,Supplementary benchmark
Algeria,DZA,2024,32019804.0,Middle East & North Africa (excluding high income),Lower middle income,urbanicity,rural,account.t.d,0.230449469622857,Account ownership,Peer market
Algeria,DZA,2024,32019804.0,Middle East & North Africa (excluding high income),Lower middle income,urbanicity,urban,account.t.d,0.401667332879768,Account ownership,Peer market
Egypt,EGY,2024,77385958.0,Middle East & North Africa (excluding high income),Lower middle income,urbanicity,rural,account.t.d,0.392926546871256,Account ownership,Main market
Egypt,EGY,2024,77385958.0,Middle East & North Africa (excluding high income),Lower middle income,urbanicity,urban,account.t.d,0.452961043055506,Account ownership,Main market
Jordan,JOR,2024,7867178.0,Middle East & North Africa (excluding high income),Upper middle income,urbanicity,rural,account.t.d,0.467753787636713,Account ownership,Peer market
Jordan,JOR,2024,7867178.0,Middle East & North Africa (excluding high income),Upper middle income,urbanicity,urban,account.t.d,0.463169457316562,Account ownership,Peer market
Morocco,MAR,2024,27893979.0,Middle East & North Africa (excluding high income),Lower middle income,urbanicity,rural,account.t.d,0.399404038274763,Account ownership,Peer market
Morocco,MAR,2024,27893979.0,Middle East & North Africa (excluding high income),Lower middle income,urbanicity,urban,account.t.d,0.481078871700752,Account ownership,Peer market
Saudi Arabia,SAU,2024,25248449.0,High income,High income,urbanicity,rural,account.t.d,0.767604121125758,Account ownership,Advanced benchmark
Saudi Arabia,SAU,2024,25248449.0,High income,High income,urbanicity,urban,account.t.d,0.790898797502124,Account ownership,Advanced benchmark
Tunisia,TUN,2024,9219268.0,Middle East & North Africa (excluding high income),Lower middle income,urbanicity,rural,account.t.d,0.30185180502036,Account ownership,Peer market
Tunisia,TUN,2024,9219268.0,Middle East & North Africa (excluding high income),Lower middle income,urbanicity,urban,account.t.d,0.46737182054283,Account ownership,Peer market
United Arab Emirates,ARE,2024,8770817.0,High income,High income,urbanicity,rural,account.t.d,0.784655417900957,Account ownership,Supplementary benchmark
United Arab Emirates,ARE,2024,8770817.0,High income,High income,urbanicity,urban,account.t.d,0.725247775953124,Account ownership,Supplementary benchmark
Algeria,DZA,2011,26251587.0,Middle East & North Africa (excluding high income),Lower middle income,laborforce,out of laborforce,account.t.d,0.160406881312253,Account ownership,Peer market
Algeria,DZA,2011,26251587.0,Middle East & North Africa (excluding high income),Lower middle income,laborforce,in laborforce,account.t.d,0.651311819828417,Account ownership,Peer market
Jordan,JOR,2011,4670454.0,Middle East & North Africa (excluding high income),Upper middle income,laborforce,out of laborforce,account.t.d,0.142445803941429,Account ownership,Peer market
Jordan,JOR,2011,4670454.0,Middle East & North Africa (excluding high income),Upper middle income,laborforce,in laborforce,account.t.d,0.498649984373063,Account ownership,Peer market
Saudi Arabia,SAU,2011,17354530.0,High income,High income,laborforce,out of laborforce,account.t.d,0.135631198951406,Account ownership,Advanced benchmark
Saudi Arabia,SAU,2011,17354530.0,High income,High income,laborforce,in laborforce,account.t.d,0.851041435591123,Account ownership,Advanced benchmark
United Arab Emirates,ARE,2011,5710622.0,High income,High income,laborforce,out of laborforce,account.t.d,0.217207249511411,Account ownership,Supplementary benchmark
United Arab Emirates,ARE,2011,5710622.0,High income,High income,laborforce,in laborforce,account.t.d,0.944341655275322,Account ownership,Supplementary benchmark
Algeria,DZA,2014,27628433.0,Middle East & North Africa (excluding high income),Lower middle income,laborforce,out of laborforce,account.t.d,0.31751089360491,Account ownership,Peer market
Algeria,DZA,2014,27628433.0,Middle East & North Africa (excluding high income),Lower middle income,laborforce,in laborforce,account.t.d,0.804984138333213,Account ownership,Peer market
Egypt,EGY,2014,63009609.0,Middle East & North Africa (excluding high income),Lower middle income,laborforce,out of laborforce,account.t.d,0.082942181901565,Account ownership,Main market
Egypt,EGY,2014,63009609.0,Middle East & North Africa (excluding high income),Lower middle income,laborforce,in laborforce,account.t.d,0.237994906549254,Account ownership,Main market
Jordan,JOR,2014,5205320.0,Middle East & North Africa (excluding high income),Upper middle income,laborforce,out of laborforce,account.t.d,0.138909052563311,Account ownership,Peer market
Jordan,JOR,2014,5205320.0,Middle East & North Africa (excluding high income),Upper middle income,laborforce,in laborforce,account.t.d,0.484989267027899,Account ownership,Peer market
Saudi Arabia,SAU,2014,20496432.0,High income,High income,laborforce,out of laborforce,account.t.d,0.62243237865307,Account ownership,Advanced benchmark
Saudi Arabia,SAU,2014,20496432.0,High income,High income,laborforce,in laborforce,account.t.d,0.79456093976035,Account ownership,Advanced benchmark
Tunisia,TUN,2014,8426960.0,Middle East & North Africa (excluding high income),Lower middle income,laborforce,out of laborforce,account.t.d,0.197076696885341,Account ownership,Peer market
Tunisia,TUN,2014,8426960.0,Middle East & North Africa (excluding high income),Lower middle income,laborforce,in laborforce,account.t.d,0.399273102603087,Account ownership,Peer market
United Arab Emirates,ARE,2014,6398423.0,High income,High income,laborforce,out of laborforce,account.t.d,0.508535894987835,Account ownership,Supplementary benchmark
United Arab Emirates,ARE,2014,6398423.0,High income,High income,laborforce,in laborforce,account.t.d,0.935983890974129,Account ownership,Supplementary benchmark
Algeria,DZA,2017,28799702.0,Middle East & North Africa (excluding high income),Lower middle income,laborforce,out of laborforce,account.t.d,0.294173712570991,Account ownership,Peer market
Algeria,DZA,2017,28799702.0,Middle East & North Africa (excluding high income),Lower middle income,laborforce,in laborforce,account.t.d,0.637198308362382,Account ownership,Peer market
Egypt,EGY,2017,66961302.0,Middle East & North Africa (excluding high income),Lower middle income,laborforce,out of laborforce,account.t.d,0.277252085790082,Account ownership,Main market
Egypt,EGY,2017,66961302.0,Middle East & North Africa (excluding high income),Lower middle income,laborforce,in laborforce,account.t.d,0.403670292054914,Account ownership,Main market
Jordan,JOR,2017,6558247.0,Middle East & North Africa (excluding high income),Upper middle income,laborforce,out of laborforce,account.t.d,0.320556204692831,Account ownership,Peer market
Jordan,JOR,2017,6558247.0,Middle East & North Africa (excluding high income),Upper middle income,laborforce,in laborforce,account.t.d,0.60450079178557,Account ownership,Peer market
Morocco,MAR,2017,24894226.0,Middle East & North Africa (excluding high income),Lower middle income,laborforce,out of laborforce,account.t.d,0.199821095681619,Account ownership,Peer market
Morocco,MAR,2017,24894226.0,Middle East & North Africa (excluding high income),Lower middle income,laborforce,in laborforce,account.t.d,0.456411076664838,Account ownership,Peer market
Saudi Arabia,SAU,2017,23241801.0,High income,High income,laborforce,out of laborforce,account.t.d,0.532365718027536,Account ownership,Advanced benchmark
Saudi Arabia,SAU,2017,23241801.0,High income,High income,laborforce,in laborforce,account.t.d,0.828610813317868,Account ownership,Advanced benchmark
Tunisia,TUN,2017,8662597.0,Middle East & North Africa (excluding high income),Lower middle income,laborforce,out of laborforce,account.t.d,0.206170231210023,Account ownership,Peer market
Tunisia,TUN,2017,8662597.0,Middle East & North Africa (excluding high income),Lower middle income,laborforce,in laborforce,account.t.d,0.604874699187308,Account ownership,Peer market
United Arab Emirates,ARE,2017,7433015.0,High income,High income,laborforce,out of laborforce,account.t.d,0.556150208829884,Account ownership,Supplementary benchmark
United Arab Emirates,ARE,2017,7433015.0,High income,High income,laborforce,in laborforce,account.t.d,0.948826416163643,Account ownership,Supplementary benchmark
Algeria,DZA,2021,30458426.0,Middle East & North Africa (excluding high income),Lower middle income,laborforce,out of laborforce,account.t.d,0.281816017458385,Account ownership,Peer market
Algeria,DZA,2021,30458426.0,Middle East & North Africa (excluding high income),Lower middle income,laborforce,in laborforce,account.t.d,0.721376208983022,Account ownership,Peer market
Egypt,EGY,2021,72722825.0,Middle East & North Africa (excluding high income),Lower middle income,laborforce,out of laborforce,account.t.d,0.234875003689184,Account ownership,Main market
Egypt,EGY,2021,72722825.0,Middle East & North Africa (excluding high income),Lower middle income,laborforce,in laborforce,account.t.d,0.33756413638451,Account ownership,Main market
Jordan,JOR,2021,7296924.0,Middle East & North Africa (excluding high income),Upper middle income,laborforce,out of laborforce,account.t.d,0.385847411431599,Account ownership,Peer market
Jordan,JOR,2021,7296924.0,Middle East & North Africa (excluding high income),Upper middle income,laborforce,in laborforce,account.t.d,0.633580923705375,Account ownership,Peer market
Morocco,MAR,2021,26706787.0,Middle East & North Africa (excluding high income),Lower middle income,laborforce,out of laborforce,account.t.d,0.366299583277658,Account ownership,Peer market
Morocco,MAR,2021,26706787.0,Middle East & North Africa (excluding high income),Lower middle income,laborforce,in laborforce,account.t.d,0.571137399959859,Account ownership,Peer market
Saudi Arabia,SAU,2021,23509479.0,High income,High income,laborforce,out of laborforce,account.t.d,0.50985536154911,Account ownership,Advanced benchmark
Saudi Arabia,SAU,2021,23509479.0,High income,High income,laborforce,in laborforce,account.t.d,0.845312928006446,Account ownership,Advanced benchmark
Tunisia,TUN,2021,8970562.0,Middle East & North Africa (excluding high income),Lower middle income,laborforce,out of laborforce,account.t.d,0.29328520172161,Account ownership,Peer market
Tunisia,TUN,2021,8970562.0,Middle East & North Africa (excluding high income),Lower middle income,laborforce,in laborforce,account.t.d,0.466004621677912,Account ownership,Peer market
United Arab Emirates,ARE,2021,7842387.0,High income,High income,laborforce,out of laborforce,account.t.d,0.865464710748199,Account ownership,Supplementary benchmark
United Arab Emirates,ARE,2021,7842387.0,High income,High income,laborforce,in laborforce,account.t.d,0.853197011678302,Account ownership,Supplementary benchmark
Algeria,DZA,2024,32019804.0,Middle East & North Africa (excluding high income),Lower middle income,laborforce,out of laborforce,account.t.d,0.243707687081029,Account ownership,Peer market
Algeria,DZA,2024,32019804.0,Middle East & North Africa (excluding high income),Lower middle income,laborforce,in laborforce,account.t.d,0.526558354218391,Account ownership,Peer market
Egypt,EGY,2024,77385958.0,Middle East & North Africa (excluding high income),Lower middle income,laborforce,out of laborforce,account.t.d,0.410622665515462,Account ownership,Main market
Egypt,EGY,2024,77385958.0,Middle East & North Africa (excluding high income),Lower middle income,laborforce,in laborforce,account.t.d,0.45595463026228,Account ownership,Main market
Jordan,JOR,2024,7867178.0,Middle East & North Africa (excluding high income),Upper middle income,laborforce,out of laborforce,account.t.d,0.388876245197152,Account ownership,Peer market
Jordan,JOR,2024,7867178.0,Middle East & North Africa (excluding high income),Upper middle income,laborforce,in laborforce,account.t.d,0.644699370641604,Account ownership,Peer market
Morocco,MAR,2024,27893979.0,Middle East & North Africa (excluding high income),Lower middle income,laborforce,out of laborforce,account.t.d,0.372300263397021,Account ownership,Peer market
Morocco,MAR,2024,27893979.0,Middle East & North Africa (excluding high income),Lower middle income,laborforce,in laborforce,account.t.d,0.563517994784626,Account ownership,Peer market
Saudi Arabia,SAU,2024,25248449.0,High income,High income,laborforce,out of laborforce,account.t.d,0.681112010356556,Account ownership,Advanced benchmark
Saudi Arabia,SAU,2024,25248449.0,High income,High income,laborforce,in laborforce,account.t.d,0.834230732227069,Account ownership,Advanced benchmark
Tunisia,TUN,2024,9219268.0,Middle East & North Africa (excluding high income),Lower middle income,laborforce,out of laborforce,account.t.d,0.165722517354253,Account ownership,Peer market
Tunisia,TUN,2024,9219268.0,Middle East & North Africa (excluding high income),Lower middle income,laborforce,in laborforce,account.t.d,0.621232333379451,Account ownership,Peer market
United Arab Emirates,ARE,2024,8770817.0,High income,High income,laborforce,out of laborforce,account.t.d,0.529935942663806,Account ownership,Supplementary benchmark
United Arab Emirates,ARE,2024,8770817.0,High income,High income,laborforce,in laborforce,account.t.d,0.813504124244647,Account ownership,Supplementary benchmark
Algeria,DZA,2011,26251587.0,Middle East & North Africa (excluding high income),Lower middle income,education,secondary edu or more,account.t.d,0.402755191225796,Account ownership,Peer market
Algeria,DZA,2011,26251587.0,Middle East & North Africa (excluding high income),Lower middle income,education,prim edu or less,account.t.d,0.300699513096789,Account ownership,Peer market
Jordan,JOR,2011,4670454.0,Middle East & North Africa (excluding high income),Upper middle income,education,secondary edu or more,account.t.d,0.283628138862605,Account ownership,Peer market
Jordan,JOR,2011,4670454.0,Middle East & North Africa (excluding high income),Upper middle income,education,prim edu or less,account.t.d,0.159279098125802,Account ownership,Peer market
Saudi Arabia,SAU,2011,17354530.0,High income,High income,education,secondary edu or more,account.t.d,0.499340222854523,Account ownership,Advanced benchmark
Saudi Arabia,SAU,2011,17354530.0,High income,High income,education,prim edu or less,account.t.d,0.389706146059157,Account ownership,Advanced benchmark
United Arab Emirates,ARE,2011,5710622.0,High income,High income,education,secondary edu or more,account.t.d,0.613325678429414,Account ownership,Supplementary benchmark
United Arab Emirates,ARE,2011,5710622.0,High income,High income,education,prim edu or less,account.t.d,0.426088445704585,Account ownership,Supplementary benchmark
Algeria,DZA,2014,27628433.0,Middle East & North Africa (excluding high income),Lower middle income,education,secondary edu or more,account.t.d,0.553200495520321,Account ownership,Peer market
Algeria,DZA,2014,27628433.0,Middle East & North Africa (excluding high income),Lower middle income,education,prim edu or less,account.t.d,0.483506774330471,Account ownership,Peer market
Egypt,EGY,2014,63009609.0,Middle East & North Africa (excluding high income),Lower middle income,education,secondary edu or more,account.t.d,0.188578989716104,Account ownership,Main market
Egypt,EGY,2014,63009609.0,Middle East & North Africa (excluding high income),Lower middle income,education,prim edu or less,account.t.d,0.0839876356592942,Account ownership,Main market
Jordan,JOR,2014,5205320.0,Middle East & North Africa (excluding high income),Upper middle income,education,secondary edu or more,account.t.d,0.268702726154981,Account ownership,Peer market
Jordan,JOR,2014,5205320.0,Middle East & North Africa (excluding high income),Upper middle income,education,prim edu or less,account.t.d,0.182271739224297,Account ownership,Peer market
Saudi Arabia,SAU,2014,20496432.0,High income,High income,education,secondary edu or more,account.t.d,0.708687139245719,Account ownership,Advanced benchmark
Saudi Arabia,SAU,2014,20496432.0,High income,High income,education,prim edu or less,account.t.d,0.641621089555651,Account ownership,Advanced benchmark
Tunisia,TUN,2014,8426960.0,Middle East & North Africa (excluding high income),Lower middle income,education,secondary edu or more,account.t.d,0.33392567046442,Account ownership,Peer market
Tunisia,TUN,2014,8426960.0,Middle East & North Africa (excluding high income),Lower middle income,education,prim edu or less,account.t.d,0.225150497174267,Account ownership,Peer market
United Arab Emirates,ARE,2014,6398423.0,High income,High income,education,secondary edu or more,account.t.d,0.846491162766378,Account ownership,Supplementary benchmark
United Arab Emirates,ARE,2014,6398423.0,High income,High income,education,prim edu or less,account.t.d,0.644202155441849,Account ownership,Supplementary benchmark
Algeria,DZA,2017,28799702.0,Middle East & North Africa (excluding high income),Lower middle income,education,secondary edu or more,account.t.d,0.489593663050624,Account ownership,Peer market
Algeria,DZA,2017,28799702.0,Middle East & North Africa (excluding high income),Lower middle income,education,prim edu or less,account.t.d,0.389481583678863,Account ownership,Peer market
Egypt,EGY,2017,66961302.0,Middle East & North Africa (excluding high income),Lower middle income,education,secondary edu or more,account.t.d,0.333984991122631,Account ownership,Main market
Egypt,EGY,2017,66961302.0,Middle East & North Africa (excluding high income),Lower middle income,education,prim edu or less,account.t.d,0.316890419952771,Account ownership,Main market
Jordan,JOR,2017,6558247.0,Middle East & North Africa (excluding high income),Upper middle income,education,secondary edu or more,account.t.d,0.445901084274461,Account ownership,Peer market
Jordan,JOR,2017,6558247.0,Middle East & North Africa (excluding high income),Upper middle income,education,prim edu or less,account.t.d,0.370707902590285,Account ownership,Peer market
Morocco,MAR,2017,24894226.0,Middle East & North Africa (excluding high income),Lower middle income,education,secondary edu or more,account.t.d,0.436502002426285,Account ownership,Peer market
Morocco,MAR,2017,24894226.0,Middle East & North Africa (excluding high income),Lower middle income,education,prim edu or less,account.t.d,0.227414237236159,Account ownership,Peer market
Saudi Arabia,SAU,2017,23241801.0,High income,High income,education,secondary edu or more,account.t.d,0.726538439672114,Account ownership,Advanced benchmark
Saudi Arabia,SAU,2017,23241801.0,High income,High income,education,prim edu or less,account.t.d,0.650193615551632,Account ownership,Advanced benchmark
Tunisia,TUN,2017,8662597.0,Middle East & North Africa (excluding high income),Lower middle income,education,secondary edu or more,account.t.d,0.47698003540977,Account ownership,Peer market
Tunisia,TUN,2017,8662597.0,Middle East & North Africa (excluding high income),Lower middle income,education,prim edu or less,account.t.d,0.235212497090243,Account ownership,Peer market
United Arab Emirates,ARE,2017,7433015.0,High income,High income,education,secondary edu or more,account.t.d,0.888763739647633,Account ownership,Supplementary benchmark
United Arab Emirates,ARE,2017,7433015.0,High income,High income,education,prim edu or less,account.t.d,0.708787531078766,Account ownership,Supplementary benchmark
Algeria,DZA,2021,30458426.0,Middle East & North Africa (excluding high income),Lower middle income,education,secondary edu or more,account.t.d,0.462316399139741,Account ownership,Peer market
Algeria,DZA,2021,30458426.0,Middle East & North Africa (excluding high income),Lower middle income,education,prim edu or less,account.t.d,0.389861822379999,Account ownership,Peer market
Egypt,EGY,2021,72722825.0,Middle East & North Africa (excluding high income),Lower middle income,education,secondary edu or more,account.t.d,0.302724550134987,Account ownership,Main market
Egypt,EGY,2021,72722825.0,Middle East & North Africa (excluding high income),Lower middle income,education,prim edu or less,account.t.d,0.250019432828222,Account ownership,Main market
Jordan,JOR,2021,7296924.0,Middle East & North Africa (excluding high income),Upper middle income,education,secondary edu or more,account.t.d,0.501740707410082,Account ownership,Peer market
Jordan,JOR,2021,7296924.0,Middle East & North Africa (excluding high income),Upper middle income,education,prim edu or less,account.t.d,0.387134641698401,Account ownership,Peer market
Morocco,MAR,2021,26706787.0,Middle East & North Africa (excluding high income),Lower middle income,education,secondary edu or more,account.t.d,0.577667465978842,Account ownership,Peer market
Morocco,MAR,2021,26706787.0,Middle East & North Africa (excluding high income),Lower middle income,education,prim edu or less,account.t.d,0.369131367453721,Account ownership,Peer market
Saudi Arabia,SAU,2021,23509479.0,High income,High income,education,secondary edu or more,account.t.d,0.742166273144804,Account ownership,Advanced benchmark
Saudi Arabia,SAU,2021,23509479.0,High income,High income,education,prim edu or less,account.t.d,0.768009341415257,Account ownership,Advanced benchmark
Tunisia,TUN,2021,8970562.0,Middle East & North Africa (excluding high income),Lower middle income,education,secondary edu or more,account.t.d,0.434973055242673,Account ownership,Peer market
Tunisia,TUN,2021,8970562.0,Middle East & North Africa (excluding high income),Lower middle income,education,prim edu or less,account.t.d,0.292645264587375,Account ownership,Peer market
United Arab Emirates,ARE,2021,7842387.0,High income,High income,education,secondary edu or more,account.t.d,0.863672688136874,Account ownership,Supplementary benchmark
United Arab Emirates,ARE,2021,7842387.0,High income,High income,education,prim edu or less,account.t.d,0.759677670946687,Account ownership,Supplementary benchmark
Algeria,DZA,2024,32019804.0,Middle East & North Africa (excluding high income),Lower middle income,education,secondary edu or more,account.t.d,0.388389220041372,Account ownership,Peer market
Algeria,DZA,2024,32019804.0,Middle East & North Africa (excluding high income),Lower middle income,education,prim edu or less,account.t.d,0.250171288171979,Account ownership,Peer market
Egypt,EGY,2024,77385958.0,Middle East & North Africa (excluding high income),Lower middle income,education,secondary edu or more,account.t.d,0.48316807636606,Account ownership,Main market
Egypt,EGY,2024,77385958.0,Middle East & North Africa (excluding high income),Lower middle income,education,prim edu or less,account.t.d,0.38465775192039,Account ownership,Main market
Jordan,JOR,2024,7867178.0,Middle East & North Africa (excluding high income),Upper middle income,education,secondary edu or more,account.t.d,0.484374629257723,Account ownership,Peer market
Jordan,JOR,2024,7867178.0,Middle East & North Africa (excluding high income),Upper middle income,education,prim edu or less,account.t.d,0.378853728938152,Account ownership,Peer market
Morocco,MAR,2024,27893979.0,Middle East & North Africa (excluding high income),Lower middle income,education,secondary edu or more,account.t.d,0.545208300275563,Account ownership,Peer market
Morocco,MAR,2024,27893979.0,Middle East & North Africa (excluding high income),Lower middle income,education,prim edu or less,account.t.d,0.389193875691187,Account ownership,Peer market
Saudi Arabia,SAU,2024,25248449.0,High income,High income,education,secondary edu or more,account.t.d,0.79316214986013,Account ownership,Advanced benchmark
Saudi Arabia,SAU,2024,25248449.0,High income,High income,education,prim edu or less,account.t.d,0.666383140653873,Account ownership,Advanced benchmark
Tunisia,TUN,2024,9219268.0,Middle East & North Africa (excluding high income),Lower middle income,education,secondary edu or more,account.t.d,0.458258014849128,Account ownership,Peer market
Tunisia,TUN,2024,9219268.0,Middle East & North Africa (excluding high income),Lower middle income,education,prim edu or less,account.t.d,0.286065551972747,Account ownership,Peer market
United Arab Emirates,ARE,2024,8770817.0,High income,High income,education,secondary edu or more,account.t.d,0.735443485065998,Account ownership,Supplementary benchmark
United Arab Emirates,ARE,2024,8770817.0,High income,High income,education,prim edu or less,account.t.d,0.524016540798663,Account ownership,Supplementary benchmark
Algeria,DZA,2011,26251587.0,Middle East & North Africa (excluding high income),Lower middle income,all,all,fiaccount.t.d,0.332861125283373,Financial institution account,Peer market
Egypt,EGY,2011,58969826.0,Middle East & North Africa (excluding high income),Lower middle income,all,all,fiaccount.t.d,0.0971998059496632,Financial institution account,Main market
Jordan,JOR,2011,4670454.0,Middle East & North Africa (excluding high income),Upper middle income,all,all,fiaccount.t.d,0.254710971514235,Financial institution account,Peer market
Saudi Arabia,SAU,2011,17354530.0,High income,High income,all,all,fiaccount.t.d,0.464206603178861,Financial institution account,Advanced benchmark
United Arab Emirates,ARE,2011,5710622.0,High income,High income,all,all,fiaccount.t.d,0.597323702767485,Financial institution account,Supplementary benchmark
Algeria,DZA,2014,27628433.0,Middle East & North Africa (excluding high income),Lower middle income,all,all,fiaccount.t.d,0.504757907242262,Financial institution account,Peer market
Egypt,EGY,2014,63009609.0,Middle East & North Africa (excluding high income),Lower middle income,all,all,fiaccount.t.d,0.136517529763167,Financial institution account,Main market
Jordan,JOR,2014,5205320.0,Middle East & North Africa (excluding high income),Upper middle income,all,all,fiaccount.t.d,0.246159099066182,Financial institution account,Peer market
Saudi Arabia,SAU,2014,20496432.0,High income,High income,all,all,fiaccount.t.d,0.694095879290349,Financial institution account,Advanced benchmark
Tunisia,TUN,2014,8426960.0,Middle East & North Africa (excluding high income),Lower middle income,all,all,fiaccount.t.d,0.272632283043901,Financial institution account,Peer market
United Arab Emirates,ARE,2014,6398423.0,High income,High income,all,all,fiaccount.t.d,0.832043161819918,Financial institution account,Supplementary benchmark
Algeria,DZA,2017,28799702.0,Middle East & North Africa (excluding high income),Lower middle income,all,all,fiaccount.t.d,0.427766256472914,Financial institution account,Peer market
Egypt,EGY,2017,66961302.0,Middle East & North Africa (excluding high income),Lower middle income,all,all,fiaccount.t.d,0.320713583577166,Financial institution account,Main market
Jordan,JOR,2017,6558247.0,Middle East & North Africa (excluding high income),Upper middle income,all,all,fiaccount.t.d,0.420827774074012,Financial institution account,Peer market
Morocco,MAR,2017,24894226.0,Middle East & North Africa (excluding high income),Lower middle income,all,all,fiaccount.t.d,0.284105744447338,Financial institution account,Peer market
Saudi Arabia,SAU,2017,23241801.0,High income,High income,all,all,fiaccount.t.d,0.716981165899467,Financial institution account,Advanced benchmark
Tunisia,TUN,2017,8662597.0,Middle East & North Africa (excluding high income),Lower middle income,all,all,fiaccount.t.d,0.368164380001134,Financial institution account,Peer market
United Arab Emirates,ARE,2017,7433015.0,High income,High income,all,all,fiaccount.t.d,0.873908545012593,Financial institution account,Supplementary benchmark
Algeria,DZA,2021,30458426.0,Middle East & North Africa (excluding high income),Lower middle income,all,all,fiaccount.t.d,0.440970221449773,Financial institution account,Peer market
Egypt,EGY,2021,72722825.0,Middle East & North Africa (excluding high income),Lower middle income,all,all,fiaccount.t.d,0.260989110110545,Financial institution account,Main market
Jordan,JOR,2021,7296924.0,Middle East & North Africa (excluding high income),Upper middle income,all,all,fiaccount.t.d,0.433539458918825,Financial institution account,Peer market
Morocco,MAR,2021,26706787.0,Middle East & North Africa (excluding high income),Lower middle income,all,all,fiaccount.t.d,0.422393377091168,Financial institution account,Peer market
Saudi Arabia,SAU,2021,23509479.0,High income,High income,all,all,fiaccount.t.d,0.74320746724648,Financial institution account,Advanced benchmark
Tunisia,TUN,2021,8970562.0,Middle East & North Africa (excluding high income),Lower middle income,all,all,fiaccount.t.d,0.357118625886239,Financial institution account,Peer market
United Arab Emirates,ARE,2021,7842387.0,High income,High income,all,all,fiaccount.t.d,0.845607259946481,Financial institution account,Supplementary benchmark
Algeria,DZA,2024,32019804.0,Middle East & North Africa (excluding high income),Lower middle income,all,all,fiaccount.t.d,0.352901069097173,Financial institution account,Peer market
Egypt,EGY,2024,77385958.0,Middle East & North Africa (excluding high income),Lower middle income,all,all,fiaccount.t.d,0.352735535270536,Financial institution account,Main market
Jordan,JOR,2024,7867178.0,Middle East & North Africa (excluding high income),Upper middle income,all,all,fiaccount.t.d,0.395770643161593,Financial institution account,Peer market
Morocco,MAR,2024,27893979.0,Middle East & North Africa (excluding high income),Lower middle income,all,all,fiaccount.t.d,0.424611317241808,Financial institution account,Peer market
Saudi Arabia,SAU,2024,25248449.0,High income,High income,all,all,fiaccount.t.d,0.779538335253319,Financial institution account,Advanced benchmark
Tunisia,TUN,2024,9219268.0,Middle East & North Africa (excluding high income),Lower middle income,all,all,fiaccount.t.d,0.377371170345078,Financial institution account,Peer market
United Arab Emirates,ARE,2024,8770817.0,High income,High income,all,all,fiaccount.t.d,0.712338540604071,Financial institution account,Supplementary benchmark
Algeria,DZA,2011,26251587.0,Middle East & North Africa (excluding high income),Lower middle income,gender,men,fiaccount.t.d,0.461278243450452,Financial institution account,Peer market
Algeria,DZA,2011,26251587.0,Middle East & North Africa (excluding high income),Lower middle income,gender,women,fiaccount.t.d,0.204072969564249,Financial institution account,Peer market
Jordan,JOR,2011,4670454.0,Middle East & North Africa (excluding high income),Upper middle income,gender,men,fiaccount.t.d,0.336704244054076,Financial institution account,Peer market
Jordan,JOR,2011,4670454.0,Middle East & North Africa (excluding high income),Upper middle income,gender,women,fiaccount.t.d,0.173577027739126,Financial institution account,Peer market
Saudi Arabia,SAU,2011,17354530.0,High income,High income,gender,men,fiaccount.t.d,0.727211414647235,Financial institution account,Advanced benchmark
Saudi Arabia,SAU,2011,17354530.0,High income,High income,gender,women,fiaccount.t.d,0.152330073135543,Financial institution account,Advanced benchmark
United Arab Emirates,ARE,2011,5710622.0,High income,High income,gender,men,fiaccount.t.d,0.68776231243201,Financial institution account,Supplementary benchmark
United Arab Emirates,ARE,2011,5710622.0,High income,High income,gender,women,fiaccount.t.d,0.472084354869167,Financial institution account,Supplementary benchmark
Algeria,DZA,2014,27628433.0,Middle East & North Africa (excluding high income),Lower middle income,gender,men,fiaccount.t.d,0.609090821531733,Financial institution account,Peer market
Algeria,DZA,2014,27628433.0,Middle East & North Africa (excluding high income),Lower middle income,gender,women,fiaccount.t.d,0.400709673603606,Financial institution account,Peer market
Egypt,EGY,2014,63009609.0,Middle East & North Africa (excluding high income),Lower middle income,gender,men,fiaccount.t.d,0.179569214376334,Financial institution account,Main market
Egypt,EGY,2014,63009609.0,Middle East & North Africa (excluding high income),Lower middle income,gender,women,fiaccount.t.d,0.0917545224803398,Financial institution account,Main market
Jordan,JOR,2014,5205320.0,Middle East & North Africa (excluding high income),Upper middle income,gender,men,fiaccount.t.d,0.333144947537588,Financial institution account,Peer market
Jordan,JOR,2014,5205320.0,Middle East & North Africa (excluding high income),Upper middle income,gender,women,fiaccount.t.d,0.155295070867674,Financial institution account,Peer market
Saudi Arabia,SAU,2014,20496432.0,High income,High income,gender,men,fiaccount.t.d,0.753258805251461,Financial institution account,Advanced benchmark
Saudi Arabia,SAU,2014,20496432.0,High income,High income,gender,women,fiaccount.t.d,0.611496126076582,Financial institution account,Advanced benchmark
Tunisia,TUN,2014,8426960.0,Middle East & North Africa (excluding high income),Lower middle income,gender,men,fiaccount.t.d,0.340881014636632,Financial institution account,Peer market
Tunisia,TUN,2014,8426960.0,Middle East & North Africa (excluding high income),Lower middle income,gender,women,fiaccount.t.d,0.20524636984428,Financial institution account,Peer market
United Arab Emirates,ARE,2014,6398423.0,High income,High income,gender,men,fiaccount.t.d,0.89760502032971,Financial institution account,Supplementary benchmark
United Arab Emirates,ARE,2014,6398423.0,High income,High income,gender,women,fiaccount.t.d,0.663240615892489,Financial institution account,Supplementary benchmark
Algeria,DZA,2017,28799702.0,Middle East & North Africa (excluding high income),Lower middle income,gender,men,fiaccount.t.d,0.562549369803644,Financial institution account,Peer market
Algeria,DZA,2017,28799702.0,Middle East & North Africa (excluding high income),Lower middle income,gender,women,fiaccount.t.d,0.292687291611843,Financial institution account,Peer market
Egypt,EGY,2017,66961302.0,Middle East & North Africa (excluding high income),Lower middle income,gender,men,fiaccount.t.d,0.372177208890373,Financial institution account,Main market
Egypt,EGY,2017,66961302.0,Middle East & North Africa (excluding high income),Lower middle income,gender,women,fiaccount.t.d,0.269944190972304,Financial institution account,Main market
Jordan,JOR,2017,6558247.0,Middle East & North Africa (excluding high income),Upper middle income,gender,men,fiaccount.t.d,0.555148156298655,Financial institution account,Peer market
Jordan,JOR,2017,6558247.0,Middle East & North Africa (excluding high income),Upper middle income,gender,women,fiaccount.t.d,0.266133895846271,Financial institution account,Peer market
Morocco,MAR,2017,24894226.0,Middle East & North Africa (excluding high income),Lower middle income,gender,men,fiaccount.t.d,0.411397824141994,Financial institution account,Peer market
Morocco,MAR,2017,24894226.0,Middle East & North Africa (excluding high income),Lower middle income,gender,women,fiaccount.t.d,0.166610694592859,Financial institution account,Peer market
Saudi Arabia,SAU,2017,23241801.0,High income,High income,gender,men,fiaccount.t.d,0.805369827487457,Financial institution account,Advanced benchmark
Saudi Arabia,SAU,2017,23241801.0,High income,High income,gender,women,fiaccount.t.d,0.58170104952489,Financial institution account,Advanced benchmark
Tunisia,TUN,2017,8662597.0,Middle East & North Africa (excluding high income),Lower middle income,gender,men,fiaccount.t.d,0.457311275395814,Financial institution account,Peer market
Tunisia,TUN,2017,8662597.0,Middle East & North Africa (excluding high income),Lower middle income,gender,women,fiaccount.t.d,0.28186051825958,Financial institution account,Peer market
United Arab Emirates,ARE,2017,7433015.0,High income,High income,gender,men,fiaccount.t.d,0.922393992203478,Financial institution account,Supplementary benchmark
United Arab Emirates,ARE,2017,7433015.0,High income,High income,gender,women,fiaccount.t.d,0.745748261995149,Financial institution account,Supplementary benchmark
Algeria,DZA,2021,30458426.0,Middle East & North Africa (excluding high income),Lower middle income,gender,men,fiaccount.t.d,0.568304332635687,Financial institution account,Peer market
Algeria,DZA,2021,30458426.0,Middle East & North Africa (excluding high income),Lower middle income,gender,women,fiaccount.t.d,0.311915131938875,Financial institution account,Peer market
Egypt,EGY,2021,72722825.0,Middle East & North Africa (excluding high income),Lower middle income,gender,men,fiaccount.t.d,0.291195779145376,Financial institution account,Main market
Egypt,EGY,2021,72722825.0,Middle East & North Africa (excluding high income),Lower middle income,gender,women,fiaccount.t.d,0.229627793610838,Financial institution account,Main market
Jordan,JOR,2021,7296924.0,Middle East & North Africa (excluding high income),Upper middle income,gender,men,fiaccount.t.d,0.533804650194281,Financial institution account,Peer market
Jordan,JOR,2021,7296924.0,Middle East & North Africa (excluding high income),Upper middle income,gender,women,fiaccount.t.d,0.319507726499149,Financial institution account,Peer market
Morocco,MAR,2021,26706787.0,Middle East & North Africa (excluding high income),Lower middle income,gender,men,fiaccount.t.d,0.529877672557521,Financial institution account,Peer market
Morocco,MAR,2021,26706787.0,Middle East & North Africa (excluding high income),Lower middle income,gender,women,fiaccount.t.d,0.314191375647572,Financial institution account,Peer market
Saudi Arabia,SAU,2021,23509479.0,High income,High income,gender,men,fiaccount.t.d,0.816740905405486,Financial institution account,Advanced benchmark
Saudi Arabia,SAU,2021,23509479.0,High income,High income,gender,women,fiaccount.t.d,0.634868326016391,Financial institution account,Advanced benchmark
Tunisia,TUN,2021,8970562.0,Middle East & North Africa (excluding high income),Lower middle income,gender,men,fiaccount.t.d,0.430422921968963,Financial institution account,Peer market
Tunisia,TUN,2021,8970562.0,Middle East & North Africa (excluding high income),Lower middle income,gender,women,fiaccount.t.d,0.285410097722407,Financial institution account,Peer market
United Arab Emirates,ARE,2021,7842387.0,High income,High income,gender,men,fiaccount.t.d,0.840810311340705,Financial institution account,Supplementary benchmark
United Arab Emirates,ARE,2021,7842387.0,High income,High income,gender,women,fiaccount.t.d,0.858588423751373,Financial institution account,Supplementary benchmark
Algeria,DZA,2024,32019804.0,Middle East & North Africa (excluding high income),Lower middle income,gender,men,fiaccount.t.d,0.518629151446207,Financial institution account,Peer market
Algeria,DZA,2024,32019804.0,Middle East & North Africa (excluding high income),Lower middle income,gender,women,fiaccount.t.d,0.180709885603285,Financial institution account,Peer market
Egypt,EGY,2024,77385958.0,Middle East & North Africa (excluding high income),Lower middle income,gender,men,fiaccount.t.d,0.34355530260355,Financial institution account,Main market
Egypt,EGY,2024,77385958.0,Middle East & North Africa (excluding high income),Lower middle income,gender,women,fiaccount.t.d,0.362115340150444,Financial institution account,Main market
Jordan,JOR,2024,7867178.0,Middle East & North Africa (excluding high income),Upper middle income,gender,men,fiaccount.t.d,0.473694952982439,Financial institution account,Peer market
Jordan,JOR,2024,7867178.0,Middle East & North Africa (excluding high income),Upper middle income,gender,women,fiaccount.t.d,0.311492994150406,Financial institution account,Peer market
Morocco,MAR,2024,27893979.0,Middle East & North Africa (excluding high income),Lower middle income,gender,men,fiaccount.t.d,0.526273960288049,Financial institution account,Peer market
Morocco,MAR,2024,27893979.0,Middle East & North Africa (excluding high income),Lower middle income,gender,women,fiaccount.t.d,0.328321099396473,Financial institution account,Peer market
Saudi Arabia,SAU,2024,25248449.0,High income,High income,gender,men,fiaccount.t.d,0.811041011314711,Financial institution account,Advanced benchmark
Saudi Arabia,SAU,2024,25248449.0,High income,High income,gender,women,fiaccount.t.d,0.722517776526228,Financial institution account,Advanced benchmark
Tunisia,TUN,2024,9219268.0,Middle East & North Africa (excluding high income),Lower middle income,gender,men,fiaccount.t.d,0.495665996567354,Financial institution account,Peer market
Tunisia,TUN,2024,9219268.0,Middle East & North Africa (excluding high income),Lower middle income,gender,women,fiaccount.t.d,0.263972042596722,Financial institution account,Peer market
United Arab Emirates,ARE,2024,8770817.0,High income,High income,gender,men,fiaccount.t.d,0.790471007312692,Financial institution account,Supplementary benchmark
United Arab Emirates,ARE,2024,8770817.0,High income,High income,gender,women,fiaccount.t.d,0.497209974179812,Financial institution account,Supplementary benchmark
Algeria,DZA,2011,26251587.0,Middle East & North Africa (excluding high income),Lower middle income,income,richest 60%,fiaccount.t.d,0.40501799089848,Financial institution account,Peer market
Algeria,DZA,2011,26251587.0,Middle East & North Africa (excluding high income),Lower middle income,income,poorest 40%,fiaccount.t.d,0.230946035766989,Financial institution account,Peer market
Jordan,JOR,2011,4670454.0,Middle East & North Africa (excluding high income),Upper middle income,income,richest 60%,fiaccount.t.d,0.330713782075706,Financial institution account,Peer market
Jordan,JOR,2011,4670454.0,Middle East & North Africa (excluding high income),Upper middle income,income,poorest 40%,fiaccount.t.d,0.130546131425587,Financial institution account,Peer market
Saudi Arabia,SAU,2011,17354530.0,High income,High income,income,richest 60%,fiaccount.t.d,0.548992396169467,Financial institution account,Advanced benchmark
Saudi Arabia,SAU,2011,17354530.0,High income,High income,income,poorest 40%,fiaccount.t.d,0.327748606226054,Financial institution account,Advanced benchmark
United Arab Emirates,ARE,2011,5710622.0,High income,High income,income,richest 60%,fiaccount.t.d,0.645114079801475,Financial institution account,Supplementary benchmark
United Arab Emirates,ARE,2011,5710622.0,High income,High income,income,poorest 40%,fiaccount.t.d,0.528977265477766,Financial institution account,Supplementary benchmark
Algeria,DZA,2014,27628433.0,Middle East & North Africa (excluding high income),Lower middle income,income,richest 60%,fiaccount.t.d,0.594636331682883,Financial institution account,Peer market
Algeria,DZA,2014,27628433.0,Middle East & North Africa (excluding high income),Lower middle income,income,poorest 40%,fiaccount.t.d,0.369710709130652,Financial institution account,Peer market
Egypt,EGY,2014,63009609.0,Middle East & North Africa (excluding high income),Lower middle income,income,richest 60%,fiaccount.t.d,0.19095756429033,Financial institution account,Main market
Egypt,EGY,2014,63009609.0,Middle East & North Africa (excluding high income),Lower middle income,income,poorest 40%,fiaccount.t.d,0.0545778617891899,Financial institution account,Main market
Jordan,JOR,2014,5205320.0,Middle East & North Africa (excluding high income),Upper middle income,income,richest 60%,fiaccount.t.d,0.301150301375119,Financial institution account,Peer market
Jordan,JOR,2014,5205320.0,Middle East & North Africa (excluding high income),Upper middle income,income,poorest 40%,fiaccount.t.d,0.163352547227297,Financial institution account,Peer market
Saudi Arabia,SAU,2014,20496432.0,High income,High income,income,richest 60%,fiaccount.t.d,0.728726268745886,Financial institution account,Advanced benchmark
Saudi Arabia,SAU,2014,20496432.0,High income,High income,income,poorest 40%,fiaccount.t.d,0.648242607727126,Financial institution account,Advanced benchmark
Tunisia,TUN,2014,8426960.0,Middle East & North Africa (excluding high income),Lower middle income,income,richest 60%,fiaccount.t.d,0.355327158421882,Financial institution account,Peer market
Tunisia,TUN,2014,8426960.0,Middle East & North Africa (excluding high income),Lower middle income,income,poorest 40%,fiaccount.t.d,0.14808105167622,Financial institution account,Peer market
United Arab Emirates,ARE,2014,6398423.0,High income,High income,income,richest 60%,fiaccount.t.d,0.87447230070626,Financial institution account,Supplementary benchmark
United Arab Emirates,ARE,2014,6398423.0,High income,High income,income,poorest 40%,fiaccount.t.d,0.771973013678054,Financial institution account,Supplementary benchmark
Algeria,DZA,2017,28799702.0,Middle East & North Africa (excluding high income),Lower middle income,income,richest 60%,fiaccount.t.d,0.479671412860528,Financial institution account,Peer market
Algeria,DZA,2017,28799702.0,Middle East & North Africa (excluding high income),Lower middle income,income,poorest 40%,fiaccount.t.d,0.349708014726942,Financial institution account,Peer market
Egypt,EGY,2017,66961302.0,Middle East & North Africa (excluding high income),Lower middle income,income,richest 60%,fiaccount.t.d,0.39886406990592,Financial institution account,Main market
Egypt,EGY,2017,66961302.0,Middle East & North Africa (excluding high income),Lower middle income,income,poorest 40%,fiaccount.t.d,0.203202254085518,Financial institution account,Main market
Jordan,JOR,2017,6558247.0,Middle East & North Africa (excluding high income),Upper middle income,income,richest 60%,fiaccount.t.d,0.482020381302636,Financial institution account,Peer market
Jordan,JOR,2017,6558247.0,Middle East & North Africa (excluding high income),Upper middle income,income,poorest 40%,fiaccount.t.d,0.328801993185689,Financial institution account,Peer market
Morocco,MAR,2017,24894226.0,Middle East & North Africa (excluding high income),Lower middle income,income,richest 60%,fiaccount.t.d,0.34656507293329,Financial institution account,Peer market
Morocco,MAR,2017,24894226.0,Middle East & North Africa (excluding high income),Lower middle income,income,poorest 40%,fiaccount.t.d,0.190299141133099,Financial institution account,Peer market
Saudi Arabia,SAU,2017,23241801.0,High income,High income,income,richest 60%,fiaccount.t.d,0.764431369774404,Financial institution account,Advanced benchmark
Saudi Arabia,SAU,2017,23241801.0,High income,High income,income,poorest 40%,fiaccount.t.d,0.64563701134651,Financial institution account,Advanced benchmark
Tunisia,TUN,2017,8662597.0,Middle East & North Africa (excluding high income),Lower middle income,income,richest 60%,fiaccount.t.d,0.473031924085822,Financial institution account,Peer market
Tunisia,TUN,2017,8662597.0,Middle East & North Africa (excluding high income),Lower middle income,income,poorest 40%,fiaccount.t.d,0.210496481993204,Financial institution account,Peer market
United Arab Emirates,ARE,2017,7433015.0,High income,High income,income,richest 60%,fiaccount.t.d,0.910578060187009,Financial institution account,Supplementary benchmark
United Arab Emirates,ARE,2017,7433015.0,High income,High income,income,poorest 40%,fiaccount.t.d,0.818731746627356,Financial institution account,Supplementary benchmark
Algeria,DZA,2021,30458426.0,Middle East & North Africa (excluding high income),Lower middle income,income,richest 60%,fiaccount.t.d,0.521719094646018,Financial institution account,Peer market
Algeria,DZA,2021,30458426.0,Middle East & North Africa (excluding high income),Lower middle income,income,poorest 40%,fiaccount.t.d,0.319058848139226,Financial institution account,Peer market
Egypt,EGY,2021,72722825.0,Middle East & North Africa (excluding high income),Lower middle income,income,richest 60%,fiaccount.t.d,0.302995830980485,Financial institution account,Main market
Egypt,EGY,2021,72722825.0,Middle East & North Africa (excluding high income),Lower middle income,income,poorest 40%,fiaccount.t.d,0.197762857842855,Financial institution account,Main market
Jordan,JOR,2021,7296924.0,Middle East & North Africa (excluding high income),Upper middle income,income,richest 60%,fiaccount.t.d,0.510775550978052,Financial institution account,Peer market
Jordan,JOR,2021,7296924.0,Middle East & North Africa (excluding high income),Upper middle income,income,poorest 40%,fiaccount.t.d,0.317574079618162,Financial institution account,Peer market
Morocco,MAR,2021,26706787.0,Middle East & North Africa (excluding high income),Lower middle income,income,richest 60%,fiaccount.t.d,0.495619897388139,Financial institution account,Peer market
Morocco,MAR,2021,26706787.0,Middle East & North Africa (excluding high income),Lower middle income,income,poorest 40%,fiaccount.t.d,0.312675067296715,Financial institution account,Peer market
Saudi Arabia,SAU,2021,23509479.0,High income,High income,income,richest 60%,fiaccount.t.d,0.794305340523069,Financial institution account,Advanced benchmark
Saudi Arabia,SAU,2021,23509479.0,High income,High income,income,poorest 40%,fiaccount.t.d,0.666106333256267,Financial institution account,Advanced benchmark
Tunisia,TUN,2021,8970562.0,Middle East & North Africa (excluding high income),Lower middle income,income,richest 60%,fiaccount.t.d,0.39548582061453,Financial institution account,Peer market
Tunisia,TUN,2021,8970562.0,Middle East & North Africa (excluding high income),Lower middle income,income,poorest 40%,fiaccount.t.d,0.29950005750439,Financial institution account,Peer market
United Arab Emirates,ARE,2021,7842387.0,High income,High income,income,richest 60%,fiaccount.t.d,0.861946984059671,Financial institution account,Supplementary benchmark
United Arab Emirates,ARE,2021,7842387.0,High income,High income,income,poorest 40%,fiaccount.t.d,0.820596978323627,Financial institution account,Supplementary benchmark
Algeria,DZA,2024,32019804.0,Middle East & North Africa (excluding high income),Lower middle income,income,richest 60%,fiaccount.t.d,0.379769930072596,Financial institution account,Peer market
Algeria,DZA,2024,32019804.0,Middle East & North Africa (excluding high income),Lower middle income,income,poorest 40%,fiaccount.t.d,0.31248963734877,Financial institution account,Peer market
Egypt,EGY,2024,77385958.0,Middle East & North Africa (excluding high income),Lower middle income,income,richest 60%,fiaccount.t.d,0.409925654002759,Financial institution account,Main market
Egypt,EGY,2024,77385958.0,Middle East & North Africa (excluding high income),Lower middle income,income,poorest 40%,fiaccount.t.d,0.266698596256823,Financial institution account,Main market
Jordan,JOR,2024,7867178.0,Middle East & North Africa (excluding high income),Upper middle income,income,richest 60%,fiaccount.t.d,0.460736069949205,Financial institution account,Peer market
Jordan,JOR,2024,7867178.0,Middle East & North Africa (excluding high income),Upper middle income,income,poorest 40%,fiaccount.t.d,0.298311858815087,Financial institution account,Peer market
Morocco,MAR,2024,27893979.0,Middle East & North Africa (excluding high income),Lower middle income,income,richest 60%,fiaccount.t.d,0.449242463528089,Financial institution account,Peer market
Morocco,MAR,2024,27893979.0,Middle East & North Africa (excluding high income),Lower middle income,income,poorest 40%,fiaccount.t.d,0.387636056137863,Financial institution account,Peer market
Saudi Arabia,SAU,2024,25248449.0,High income,High income,income,richest 60%,fiaccount.t.d,0.805901833798266,Financial institution account,Advanced benchmark
Saudi Arabia,SAU,2024,25248449.0,High income,High income,income,poorest 40%,fiaccount.t.d,0.740075916716926,Financial institution account,Advanced benchmark
Tunisia,TUN,2024,9219268.0,Middle East & North Africa (excluding high income),Lower middle income,income,richest 60%,fiaccount.t.d,0.484362190052409,Financial institution account,Peer market
Tunisia,TUN,2024,9219268.0,Middle East & North Africa (excluding high income),Lower middle income,income,poorest 40%,fiaccount.t.d,0.216558127729451,Financial institution account,Peer market
United Arab Emirates,ARE,2024,8770817.0,High income,High income,income,richest 60%,fiaccount.t.d,0.727210826566617,Financial institution account,Supplementary benchmark
United Arab Emirates,ARE,2024,8770817.0,High income,High income,income,poorest 40%,fiaccount.t.d,0.690048011526842,Financial institution account,Supplementary benchmark
Algeria,DZA,2011,26251587.0,Middle East & North Africa (excluding high income),Lower middle income,age_cat,age 25+,fiaccount.t.d,0.398755571608214,Financial institution account,Peer market
Algeria,DZA,2011,26251587.0,Middle East & North Africa (excluding high income),Lower middle income,age_cat,ages 15-24,fiaccount.t.d,0.202971324873696,Financial institution account,Peer market
Jordan,JOR,2011,4670454.0,Middle East & North Africa (excluding high income),Upper middle income,age_cat,age 25+,fiaccount.t.d,0.348447194938657,Financial institution account,Peer market
Jordan,JOR,2011,4670454.0,Middle East & North Africa (excluding high income),Upper middle income,age_cat,ages 15-24,fiaccount.t.d,0.114777111706986,Financial institution account,Peer market
Saudi Arabia,SAU,2011,17354530.0,High income,High income,age_cat,age 25+,fiaccount.t.d,0.568276433532766,Financial institution account,Advanced benchmark
Saudi Arabia,SAU,2011,17354530.0,High income,High income,age_cat,ages 15-24,fiaccount.t.d,0.266778753784091,Financial institution account,Advanced benchmark
United Arab Emirates,ARE,2011,5710622.0,High income,High income,age_cat,age 25+,fiaccount.t.d,0.732746809916255,Financial institution account,Supplementary benchmark
United Arab Emirates,ARE,2011,5710622.0,High income,High income,age_cat,ages 15-24,fiaccount.t.d,0.26319549289259,Financial institution account,Supplementary benchmark
Algeria,DZA,2014,27628433.0,Middle East & North Africa (excluding high income),Lower middle income,age_cat,age 25+,fiaccount.t.d,0.574825566130256,Financial institution account,Peer market
Algeria,DZA,2014,27628433.0,Middle East & North Africa (excluding high income),Lower middle income,age_cat,ages 15-24,fiaccount.t.d,0.384515585021223,Financial institution account,Peer market
Egypt,EGY,2014,63009609.0,Middle East & North Africa (excluding high income),Lower middle income,age_cat,age 25+,fiaccount.t.d,0.173248668378538,Financial institution account,Main market
Egypt,EGY,2014,63009609.0,Middle East & North Africa (excluding high income),Lower middle income,age_cat,ages 15-24,fiaccount.t.d,0.06047605865323,Financial institution account,Main market
Jordan,JOR,2014,5205320.0,Middle East & North Africa (excluding high income),Upper middle income,age_cat,age 25+,fiaccount.t.d,0.31845900702131,Financial institution account,Peer market
Jordan,JOR,2014,5205320.0,Middle East & North Africa (excluding high income),Upper middle income,age_cat,ages 15-24,fiaccount.t.d,0.124092004930098,Financial institution account,Peer market
Saudi Arabia,SAU,2014,20496432.0,High income,High income,age_cat,age 25+,fiaccount.t.d,0.708916152184033,Financial institution account,Advanced benchmark
Saudi Arabia,SAU,2014,20496432.0,High income,High income,age_cat,ages 15-24,fiaccount.t.d,0.645375242455736,Financial institution account,Advanced benchmark
Tunisia,TUN,2014,8426960.0,Middle East & North Africa (excluding high income),Lower middle income,age_cat,age 25+,fiaccount.t.d,0.301909382481442,Financial institution account,Peer market
Tunisia,TUN,2014,8426960.0,Middle East & North Africa (excluding high income),Lower middle income,age_cat,ages 15-24,fiaccount.t.d,0.187671340848818,Financial institution account,Peer market
United Arab Emirates,ARE,2014,6398423.0,High income,High income,age_cat,age 25+,fiaccount.t.d,0.882393724958061,Financial institution account,Supplementary benchmark
United Arab Emirates,ARE,2014,6398423.0,High income,High income,age_cat,ages 15-24,fiaccount.t.d,0.648349353594481,Financial institution account,Supplementary benchmark
Algeria,DZA,2017,28799702.0,Middle East & North Africa (excluding high income),Lower middle income,age_cat,age 25+,fiaccount.t.d,0.487470776948191,Financial institution account,Peer market
Algeria,DZA,2017,28799702.0,Middle East & North Africa (excluding high income),Lower middle income,age_cat,ages 15-24,fiaccount.t.d,0.285835978222623,Financial institution account,Peer market
Egypt,EGY,2017,66961302.0,Middle East & North Africa (excluding high income),Lower middle income,age_cat,age 25+,fiaccount.t.d,0.393526370781837,Financial institution account,Main market
Egypt,EGY,2017,66961302.0,Middle East & North Africa (excluding high income),Lower middle income,age_cat,ages 15-24,fiaccount.t.d,0.122307452424936,Financial institution account,Main market
Jordan,JOR,2017,6558247.0,Middle East & North Africa (excluding high income),Upper middle income,age_cat,age 25+,fiaccount.t.d,0.513093495558169,Financial institution account,Peer market
Jordan,JOR,2017,6558247.0,Middle East & North Africa (excluding high income),Upper middle income,age_cat,ages 15-24,fiaccount.t.d,0.239969064229015,Financial institution account,Peer market
Morocco,MAR,2017,24894226.0,Middle East & North Africa (excluding high income),Lower middle income,age_cat,age 25+,fiaccount.t.d,0.326288560252203,Financial institution account,Peer market
Morocco,MAR,2017,24894226.0,Middle East & North Africa (excluding high income),Lower middle income,age_cat,ages 15-24,fiaccount.t.d,0.150681351102671,Financial institution account,Peer market
Saudi Arabia,SAU,2017,23241801.0,High income,High income,age_cat,age 25+,fiaccount.t.d,0.760052639015842,Financial institution account,Advanced benchmark
Saudi Arabia,SAU,2017,23241801.0,High income,High income,age_cat,ages 15-24,fiaccount.t.d,0.544192051241972,Financial institution account,Advanced benchmark
Tunisia,TUN,2017,8662597.0,Middle East & North Africa (excluding high income),Lower middle income,age_cat,age 25+,fiaccount.t.d,0.399092576518909,Financial institution account,Peer market
Tunisia,TUN,2017,8662597.0,Middle East & North Africa (excluding high income),Lower middle income,age_cat,ages 15-24,fiaccount.t.d,0.233242041917553,Financial institution account,Peer market
United Arab Emirates,ARE,2017,7433015.0,High income,High income,age_cat,age 25+,fiaccount.t.d,0.899841674889808,Financial institution account,Supplementary benchmark
United Arab Emirates,ARE,2017,7433015.0,High income,High income,age_cat,ages 15-24,fiaccount.t.d,0.586318599827539,Financial institution account,Supplementary benchmark
Algeria,DZA,2021,30458426.0,Middle East & North Africa (excluding high income),Lower middle income,age_cat,age 25+,fiaccount.t.d,0.514889150138789,Financial institution account,Peer market
Algeria,DZA,2021,30458426.0,Middle East & North Africa (excluding high income),Lower middle income,age_cat,ages 15-24,fiaccount.t.d,0.267237576514328,Financial institution account,Peer market
Egypt,EGY,2021,72722825.0,Middle East & North Africa (excluding high income),Lower middle income,age_cat,age 25+,fiaccount.t.d,0.324903994161212,Financial institution account,Main market
Egypt,EGY,2021,72722825.0,Middle East & North Africa (excluding high income),Lower middle income,age_cat,ages 15-24,fiaccount.t.d,0.0825770768792658,Financial institution account,Main market
Jordan,JOR,2021,7296924.0,Middle East & North Africa (excluding high income),Upper middle income,age_cat,age 25+,fiaccount.t.d,0.490182813125775,Financial institution account,Peer market
Jordan,JOR,2021,7296924.0,Middle East & North Africa (excluding high income),Upper middle income,age_cat,ages 15-24,fiaccount.t.d,0.262031723363852,Financial institution account,Peer market
Morocco,MAR,2021,26706787.0,Middle East & North Africa (excluding high income),Lower middle income,age_cat,age 25+,fiaccount.t.d,0.452179198918103,Financial institution account,Peer market
Morocco,MAR,2021,26706787.0,Middle East & North Africa (excluding high income),Lower middle income,age_cat,ages 15-24,fiaccount.t.d,0.33682830388974,Financial institution account,Peer market
Saudi Arabia,SAU,2021,23509479.0,High income,High income,age_cat,age 25+,fiaccount.t.d,0.753040673314602,Financial institution account,Advanced benchmark
Saudi Arabia,SAU,2021,23509479.0,High income,High income,age_cat,ages 15-24,fiaccount.t.d,0.705175566329956,Financial institution account,Advanced benchmark
Tunisia,TUN,2021,8970562.0,Middle East & North Africa (excluding high income),Lower middle income,age_cat,age 25+,fiaccount.t.d,0.390715349962233,Financial institution account,Peer market
Tunisia,TUN,2021,8970562.0,Middle East & North Africa (excluding high income),Lower middle income,age_cat,ages 15-24,fiaccount.t.d,0.222466060475976,Financial institution account,Peer market
United Arab Emirates,ARE,2021,7842387.0,High income,High income,age_cat,age 25+,fiaccount.t.d,0.857119119008392,Financial institution account,Supplementary benchmark
United Arab Emirates,ARE,2021,7842387.0,High income,High income,age_cat,ages 15-24,fiaccount.t.d,0.794338574142122,Financial institution account,Supplementary benchmark
Algeria,DZA,2024,32019804.0,Middle East & North Africa (excluding high income),Lower middle income,age_cat,age 25+,fiaccount.t.d,0.409394574215698,Financial institution account,Peer market
Algeria,DZA,2024,32019804.0,Middle East & North Africa (excluding high income),Lower middle income,age_cat,ages 15-24,fiaccount.t.d,0.185253329498679,Financial institution account,Peer market
Egypt,EGY,2024,77385958.0,Middle East & North Africa (excluding high income),Lower middle income,age_cat,age 25+,fiaccount.t.d,0.420230446134246,Financial institution account,Main market
Egypt,EGY,2024,77385958.0,Middle East & North Africa (excluding high income),Lower middle income,age_cat,ages 15-24,fiaccount.t.d,0.169732528272671,Financial institution account,Main market
Jordan,JOR,2024,7867178.0,Middle East & North Africa (excluding high income),Upper middle income,age_cat,age 25+,fiaccount.t.d,0.49962238327672,Financial institution account,Peer market
Jordan,JOR,2024,7867178.0,Middle East & North Africa (excluding high income),Upper middle income,age_cat,ages 15-24,fiaccount.t.d,0.19406830640946,Financial institution account,Peer market
Morocco,MAR,2024,27893979.0,Middle East & North Africa (excluding high income),Lower middle income,age_cat,age 25+,fiaccount.t.d,0.471005468510671,Financial institution account,Peer market
Morocco,MAR,2024,27893979.0,Middle East & North Africa (excluding high income),Lower middle income,age_cat,ages 15-24,fiaccount.t.d,0.283162091214993,Financial institution account,Peer market
Saudi Arabia,SAU,2024,25248449.0,High income,High income,age_cat,age 25+,fiaccount.t.d,0.811984045013192,Financial institution account,Advanced benchmark
Saudi Arabia,SAU,2024,25248449.0,High income,High income,age_cat,ages 15-24,fiaccount.t.d,0.648997344303063,Financial institution account,Advanced benchmark
Tunisia,TUN,2024,9219268.0,Middle East & North Africa (excluding high income),Lower middle income,age_cat,age 25+,fiaccount.t.d,0.454756634966955,Financial institution account,Peer market
Tunisia,TUN,2024,9219268.0,Middle East & North Africa (excluding high income),Lower middle income,age_cat,ages 15-24,fiaccount.t.d,0.111834686038832,Financial institution account,Peer market
United Arab Emirates,ARE,2024,8770817.0,High income,High income,age_cat,age 25+,fiaccount.t.d,0.738481660876967,Financial institution account,Supplementary benchmark
United Arab Emirates,ARE,2024,8770817.0,High income,High income,age_cat,ages 15-24,fiaccount.t.d,0.595717585760579,Financial institution account,Supplementary benchmark
Algeria,DZA,2024,32019804.0,Middle East & North Africa (excluding high income),Lower middle income,urbanicity,rural,fiaccount.t.d,0.230449469622857,Financial institution account,Peer market
Algeria,DZA,2024,32019804.0,Middle East & North Africa (excluding high income),Lower middle income,urbanicity,urban,fiaccount.t.d,0.401667332879768,Financial institution account,Peer market
Egypt,EGY,2024,77385958.0,Middle East & North Africa (excluding high income),Lower middle income,urbanicity,rural,fiaccount.t.d,0.327539325154192,Financial institution account,Main market
Egypt,EGY,2024,77385958.0,Middle East & North Africa (excluding high income),Lower middle income,urbanicity,urban,fiaccount.t.d,0.367129171788849,Financial institution account,Main market
Jordan,JOR,2024,7867178.0,Middle East & North Africa (excluding high income),Upper middle income,urbanicity,rural,fiaccount.t.d,0.400570045416846,Financial institution account,Peer market
Jordan,JOR,2024,7867178.0,Middle East & North Africa (excluding high income),Upper middle income,urbanicity,urban,fiaccount.t.d,0.393652576160864,Financial institution account,Peer market
Morocco,MAR,2024,27893979.0,Middle East & North Africa (excluding high income),Lower middle income,urbanicity,rural,fiaccount.t.d,0.370936516440724,Financial institution account,Peer market
Morocco,MAR,2024,27893979.0,Middle East & North Africa (excluding high income),Lower middle income,urbanicity,urban,fiaccount.t.d,0.469540971074632,Financial institution account,Peer market
Saudi Arabia,SAU,2024,25248449.0,High income,High income,urbanicity,rural,fiaccount.t.d,0.767604121125758,Financial institution account,Advanced benchmark
Saudi Arabia,SAU,2024,25248449.0,High income,High income,urbanicity,urban,fiaccount.t.d,0.780966215002217,Financial institution account,Advanced benchmark
Tunisia,TUN,2024,9219268.0,Middle East & North Africa (excluding high income),Lower middle income,urbanicity,rural,fiaccount.t.d,0.29985334266087,Financial institution account,Peer market
Tunisia,TUN,2024,9219268.0,Middle East & North Africa (excluding high income),Lower middle income,urbanicity,urban,fiaccount.t.d,0.46737182054283,Financial institution account,Peer market
United Arab Emirates,ARE,2024,8770817.0,High income,High income,urbanicity,rural,fiaccount.t.d,0.784655417900957,Financial institution account,Supplementary benchmark
United Arab Emirates,ARE,2024,8770817.0,High income,High income,urbanicity,urban,fiaccount.t.d,0.704542000757377,Financial institution account,Supplementary benchmark
Algeria,DZA,2011,26251587.0,Middle East & North Africa (excluding high income),Lower middle income,laborforce,out of laborforce,fiaccount.t.d,0.160406881312253,Financial institution account,Peer market
Algeria,DZA,2011,26251587.0,Middle East & North Africa (excluding high income),Lower middle income,laborforce,in laborforce,fiaccount.t.d,0.651311819828417,Financial institution account,Peer market
Jordan,JOR,2011,4670454.0,Middle East & North Africa (excluding high income),Upper middle income,laborforce,out of laborforce,fiaccount.t.d,0.142445803941429,Financial institution account,Peer market
Jordan,JOR,2011,4670454.0,Middle East & North Africa (excluding high income),Upper middle income,laborforce,in laborforce,fiaccount.t.d,0.498649984373063,Financial institution account,Peer market
Saudi Arabia,SAU,2011,17354530.0,High income,High income,laborforce,out of laborforce,fiaccount.t.d,0.135631198951406,Financial institution account,Advanced benchmark
Saudi Arabia,SAU,2011,17354530.0,High income,High income,laborforce,in laborforce,fiaccount.t.d,0.851041435591123,Financial institution account,Advanced benchmark
United Arab Emirates,ARE,2011,5710622.0,High income,High income,laborforce,out of laborforce,fiaccount.t.d,0.217207249511411,Financial institution account,Supplementary benchmark
United Arab Emirates,ARE,2011,5710622.0,High income,High income,laborforce,in laborforce,fiaccount.t.d,0.944341655275322,Financial institution account,Supplementary benchmark
Algeria,DZA,2014,27628433.0,Middle East & North Africa (excluding high income),Lower middle income,laborforce,out of laborforce,fiaccount.t.d,0.31751089360491,Financial institution account,Peer market
Algeria,DZA,2014,27628433.0,Middle East & North Africa (excluding high income),Lower middle income,laborforce,in laborforce,fiaccount.t.d,0.804984138333213,Financial institution account,Peer market
Egypt,EGY,2014,63009609.0,Middle East & North Africa (excluding high income),Lower middle income,laborforce,out of laborforce,fiaccount.t.d,0.082942181901565,Financial institution account,Main market
Egypt,EGY,2014,63009609.0,Middle East & North Africa (excluding high income),Lower middle income,laborforce,in laborforce,fiaccount.t.d,0.225366379857724,Financial institution account,Main market
Jordan,JOR,2014,5205320.0,Middle East & North Africa (excluding high income),Upper middle income,laborforce,out of laborforce,fiaccount.t.d,0.138909052563311,Financial institution account,Peer market
Jordan,JOR,2014,5205320.0,Middle East & North Africa (excluding high income),Upper middle income,laborforce,in laborforce,fiaccount.t.d,0.484989267027899,Financial institution account,Peer market
Saudi Arabia,SAU,2014,20496432.0,High income,High income,laborforce,out of laborforce,fiaccount.t.d,0.62243237865307,Financial institution account,Advanced benchmark
Saudi Arabia,SAU,2014,20496432.0,High income,High income,laborforce,in laborforce,fiaccount.t.d,0.79456093976035,Financial institution account,Advanced benchmark
Tunisia,TUN,2014,8426960.0,Middle East & North Africa (excluding high income),Lower middle income,laborforce,out of laborforce,fiaccount.t.d,0.197076696885341,Financial institution account,Peer market
Tunisia,TUN,2014,8426960.0,Middle East & North Africa (excluding high income),Lower middle income,laborforce,in laborforce,fiaccount.t.d,0.394847263398513,Financial institution account,Peer market
United Arab Emirates,ARE,2014,6398423.0,High income,High income,laborforce,out of laborforce,fiaccount.t.d,0.488388295385584,Financial institution account,Supplementary benchmark
United Arab Emirates,ARE,2014,6398423.0,High income,High income,laborforce,in laborforce,fiaccount.t.d,0.935015710721988,Financial institution account,Supplementary benchmark
Algeria,DZA,2017,28799702.0,Middle East & North Africa (excluding high income),Lower middle income,laborforce,out of laborforce,fiaccount.t.d,0.294173712570991,Financial institution account,Peer market
Algeria,DZA,2017,28799702.0,Middle East & North Africa (excluding high income),Lower middle income,laborforce,in laborforce,fiaccount.t.d,0.637198308362382,Financial institution account,Peer market
Egypt,EGY,2017,66961302.0,Middle East & North Africa (excluding high income),Lower middle income,laborforce,out of laborforce,fiaccount.t.d,0.268019998051434,Financial institution account,Main market
Egypt,EGY,2017,66961302.0,Middle East & North Africa (excluding high income),Lower middle income,laborforce,in laborforce,fiaccount.t.d,0.399690846989687,Financial institution account,Main market
Jordan,JOR,2017,6558247.0,Middle East & North Africa (excluding high income),Upper middle income,laborforce,out of laborforce,fiaccount.t.d,0.314069218882991,Financial institution account,Peer market
Jordan,JOR,2017,6558247.0,Middle East & North Africa (excluding high income),Upper middle income,laborforce,in laborforce,fiaccount.t.d,0.60450079178557,Financial institution account,Peer market
Morocco,MAR,2017,24894226.0,Middle East & North Africa (excluding high income),Lower middle income,laborforce,out of laborforce,fiaccount.t.d,0.197236465900696,Financial institution account,Peer market
Morocco,MAR,2017,24894226.0,Middle East & North Africa (excluding high income),Lower middle income,laborforce,in laborforce,fiaccount.t.d,0.454554486278301,Financial institution account,Peer market
Saudi Arabia,SAU,2017,23241801.0,High income,High income,laborforce,out of laborforce,fiaccount.t.d,0.532365718027536,Financial institution account,Advanced benchmark
Saudi Arabia,SAU,2017,23241801.0,High income,High income,laborforce,in laborforce,fiaccount.t.d,0.828610813317868,Financial institution account,Advanced benchmark
Tunisia,TUN,2017,8662597.0,Middle East & North Africa (excluding high income),Lower middle income,laborforce,out of laborforce,fiaccount.t.d,0.206170231210023,Financial institution account,Peer market
Tunisia,TUN,2017,8662597.0,Middle East & North Africa (excluding high income),Lower middle income,laborforce,in laborforce,fiaccount.t.d,0.60266868888167,Financial institution account,Peer market
United Arab Emirates,ARE,2017,7433015.0,High income,High income,laborforce,out of laborforce,fiaccount.t.d,0.53416906793579,Financial institution account,Supplementary benchmark
United Arab Emirates,ARE,2017,7433015.0,High income,High income,laborforce,in laborforce,fiaccount.t.d,0.943452989045687,Financial institution account,Supplementary benchmark
Algeria,DZA,2021,30458426.0,Middle East & North Africa (excluding high income),Lower middle income,laborforce,out of laborforce,fiaccount.t.d,0.281816017458385,Financial institution account,Peer market
Algeria,DZA,2021,30458426.0,Middle East & North Africa (excluding high income),Lower middle income,laborforce,in laborforce,fiaccount.t.d,0.721376208983022,Financial institution account,Peer market
Egypt,EGY,2021,72722825.0,Middle East & North Africa (excluding high income),Lower middle income,laborforce,out of laborforce,fiaccount.t.d,0.226741859319428,Financial institution account,Main market
Egypt,EGY,2021,72722825.0,Middle East & North Africa (excluding high income),Lower middle income,laborforce,in laborforce,fiaccount.t.d,0.315628898961899,Financial institution account,Main market
Jordan,JOR,2021,7296924.0,Middle East & North Africa (excluding high income),Upper middle income,laborforce,out of laborforce,fiaccount.t.d,0.361649601301919,Financial institution account,Peer market
Jordan,JOR,2021,7296924.0,Middle East & North Africa (excluding high income),Upper middle income,laborforce,in laborforce,fiaccount.t.d,0.570316118581859,Financial institution account,Peer market
Morocco,MAR,2021,26706787.0,Middle East & North Africa (excluding high income),Lower middle income,laborforce,out of laborforce,fiaccount.t.d,0.35540273463,Financial institution account,Peer market
Morocco,MAR,2021,26706787.0,Middle East & North Africa (excluding high income),Lower middle income,laborforce,in laborforce,fiaccount.t.d,0.532626509075047,Financial institution account,Peer market
Saudi Arabia,SAU,2021,23509479.0,High income,High income,laborforce,out of laborforce,fiaccount.t.d,0.50985536154911,Financial institution account,Advanced benchmark
Saudi Arabia,SAU,2021,23509479.0,High income,High income,laborforce,in laborforce,fiaccount.t.d,0.845312928006446,Financial institution account,Advanced benchmark
Tunisia,TUN,2021,8970562.0,Middle East & North Africa (excluding high income),Lower middle income,laborforce,out of laborforce,fiaccount.t.d,0.282650262161688,Financial institution account,Peer market
Tunisia,TUN,2021,8970562.0,Middle East & North Africa (excluding high income),Lower middle income,laborforce,in laborforce,fiaccount.t.d,0.453582055572094,Financial institution account,Peer market
United Arab Emirates,ARE,2021,7842387.0,High income,High income,laborforce,out of laborforce,fiaccount.t.d,0.854038001845343,Financial institution account,Supplementary benchmark
United Arab Emirates,ARE,2021,7842387.0,High income,High income,laborforce,in laborforce,fiaccount.t.d,0.84117854329274,Financial institution account,Supplementary benchmark
Algeria,DZA,2024,32019804.0,Middle East & North Africa (excluding high income),Lower middle income,laborforce,out of laborforce,fiaccount.t.d,0.243707687081029,Financial institution account,Peer market
Algeria,DZA,2024,32019804.0,Middle East & North Africa (excluding high income),Lower middle income,laborforce,in laborforce,fiaccount.t.d,0.526558354218391,Financial institution account,Peer market
Egypt,EGY,2024,77385958.0,Middle East & North Africa (excluding high income),Lower middle income,laborforce,out of laborforce,fiaccount.t.d,0.335279360295561,Financial institution account,Main market
Egypt,EGY,2024,77385958.0,Middle East & North Africa (excluding high income),Lower middle income,laborforce,in laborforce,fiaccount.t.d,0.373858444984174,Financial institution account,Main market
Jordan,JOR,2024,7867178.0,Middle East & North Africa (excluding high income),Upper middle income,laborforce,out of laborforce,fiaccount.t.d,0.327906117501925,Financial institution account,Peer market
Jordan,JOR,2024,7867178.0,Middle East & North Africa (excluding high income),Upper middle income,laborforce,in laborforce,fiaccount.t.d,0.55725919121129,Financial institution account,Peer market
Morocco,MAR,2024,27893979.0,Middle East & North Africa (excluding high income),Lower middle income,laborforce,out of laborforce,fiaccount.t.d,0.352657882805601,Financial institution account,Peer market
Morocco,MAR,2024,27893979.0,Middle East & North Africa (excluding high income),Lower middle income,laborforce,in laborforce,fiaccount.t.d,0.544918787202927,Financial institution account,Peer market
Saudi Arabia,SAU,2024,25248449.0,High income,High income,laborforce,out of laborforce,fiaccount.t.d,0.669644127766788,Financial institution account,Advanced benchmark
Saudi Arabia,SAU,2024,25248449.0,High income,High income,laborforce,in laborforce,fiaccount.t.d,0.82646846675961,Financial institution account,Advanced benchmark
Tunisia,TUN,2024,9219268.0,Middle East & North Africa (excluding high income),Lower middle income,laborforce,out of laborforce,fiaccount.t.d,0.163708095766937,Financial institution account,Peer market
Tunisia,TUN,2024,9219268.0,Middle East & North Africa (excluding high income),Lower middle income,laborforce,in laborforce,fiaccount.t.d,0.621232333379451,Financial institution account,Peer market
United Arab Emirates,ARE,2024,8770817.0,High income,High income,laborforce,out of laborforce,fiaccount.t.d,0.504053975462373,Financial institution account,Supplementary benchmark
United Arab Emirates,ARE,2024,8770817.0,High income,High income,laborforce,in laborforce,fiaccount.t.d,0.797762775043492,Financial institution account,Supplementary benchmark
Algeria,DZA,2011,26251587.0,Middle East & North Africa (excluding high income),Lower middle income,education,secondary edu or more,fiaccount.t.d,0.402755191225796,Financial institution account,Peer market
Algeria,DZA,2011,26251587.0,Middle East & North Africa (excluding high income),Lower middle income,education,prim edu or less,fiaccount.t.d,0.300699513096789,Financial institution account,Peer market
Jordan,JOR,2011,4670454.0,Middle East & North Africa (excluding high income),Upper middle income,education,secondary edu or more,fiaccount.t.d,0.283628138862605,Financial institution account,Peer market
Jordan,JOR,2011,4670454.0,Middle East & North Africa (excluding high income),Upper middle income,education,prim edu or less,fiaccount.t.d,0.159279098125802,Financial institution account,Peer market
Saudi Arabia,SAU,2011,17354530.0,High income,High income,education,secondary edu or more,fiaccount.t.d,0.499340222854523,Financial institution account,Advanced benchmark
Saudi Arabia,SAU,2011,17354530.0,High income,High income,education,prim edu or less,fiaccount.t.d,0.389706146059157,Financial institution account,Advanced benchmark
United Arab Emirates,ARE,2011,5710622.0,High income,High income,education,secondary edu or more,fiaccount.t.d,0.613325678429414,Financial institution account,Supplementary benchmark
United Arab Emirates,ARE,2011,5710622.0,High income,High income,education,prim edu or less,fiaccount.t.d,0.426088445704585,Financial institution account,Supplementary benchmark
Algeria,DZA,2014,27628433.0,Middle East & North Africa (excluding high income),Lower middle income,education,secondary edu or more,fiaccount.t.d,0.553200495520321,Financial institution account,Peer market
Algeria,DZA,2014,27628433.0,Middle East & North Africa (excluding high income),Lower middle income,education,prim edu or less,fiaccount.t.d,0.483506774330471,Financial institution account,Peer market
Egypt,EGY,2014,63009609.0,Middle East & North Africa (excluding high income),Lower middle income,education,secondary edu or more,fiaccount.t.d,0.184620927298736,Financial institution account,Main market
Egypt,EGY,2014,63009609.0,Middle East & North Africa (excluding high income),Lower middle income,education,prim edu or less,fiaccount.t.d,0.0782778477098328,Financial institution account,Main market
Jordan,JOR,2014,5205320.0,Middle East & North Africa (excluding high income),Upper middle income,education,secondary edu or more,fiaccount.t.d,0.268702726154981,Financial institution account,Peer market
Jordan,JOR,2014,5205320.0,Middle East & North Africa (excluding high income),Upper middle income,education,prim edu or less,fiaccount.t.d,0.182271739224297,Financial institution account,Peer market
Saudi Arabia,SAU,2014,20496432.0,High income,High income,education,secondary edu or more,fiaccount.t.d,0.708687139245719,Financial institution account,Advanced benchmark
Saudi Arabia,SAU,2014,20496432.0,High income,High income,education,prim edu or less,fiaccount.t.d,0.641621089555651,Financial institution account,Advanced benchmark
Tunisia,TUN,2014,8426960.0,Middle East & North Africa (excluding high income),Lower middle income,education,secondary edu or more,fiaccount.t.d,0.33392567046442,Financial institution account,Peer market
Tunisia,TUN,2014,8426960.0,Middle East & North Africa (excluding high income),Lower middle income,education,prim edu or less,fiaccount.t.d,0.222042583130479,Financial institution account,Peer market
United Arab Emirates,ARE,2014,6398423.0,High income,High income,education,secondary edu or more,fiaccount.t.d,0.840794527566355,Financial institution account,Supplementary benchmark
United Arab Emirates,ARE,2014,6398423.0,High income,High income,education,prim edu or less,fiaccount.t.d,0.644202155441849,Financial institution account,Supplementary benchmark
Algeria,DZA,2017,28799702.0,Middle East & North Africa (excluding high income),Lower middle income,education,secondary edu or more,fiaccount.t.d,0.489593663050624,Financial institution account,Peer market
Algeria,DZA,2017,28799702.0,Middle East & North Africa (excluding high income),Lower middle income,education,prim edu or less,fiaccount.t.d,0.389481583678863,Financial institution account,Peer market
Egypt,EGY,2017,66961302.0,Middle East & North Africa (excluding high income),Lower middle income,education,secondary edu or more,fiaccount.t.d,0.325083199775303,Financial institution account,Main market
Egypt,EGY,2017,66961302.0,Middle East & North Africa (excluding high income),Lower middle income,education,prim edu or less,fiaccount.t.d,0.312920352578915,Financial institution account,Main market
Jordan,JOR,2017,6558247.0,Middle East & North Africa (excluding high income),Upper middle income,education,secondary edu or more,fiaccount.t.d,0.440291878273787,Financial institution account,Peer market
Jordan,JOR,2017,6558247.0,Middle East & North Africa (excluding high income),Upper middle income,education,prim edu or less,fiaccount.t.d,0.370707902590285,Financial institution account,Peer market
Morocco,MAR,2017,24894226.0,Middle East & North Africa (excluding high income),Lower middle income,education,secondary edu or more,fiaccount.t.d,0.430668993820677,Financial institution account,Peer market
Morocco,MAR,2017,24894226.0,Middle East & North Africa (excluding high income),Lower middle income,education,prim edu or less,fiaccount.t.d,0.226421689769086,Financial institution account,Peer market
Saudi Arabia,SAU,2017,23241801.0,High income,High income,education,secondary edu or more,fiaccount.t.d,0.726538439672114,Financial institution account,Advanced benchmark
Saudi Arabia,SAU,2017,23241801.0,High income,High income,education,prim edu or less,fiaccount.t.d,0.650193615551632,Financial institution account,Advanced benchmark
Tunisia,TUN,2017,8662597.0,Middle East & North Africa (excluding high income),Lower middle income,education,secondary edu or more,fiaccount.t.d,0.475278406799839,Financial institution account,Peer market
Tunisia,TUN,2017,8662597.0,Middle East & North Africa (excluding high income),Lower middle income,education,prim edu or less,fiaccount.t.d,0.235212497090243,Financial institution account,Peer market
United Arab Emirates,ARE,2017,7433015.0,High income,High income,education,secondary edu or more,fiaccount.t.d,0.880196548547007,Financial institution account,Supplementary benchmark
United Arab Emirates,ARE,2017,7433015.0,High income,High income,education,prim edu or less,fiaccount.t.d,0.708787531078766,Financial institution account,Supplementary benchmark
Algeria,DZA,2021,30458426.0,Middle East & North Africa (excluding high income),Lower middle income,education,secondary edu or more,fiaccount.t.d,0.462316399139741,Financial institution account,Peer market
Algeria,DZA,2021,30458426.0,Middle East & North Africa (excluding high income),Lower middle income,education,prim edu or less,fiaccount.t.d,0.389861822379999,Financial institution account,Peer market
Egypt,EGY,2021,72722825.0,Middle East & North Africa (excluding high income),Lower middle income,education,secondary edu or more,fiaccount.t.d,0.275808493766989,Financial institution account,Main market
Egypt,EGY,2021,72722825.0,Middle East & North Africa (excluding high income),Lower middle income,education,prim edu or less,fiaccount.t.d,0.248678987707877,Financial institution account,Main market
Jordan,JOR,2021,7296924.0,Middle East & North Africa (excluding high income),Upper middle income,education,secondary edu or more,fiaccount.t.d,0.471502802392373,Financial institution account,Peer market
Jordan,JOR,2021,7296924.0,Middle East & North Africa (excluding high income),Upper middle income,education,prim edu or less,fiaccount.t.d,0.329058450773778,Financial institution account,Peer market
Morocco,MAR,2021,26706787.0,Middle East & North Africa (excluding high income),Lower middle income,education,secondary edu or more,fiaccount.t.d,0.563697966308558,Financial institution account,Peer market
Morocco,MAR,2021,26706787.0,Middle East & North Africa (excluding high income),Lower middle income,education,prim edu or less,fiaccount.t.d,0.343567307296824,Financial institution account,Peer market
Saudi Arabia,SAU,2021,23509479.0,High income,High income,education,secondary edu or more,fiaccount.t.d,0.742166273144804,Financial institution account,Advanced benchmark
Saudi Arabia,SAU,2021,23509479.0,High income,High income,education,prim edu or less,fiaccount.t.d,0.768009341415257,Financial institution account,Advanced benchmark
Tunisia,TUN,2021,8970562.0,Middle East & North Africa (excluding high income),Lower middle income,education,secondary edu or more,fiaccount.t.d,0.425926265808262,Financial institution account,Peer market
Tunisia,TUN,2021,8970562.0,Middle East & North Africa (excluding high income),Lower middle income,education,prim edu or less,fiaccount.t.d,0.278492187630676,Financial institution account,Peer market
United Arab Emirates,ARE,2021,7842387.0,High income,High income,education,secondary edu or more,fiaccount.t.d,0.851041395681433,Financial institution account,Supplementary benchmark
United Arab Emirates,ARE,2021,7842387.0,High income,High income,education,prim edu or less,fiaccount.t.d,0.759677670946687,Financial institution account,Supplementary benchmark
Algeria,DZA,2024,32019804.0,Middle East & North Africa (excluding high income),Lower middle income,education,secondary edu or more,fiaccount.t.d,0.388389220041372,Financial institution account,Peer market
Algeria,DZA,2024,32019804.0,Middle East & North Africa (excluding high income),Lower middle income,education,prim edu or less,fiaccount.t.d,0.250171288171979,Financial institution account,Peer market
Egypt,EGY,2024,77385958.0,Middle East & North Africa (excluding high income),Lower middle income,education,secondary edu or more,fiaccount.t.d,0.373875153880468,Financial institution account,Main market
Egypt,EGY,2024,77385958.0,Middle East & North Africa (excluding high income),Lower middle income,education,prim edu or less,fiaccount.t.d,0.333853584119527,Financial institution account,Main market
Jordan,JOR,2024,7867178.0,Middle East & North Africa (excluding high income),Upper middle income,education,secondary edu or more,fiaccount.t.d,0.408170266554412,Financial institution account,Peer market
Jordan,JOR,2024,7867178.0,Middle East & North Africa (excluding high income),Upper middle income,education,prim edu or less,fiaccount.t.d,0.335915003020323,Financial institution account,Peer market
Morocco,MAR,2024,27893979.0,Middle East & North Africa (excluding high income),Lower middle income,education,secondary edu or more,fiaccount.t.d,0.535563393675569,Financial institution account,Peer market
Morocco,MAR,2024,27893979.0,Middle East & North Africa (excluding high income),Lower middle income,education,prim edu or less,fiaccount.t.d,0.364412669443055,Financial institution account,Peer market
Saudi Arabia,SAU,2024,25248449.0,High income,High income,education,secondary edu or more,fiaccount.t.d,0.783945456770673,Financial institution account,Advanced benchmark
Saudi Arabia,SAU,2024,25248449.0,High income,High income,education,prim edu or less,fiaccount.t.d,0.666383140653873,Financial institution account,Advanced benchmark
Tunisia,TUN,2024,9219268.0,Middle East & North Africa (excluding high income),Lower middle income,education,secondary edu or more,fiaccount.t.d,0.456256686565642,Financial institution account,Peer market
Tunisia,TUN,2024,9219268.0,Middle East & North Africa (excluding high income),Lower middle income,education,prim edu or less,fiaccount.t.d,0.286065551972747,Financial institution account,Peer market
United Arab Emirates,ARE,2024,8770817.0,High income,High income,education,secondary edu or more,fiaccount.t.d,0.715837697228057,Financial institution account,Supplementary benchmark
United Arab Emirates,ARE,2024,8770817.0,High income,High income,education,prim edu or less,fiaccount.t.d,0.524016540798663,Financial institution account,Supplementary benchmark
Algeria,DZA,2014,27628433.0,Middle East & North Africa (excluding high income),Lower middle income,all,all,g20.any,0.278242994206108,Made or received digital payment,Peer market
Egypt,EGY,2014,63009609.0,Middle East & North Africa (excluding high income),Lower middle income,all,all,g20.any,0.0812197966633068,Made or received digital payment,Main market
Jordan,JOR,2014,5205320.0,Middle East & North Africa (excluding high income),Upper middle income,all,all,g20.any,0.133169417395612,Made or received digital payment,Peer market
Saudi Arabia,SAU,2014,20496432.0,High income,High income,all,all,g20.any,0.511229817317636,Made or received digital payment,Advanced benchmark
Tunisia,TUN,2014,8426960.0,Middle East & North Africa (excluding high income),Lower middle income,all,all,g20.any,0.174028825534952,Made or received digital payment,Peer market
United Arab Emirates,ARE,2014,6398423.0,High income,High income,all,all,g20.any,0.766842857284248,Made or received digital payment,Supplementary benchmark
Algeria,DZA,2017,28799702.0,Middle East & North Africa (excluding high income),Lower middle income,all,all,g20.any,0.259755215146925,Made or received digital payment,Peer market
Egypt,EGY,2017,66961302.0,Middle East & North Africa (excluding high income),Lower middle income,all,all,g20.any,0.228320485696311,Made or received digital payment,Main market
Jordan,JOR,2017,6558247.0,Middle East & North Africa (excluding high income),Upper middle income,all,all,g20.any,0.325323053709328,Made or received digital payment,Peer market
Morocco,MAR,2017,24894226.0,Middle East & North Africa (excluding high income),Lower middle income,all,all,g20.any,0.167148762012259,Made or received digital payment,Peer market
Saudi Arabia,SAU,2017,23241801.0,High income,High income,all,all,g20.any,0.611679190586718,Made or received digital payment,Advanced benchmark
Tunisia,TUN,2017,8662597.0,Middle East & North Africa (excluding high income),Lower middle income,all,all,g20.any,0.294126385875702,Made or received digital payment,Peer market
United Arab Emirates,ARE,2017,7433015.0,High income,High income,all,all,g20.any,0.840400657392158,Made or received digital payment,Supplementary benchmark
Algeria,DZA,2021,30458426.0,Middle East & North Africa (excluding high income),Lower middle income,all,all,g20.any,0.337417672200374,Made or received digital payment,Peer market
Egypt,EGY,2021,72722825.0,Middle East & North Africa (excluding high income),Lower middle income,all,all,g20.any,0.201970288405593,Made or received digital payment,Main market
Jordan,JOR,2021,7296924.0,Middle East & North Africa (excluding high income),Upper middle income,all,all,g20.any,0.363697384331537,Made or received digital payment,Peer market
Morocco,MAR,2021,26706787.0,Middle East & North Africa (excluding high income),Lower middle income,all,all,g20.any,0.303017411414985,Made or received digital payment,Peer market
Saudi Arabia,SAU,2021,23509479.0,High income,High income,all,all,g20.any,0.73454579640307,Made or received digital payment,Advanced benchmark
Tunisia,TUN,2021,8970562.0,Middle East & North Africa (excluding high income),Lower middle income,all,all,g20.any,0.276944988729278,Made or received digital payment,Peer market
United Arab Emirates,ARE,2021,7842387.0,High income,High income,all,all,g20.any,0.766119280152843,Made or received digital payment,Supplementary benchmark
Algeria,DZA,2024,32019804.0,Middle East & North Africa (excluding high income),Lower middle income,all,all,g20.any,0.130934071096339,Made or received digital payment,Peer market
Egypt,EGY,2024,77385958.0,Middle East & North Africa (excluding high income),Lower middle income,all,all,g20.any,0.363274534281143,Made or received digital payment,Main market
Jordan,JOR,2024,7867178.0,Middle East & North Africa (excluding high income),Upper middle income,all,all,g20.any,0.382264798177564,Made or received digital payment,Peer market
Morocco,MAR,2024,27893979.0,Middle East & North Africa (excluding high income),Lower middle income,all,all,g20.any,0.319918303462495,Made or received digital payment,Peer market
Saudi Arabia,SAU,2024,25248449.0,High income,High income,all,all,g20.any,0.757246348679077,Made or received digital payment,Advanced benchmark
Tunisia,TUN,2024,9219268.0,Middle East & North Africa (excluding high income),Lower middle income,all,all,g20.any,0.236811592605673,Made or received digital payment,Peer market
Algeria,DZA,2014,27628433.0,Middle East & North Africa (excluding high income),Lower middle income,gender,men,g20.any,0.367292377271904,Made or received digital payment,Peer market
Algeria,DZA,2014,27628433.0,Middle East & North Africa (excluding high income),Lower middle income,gender,women,g20.any,0.189436589461185,Made or received digital payment,Peer market
Jordan,JOR,2014,5205320.0,Middle East & North Africa (excluding high income),Upper middle income,gender,men,g20.any,0.187291796192906,Made or received digital payment,Peer market
Jordan,JOR,2014,5205320.0,Middle East & North Africa (excluding high income),Upper middle income,gender,women,g20.any,0.0766340448076874,Made or received digital payment,Peer market
Saudi Arabia,SAU,2014,20496432.0,High income,High income,gender,men,g20.any,0.605015719566291,Made or received digital payment,Advanced benchmark
Saudi Arabia,SAU,2014,20496432.0,High income,High income,gender,women,g20.any,0.380291526913248,Made or received digital payment,Advanced benchmark
Tunisia,TUN,2014,8426960.0,Middle East & North Africa (excluding high income),Lower middle income,gender,men,g20.any,0.213193496673007,Made or received digital payment,Peer market
Tunisia,TUN,2014,8426960.0,Middle East & North Africa (excluding high income),Lower middle income,gender,women,g20.any,0.135359284457625,Made or received digital payment,Peer market
United Arab Emirates,ARE,2014,6398423.0,High income,High income,gender,men,g20.any,0.830761373462688,Made or received digital payment,Supplementary benchmark
United Arab Emirates,ARE,2014,6398423.0,High income,High income,gender,women,g20.any,0.602271435606003,Made or received digital payment,Supplementary benchmark
Algeria,DZA,2017,28799702.0,Middle East & North Africa (excluding high income),Lower middle income,gender,men,g20.any,0.323152378846268,Made or received digital payment,Peer market
Algeria,DZA,2017,28799702.0,Middle East & North Africa (excluding high income),Lower middle income,gender,women,g20.any,0.196218893451923,Made or received digital payment,Peer market
Egypt,EGY,2017,66961302.0,Middle East & North Africa (excluding high income),Lower middle income,gender,men,g20.any,0.289657011263988,Made or received digital payment,Main market
Egypt,EGY,2017,66961302.0,Middle East & North Africa (excluding high income),Lower middle income,gender,women,g20.any,0.167811376036593,Made or received digital payment,Main market
Jordan,JOR,2017,6558247.0,Middle East & North Africa (excluding high income),Upper middle income,gender,men,g20.any,0.43201609156108,Made or received digital payment,Peer market
Jordan,JOR,2017,6558247.0,Middle East & North Africa (excluding high income),Upper middle income,gender,women,g20.any,0.2024469902867,Made or received digital payment,Peer market
Morocco,MAR,2017,24894226.0,Middle East & North Africa (excluding high income),Lower middle income,gender,men,g20.any,0.258134602293861,Made or received digital payment,Peer market
Morocco,MAR,2017,24894226.0,Middle East & North Africa (excluding high income),Lower middle income,gender,women,g20.any,0.0831656433014768,Made or received digital payment,Peer market
Saudi Arabia,SAU,2017,23241801.0,High income,High income,gender,men,g20.any,0.737185650650265,Made or received digital payment,Advanced benchmark
Saudi Arabia,SAU,2017,23241801.0,High income,High income,gender,women,g20.any,0.419589750401496,Made or received digital payment,Advanced benchmark
Tunisia,TUN,2017,8662597.0,Middle East & North Africa (excluding high income),Lower middle income,gender,men,g20.any,0.377819222320638,Made or received digital payment,Peer market
Tunisia,TUN,2017,8662597.0,Middle East & North Africa (excluding high income),Lower middle income,gender,women,g20.any,0.213102644630158,Made or received digital payment,Peer market
United Arab Emirates,ARE,2017,7433015.0,High income,High income,gender,men,g20.any,0.902102626271734,Made or received digital payment,Supplementary benchmark
United Arab Emirates,ARE,2017,7433015.0,High income,High income,gender,women,g20.any,0.677305496833825,Made or received digital payment,Supplementary benchmark
Algeria,DZA,2021,30458426.0,Middle East & North Africa (excluding high income),Lower middle income,gender,men,g20.any,0.442652812555821,Made or received digital payment,Peer market
Algeria,DZA,2021,30458426.0,Middle East & North Africa (excluding high income),Lower middle income,gender,women,g20.any,0.230760231144104,Made or received digital payment,Peer market
Egypt,EGY,2021,72722825.0,Middle East & North Africa (excluding high income),Lower middle income,gender,men,g20.any,0.240605586789133,Made or received digital payment,Main market
Egypt,EGY,2021,72722825.0,Middle East & North Africa (excluding high income),Lower middle income,gender,women,g20.any,0.161858158886455,Made or received digital payment,Main market
Jordan,JOR,2021,7296924.0,Middle East & North Africa (excluding high income),Upper middle income,gender,men,g20.any,0.470809825499679,Made or received digital payment,Peer market
Jordan,JOR,2021,7296924.0,Middle East & North Africa (excluding high income),Upper middle income,gender,women,g20.any,0.241878265704932,Made or received digital payment,Peer market
Morocco,MAR,2021,26706787.0,Middle East & North Africa (excluding high income),Lower middle income,gender,men,g20.any,0.392193291969931,Made or received digital payment,Peer market
Morocco,MAR,2021,26706787.0,Middle East & North Africa (excluding high income),Lower middle income,gender,women,g20.any,0.213246075847542,Made or received digital payment,Peer market
Saudi Arabia,SAU,2021,23509479.0,High income,High income,gender,men,g20.any,0.807346665983325,Made or received digital payment,Advanced benchmark
Saudi Arabia,SAU,2021,23509479.0,High income,High income,gender,women,g20.any,0.62728597164044,Made or received digital payment,Advanced benchmark
Tunisia,TUN,2021,8970562.0,Middle East & North Africa (excluding high income),Lower middle income,gender,men,g20.any,0.344950475015706,Made or received digital payment,Peer market
Tunisia,TUN,2021,8970562.0,Middle East & North Africa (excluding high income),Lower middle income,gender,women,g20.any,0.210419920087159,Made or received digital payment,Peer market
United Arab Emirates,ARE,2021,7842387.0,High income,High income,gender,men,g20.any,0.766361166495505,Made or received digital payment,Supplementary benchmark
United Arab Emirates,ARE,2021,7842387.0,High income,High income,gender,women,g20.any,0.765464704401818,Made or received digital payment,Supplementary benchmark
Algeria,DZA,2024,32019804.0,Middle East & North Africa (excluding high income),Lower middle income,gender,men,g20.any,0.199509438699637,Made or received digital payment,Peer market
Algeria,DZA,2024,32019804.0,Middle East & North Africa (excluding high income),Lower middle income,gender,women,g20.any,0.0596843858361684,Made or received digital payment,Peer market
Egypt,EGY,2024,77385958.0,Middle East & North Africa (excluding high income),Lower middle income,gender,men,g20.any,0.410039978643591,Made or received digital payment,Main market
Egypt,EGY,2024,77385958.0,Middle East & North Africa (excluding high income),Lower middle income,gender,women,g20.any,0.315492439953685,Made or received digital payment,Main market
Jordan,JOR,2024,7867178.0,Middle East & North Africa (excluding high income),Upper middle income,gender,men,g20.any,0.475275211018362,Made or received digital payment,Peer market
Jordan,JOR,2024,7867178.0,Middle East & North Africa (excluding high income),Upper middle income,gender,women,g20.any,0.28167104321452,Made or received digital payment,Peer market
Morocco,MAR,2024,27893979.0,Middle East & North Africa (excluding high income),Lower middle income,gender,men,g20.any,0.414666079723856,Made or received digital payment,Peer market
Morocco,MAR,2024,27893979.0,Middle East & North Africa (excluding high income),Lower middle income,gender,women,g20.any,0.230177531993296,Made or received digital payment,Peer market
Saudi Arabia,SAU,2024,25248449.0,High income,High income,gender,men,g20.any,0.791225323688773,Made or received digital payment,Advanced benchmark
Saudi Arabia,SAU,2024,25248449.0,High income,High income,gender,women,g20.any,0.695743632647874,Made or received digital payment,Advanced benchmark
Tunisia,TUN,2024,9219268.0,Middle East & North Africa (excluding high income),Lower middle income,gender,men,g20.any,0.34861840430889,Made or received digital payment,Peer market
Tunisia,TUN,2024,9219268.0,Middle East & North Africa (excluding high income),Lower middle income,gender,women,g20.any,0.129631969215839,Made or received digital payment,Peer market
Algeria,DZA,2014,27628433.0,Middle East & North Africa (excluding high income),Lower middle income,income,richest 60%,g20.any,0.321547322938583,Made or received digital payment,Peer market
Algeria,DZA,2014,27628433.0,Middle East & North Africa (excluding high income),Lower middle income,income,poorest 40%,g20.any,0.213175896091938,Made or received digital payment,Peer market
Jordan,JOR,2014,5205320.0,Middle East & North Africa (excluding high income),Upper middle income,income,richest 60%,g20.any,0.180393456738045,Made or received digital payment,Peer market
Jordan,JOR,2014,5205320.0,Middle East & North Africa (excluding high income),Upper middle income,income,poorest 40%,g20.any,0.0620587724622274,Made or received digital payment,Peer market
Saudi Arabia,SAU,2014,20496432.0,High income,High income,income,richest 60%,g20.any,0.568087591558162,Made or received digital payment,Advanced benchmark
Saudi Arabia,SAU,2014,20496432.0,High income,High income,income,poorest 40%,g20.any,0.435945796441156,Made or received digital payment,Advanced benchmark
Tunisia,TUN,2014,8426960.0,Middle East & North Africa (excluding high income),Lower middle income,income,richest 60%,g20.any,0.246140002423711,Made or received digital payment,Peer market
Tunisia,TUN,2014,8426960.0,Middle East & North Africa (excluding high income),Lower middle income,income,poorest 40%,g20.any,0.0654182757782149,Made or received digital payment,Peer market
United Arab Emirates,ARE,2014,6398423.0,High income,High income,income,richest 60%,g20.any,0.829555971548813,Made or received digital payment,Supplementary benchmark
United Arab Emirates,ARE,2014,6398423.0,High income,High income,income,poorest 40%,g20.any,0.67805514763024,Made or received digital payment,Supplementary benchmark
Algeria,DZA,2017,28799702.0,Middle East & North Africa (excluding high income),Lower middle income,income,richest 60%,g20.any,0.300517895498327,Made or received digital payment,Peer market
Algeria,DZA,2017,28799702.0,Middle East & North Africa (excluding high income),Lower middle income,income,poorest 40%,g20.any,0.198453730313273,Made or received digital payment,Peer market
Egypt,EGY,2017,66961302.0,Middle East & North Africa (excluding high income),Lower middle income,income,richest 60%,g20.any,0.29066874090917,Made or received digital payment,Main market
Egypt,EGY,2017,66961302.0,Middle East & North Africa (excluding high income),Lower middle income,income,poorest 40%,g20.any,0.134570251939265,Made or received digital payment,Main market
Jordan,JOR,2017,6558247.0,Middle East & North Africa (excluding high income),Upper middle income,income,richest 60%,g20.any,0.385281592429173,Made or received digital payment,Peer market
Jordan,JOR,2017,6558247.0,Middle East & North Africa (excluding high income),Upper middle income,income,poorest 40%,g20.any,0.235153152531534,Made or received digital payment,Peer market
Morocco,MAR,2017,24894226.0,Middle East & North Africa (excluding high income),Lower middle income,income,richest 60%,g20.any,0.219792270669584,Made or received digital payment,Peer market
Morocco,MAR,2017,24894226.0,Middle East & North Africa (excluding high income),Lower middle income,income,poorest 40%,g20.any,0.0880843715777979,Made or received digital payment,Peer market
Saudi Arabia,SAU,2017,23241801.0,High income,High income,income,richest 60%,g20.any,0.657680735273047,Made or received digital payment,Advanced benchmark
Saudi Arabia,SAU,2017,23241801.0,High income,High income,income,poorest 40%,g20.any,0.542513179784608,Made or received digital payment,Advanced benchmark
Tunisia,TUN,2017,8662597.0,Middle East & North Africa (excluding high income),Lower middle income,income,richest 60%,g20.any,0.378353736380961,Made or received digital payment,Peer market
Tunisia,TUN,2017,8662597.0,Middle East & North Africa (excluding high income),Lower middle income,income,poorest 40%,g20.any,0.16749092945444,Made or received digital payment,Peer market
United Arab Emirates,ARE,2017,7433015.0,High income,High income,income,richest 60%,g20.any,0.881581561797915,Made or received digital payment,Supplementary benchmark
United Arab Emirates,ARE,2017,7433015.0,High income,High income,income,poorest 40%,g20.any,0.778435549620472,Made or received digital payment,Supplementary benchmark
Algeria,DZA,2021,30458426.0,Middle East & North Africa (excluding high income),Lower middle income,income,richest 60%,g20.any,0.414213241863815,Made or received digital payment,Peer market
Algeria,DZA,2021,30458426.0,Middle East & North Africa (excluding high income),Lower middle income,income,poorest 40%,g20.any,0.221474836204598,Made or received digital payment,Peer market
Egypt,EGY,2021,72722825.0,Middle East & North Africa (excluding high income),Lower middle income,income,richest 60%,g20.any,0.246900089508329,Made or received digital payment,Main market
Egypt,EGY,2021,72722825.0,Middle East & North Africa (excluding high income),Lower middle income,income,poorest 40%,g20.any,0.13434437331324,Made or received digital payment,Main market
Jordan,JOR,2021,7296924.0,Middle East & North Africa (excluding high income),Upper middle income,income,richest 60%,g20.any,0.425410876532151,Made or received digital payment,Peer market
Jordan,JOR,2021,7296924.0,Middle East & North Africa (excluding high income),Upper middle income,income,poorest 40%,g20.any,0.27103826163117,Made or received digital payment,Peer market
Morocco,MAR,2021,26706787.0,Middle East & North Africa (excluding high income),Lower middle income,income,richest 60%,g20.any,0.368783194075649,Made or received digital payment,Peer market
Morocco,MAR,2021,26706787.0,Middle East & North Africa (excluding high income),Lower middle income,income,poorest 40%,g20.any,0.204477831948776,Made or received digital payment,Peer market
Saudi Arabia,SAU,2021,23509479.0,High income,High income,income,richest 60%,g20.any,0.787884443393457,Made or received digital payment,Advanced benchmark
Saudi Arabia,SAU,2021,23509479.0,High income,High income,income,poorest 40%,g20.any,0.654063578558071,Made or received digital payment,Advanced benchmark
Tunisia,TUN,2021,8970562.0,Middle East & North Africa (excluding high income),Lower middle income,income,richest 60%,g20.any,0.311050292101321,Made or received digital payment,Peer market
Tunisia,TUN,2021,8970562.0,Middle East & North Africa (excluding high income),Lower middle income,income,poorest 40%,g20.any,0.225726786083966,Made or received digital payment,Peer market
United Arab Emirates,ARE,2021,7842387.0,High income,High income,income,richest 60%,g20.any,0.785545710955277,Made or received digital payment,Supplementary benchmark
United Arab Emirates,ARE,2021,7842387.0,High income,High income,income,poorest 40%,g20.any,0.736384353055543,Made or received digital payment,Supplementary benchmark
Algeria,DZA,2024,32019804.0,Middle East & North Africa (excluding high income),Lower middle income,income,richest 60%,g20.any,0.145041368242357,Made or received digital payment,Peer market
Algeria,DZA,2024,32019804.0,Middle East & North Africa (excluding high income),Lower middle income,income,poorest 40%,g20.any,0.109716347118675,Made or received digital payment,Peer market
Egypt,EGY,2024,77385958.0,Middle East & North Africa (excluding high income),Lower middle income,income,richest 60%,g20.any,0.434271398593616,Made or received digital payment,Main market
Egypt,EGY,2024,77385958.0,Middle East & North Africa (excluding high income),Lower middle income,income,poorest 40%,g20.any,0.256466697185756,Made or received digital payment,Main market
Jordan,JOR,2024,7867178.0,Middle East & North Africa (excluding high income),Upper middle income,income,richest 60%,g20.any,0.455041952439769,Made or received digital payment,Peer market
Jordan,JOR,2024,7867178.0,Middle East & North Africa (excluding high income),Upper middle income,income,poorest 40%,g20.any,0.273087142718134,Made or received digital payment,Peer market
Morocco,MAR,2024,27893979.0,Middle East & North Africa (excluding high income),Lower middle income,income,richest 60%,g20.any,0.334244916486928,Made or received digital payment,Peer market
Morocco,MAR,2024,27893979.0,Middle East & North Africa (excluding high income),Lower middle income,income,poorest 40%,g20.any,0.298411782768871,Made or received digital payment,Peer market
Saudi Arabia,SAU,2024,25248449.0,High income,High income,income,richest 60%,g20.any,0.784200712739507,Made or received digital payment,Advanced benchmark
Saudi Arabia,SAU,2024,25248449.0,High income,High income,income,poorest 40%,g20.any,0.716899488260626,Made or received digital payment,Advanced benchmark
Tunisia,TUN,2024,9219268.0,Middle East & North Africa (excluding high income),Lower middle income,income,richest 60%,g20.any,0.315847415866227,Made or received digital payment,Peer market
Tunisia,TUN,2024,9219268.0,Middle East & North Africa (excluding high income),Lower middle income,income,poorest 40%,g20.any,0.118016657769757,Made or received digital payment,Peer market
Algeria,DZA,2014,27628433.0,Middle East & North Africa (excluding high income),Lower middle income,age_cat,age 25+,g20.any,0.355426093632837,Made or received digital payment,Peer market
Algeria,DZA,2014,27628433.0,Middle East & North Africa (excluding high income),Lower middle income,age_cat,ages 15-24,g20.any,0.145789944417147,Made or received digital payment,Peer market
Jordan,JOR,2014,5205320.0,Middle East & North Africa (excluding high income),Upper middle income,age_cat,age 25+,g20.any,0.165391429627446,Made or received digital payment,Peer market
Jordan,JOR,2014,5205320.0,Middle East & North Africa (excluding high income),Upper middle income,age_cat,ages 15-24,g20.any,0.0787675860295406,Made or received digital payment,Peer market
Saudi Arabia,SAU,2014,20496432.0,High income,High income,age_cat,age 25+,g20.any,0.512587238859925,Made or received digital payment,Advanced benchmark
Saudi Arabia,SAU,2014,20496432.0,High income,High income,age_cat,ages 15-24,g20.any,0.50676738653328,Made or received digital payment,Advanced benchmark
Tunisia,TUN,2014,8426960.0,Middle East & North Africa (excluding high income),Lower middle income,age_cat,age 25+,g20.any,0.197444849550976,Made or received digital payment,Peer market
Tunisia,TUN,2014,8426960.0,Middle East & North Africa (excluding high income),Lower middle income,age_cat,ages 15-24,g20.any,0.106076483906704,Made or received digital payment,Peer market
United Arab Emirates,ARE,2014,6398423.0,High income,High income,age_cat,age 25+,g20.any,0.805154836058637,Made or received digital payment,Supplementary benchmark
United Arab Emirates,ARE,2014,6398423.0,High income,High income,age_cat,ages 15-24,g20.any,0.627069380224798,Made or received digital payment,Supplementary benchmark
Algeria,DZA,2017,28799702.0,Middle East & North Africa (excluding high income),Lower middle income,age_cat,age 25+,g20.any,0.314635053237807,Made or received digital payment,Peer market
Algeria,DZA,2017,28799702.0,Middle East & North Africa (excluding high income),Lower middle income,age_cat,ages 15-24,g20.any,0.129294227795133,Made or received digital payment,Peer market
Egypt,EGY,2017,66961302.0,Middle East & North Africa (excluding high income),Lower middle income,age_cat,age 25+,g20.any,0.2821868080792,Made or received digital payment,Main market
Egypt,EGY,2017,66961302.0,Middle East & North Africa (excluding high income),Lower middle income,age_cat,ages 15-24,g20.any,0.0815412037365896,Made or received digital payment,Main market
Jordan,JOR,2017,6558247.0,Middle East & North Africa (excluding high income),Upper middle income,age_cat,age 25+,g20.any,0.393054034096473,Made or received digital payment,Peer market
Jordan,JOR,2017,6558247.0,Middle East & North Africa (excluding high income),Upper middle income,age_cat,ages 15-24,g20.any,0.192557195140072,Made or received digital payment,Peer market
Morocco,MAR,2017,24894226.0,Middle East & North Africa (excluding high income),Lower middle income,age_cat,age 25+,g20.any,0.183967890930097,Made or received digital payment,Peer market
Morocco,MAR,2017,24894226.0,Middle East & North Africa (excluding high income),Lower middle income,age_cat,ages 15-24,g20.any,0.113949798651696,Made or received digital payment,Peer market
Saudi Arabia,SAU,2017,23241801.0,High income,High income,age_cat,age 25+,g20.any,0.65909304613922,Made or received digital payment,Advanced benchmark
Saudi Arabia,SAU,2017,23241801.0,High income,High income,age_cat,ages 15-24,g20.any,0.421469812298689,Made or received digital payment,Advanced benchmark
Tunisia,TUN,2017,8662597.0,Middle East & North Africa (excluding high income),Lower middle income,age_cat,age 25+,g20.any,0.32588579709181,Made or received digital payment,Peer market
Tunisia,TUN,2017,8662597.0,Middle East & North Africa (excluding high income),Lower middle income,age_cat,ages 15-24,g20.any,0.155577925251031,Made or received digital payment,Peer market
United Arab Emirates,ARE,2017,7433015.0,High income,High income,age_cat,age 25+,g20.any,0.868757424150097,Made or received digital payment,Supplementary benchmark
United Arab Emirates,ARE,2017,7433015.0,High income,High income,age_cat,ages 15-24,g20.any,0.52593337032912,Made or received digital payment,Supplementary benchmark
Algeria,DZA,2021,30458426.0,Middle East & North Africa (excluding high income),Lower middle income,age_cat,age 25+,g20.any,0.403245586459201,Made or received digital payment,Peer market
Algeria,DZA,2021,30458426.0,Middle East & North Africa (excluding high income),Lower middle income,age_cat,ages 15-24,g20.any,0.182701446497428,Made or received digital payment,Peer market
Egypt,EGY,2021,72722825.0,Middle East & North Africa (excluding high income),Lower middle income,age_cat,age 25+,g20.any,0.247636821569033,Made or received digital payment,Main market
Egypt,EGY,2021,72722825.0,Middle East & North Africa (excluding high income),Lower middle income,age_cat,ages 15-24,g20.any,0.0744967092334158,Made or received digital payment,Main market
Jordan,JOR,2021,7296924.0,Middle East & North Africa (excluding high income),Upper middle income,age_cat,age 25+,g20.any,0.40309747770172,Made or received digital payment,Peer market
Jordan,JOR,2021,7296924.0,Middle East & North Africa (excluding high income),Upper middle income,age_cat,ages 15-24,g20.any,0.2443997034441,Made or received digital payment,Peer market
Morocco,MAR,2021,26706787.0,Middle East & North Africa (excluding high income),Lower middle income,age_cat,age 25+,g20.any,0.308640056934302,Made or received digital payment,Peer market
Morocco,MAR,2021,26706787.0,Middle East & North Africa (excluding high income),Lower middle income,age_cat,ages 15-24,g20.any,0.286865361683359,Made or received digital payment,Peer market
Saudi Arabia,SAU,2021,23509479.0,High income,High income,age_cat,age 25+,g20.any,0.74213951424565,Made or received digital payment,Advanced benchmark
Saudi Arabia,SAU,2021,23509479.0,High income,High income,age_cat,ages 15-24,g20.any,0.705175566329956,Made or received digital payment,Advanced benchmark
Tunisia,TUN,2021,8970562.0,Middle East & North Africa (excluding high income),Lower middle income,age_cat,age 25+,g20.any,0.300393077362102,Made or received digital payment,Peer market
Tunisia,TUN,2021,8970562.0,Middle East & North Africa (excluding high income),Lower middle income,age_cat,ages 15-24,g20.any,0.182967216335895,Made or received digital payment,Peer market
United Arab Emirates,ARE,2021,7842387.0,High income,High income,age_cat,age 25+,g20.any,0.7727091391621,Made or received digital payment,Supplementary benchmark
United Arab Emirates,ARE,2021,7842387.0,High income,High income,age_cat,ages 15-24,g20.any,0.736770987299048,Made or received digital payment,Supplementary benchmark
Algeria,DZA,2024,32019804.0,Middle East & North Africa (excluding high income),Lower middle income,age_cat,age 25+,g20.any,0.156241682671368,Made or received digital payment,Peer market
Algeria,DZA,2024,32019804.0,Middle East & North Africa (excluding high income),Lower middle income,age_cat,ages 15-24,g20.any,0.0558322719374992,Made or received digital payment,Peer market
Egypt,EGY,2024,77385958.0,Middle East & North Africa (excluding high income),Lower middle income,age_cat,age 25+,g20.any,0.395924101338499,Made or received digital payment,Main market
Egypt,EGY,2024,77385958.0,Middle East & North Africa (excluding high income),Lower middle income,age_cat,ages 15-24,g20.any,0.274749801494406,Made or received digital payment,Main market
Jordan,JOR,2024,7867178.0,Middle East & North Africa (excluding high income),Upper middle income,age_cat,age 25+,g20.any,0.45391800172194,Made or received digital payment,Peer market
Jordan,JOR,2024,7867178.0,Middle East & North Africa (excluding high income),Upper middle income,age_cat,ages 15-24,g20.any,0.243098920218703,Made or received digital payment,Peer market
Morocco,MAR,2024,27893979.0,Middle East & North Africa (excluding high income),Lower middle income,age_cat,age 25+,g20.any,0.352459335350308,Made or received digital payment,Peer market
Morocco,MAR,2024,27893979.0,Middle East & North Africa (excluding high income),Lower middle income,age_cat,ages 15-24,g20.any,0.220705285253145,Made or received digital payment,Peer market
Saudi Arabia,SAU,2024,25248449.0,High income,High income,age_cat,age 25+,g20.any,0.791581362614963,Made or received digital payment,Advanced benchmark
Saudi Arabia,SAU,2024,25248449.0,High income,High income,age_cat,ages 15-24,g20.any,0.619103994061063,Made or received digital payment,Advanced benchmark
Tunisia,TUN,2024,9219268.0,Middle East & North Africa (excluding high income),Lower middle income,age_cat,age 25+,g20.any,0.282580984746985,Made or received digital payment,Peer market
Tunisia,TUN,2024,9219268.0,Middle East & North Africa (excluding high income),Lower middle income,age_cat,ages 15-24,g20.any,0.0797608656064581,Made or received digital payment,Peer market
Algeria,DZA,2024,32019804.0,Middle East & North Africa (excluding high income),Lower middle income,urbanicity,rural,g20.any,0.0586969288494938,Made or received digital payment,Peer market
Algeria,DZA,2024,32019804.0,Middle East & North Africa (excluding high income),Lower middle income,urbanicity,urban,g20.any,0.160191146239118,Made or received digital payment,Peer market
Egypt,EGY,2024,77385958.0,Middle East & North Africa (excluding high income),Lower middle income,urbanicity,rural,g20.any,0.346678979365228,Made or received digital payment,Main market
Egypt,EGY,2024,77385958.0,Middle East & North Africa (excluding high income),Lower middle income,urbanicity,urban,g20.any,0.372754943603671,Made or received digital payment,Main market
Jordan,JOR,2024,7867178.0,Middle East & North Africa (excluding high income),Upper middle income,urbanicity,rural,g20.any,0.369576920625678,Made or received digital payment,Peer market
Jordan,JOR,2024,7867178.0,Middle East & North Africa (excluding high income),Upper middle income,urbanicity,urban,g20.any,0.387864198545085,Made or received digital payment,Peer market
Morocco,MAR,2024,27893979.0,Middle East & North Africa (excluding high income),Lower middle income,urbanicity,rural,g20.any,0.290720720597744,Made or received digital payment,Peer market
Morocco,MAR,2024,27893979.0,Middle East & North Africa (excluding high income),Lower middle income,urbanicity,urban,g20.any,0.344358772198096,Made or received digital payment,Peer market
Saudi Arabia,SAU,2024,25248449.0,High income,High income,urbanicity,rural,g20.any,0.734982525093188,Made or received digital payment,Advanced benchmark
Saudi Arabia,SAU,2024,25248449.0,High income,High income,urbanicity,urban,g20.any,0.759910123812616,Made or received digital payment,Advanced benchmark
Tunisia,TUN,2024,9219268.0,Middle East & North Africa (excluding high income),Lower middle income,urbanicity,rural,g20.any,0.190121064793792,Made or received digital payment,Peer market
Tunisia,TUN,2024,9219268.0,Middle East & North Africa (excluding high income),Lower middle income,urbanicity,urban,g20.any,0.291020772438012,Made or received digital payment,Peer market
Algeria,DZA,2014,27628433.0,Middle East & North Africa (excluding high income),Lower middle income,laborforce,out of laborforce,g20.any,0.107681610994854,Made or received digital payment,Peer market
Algeria,DZA,2014,27628433.0,Middle East & North Africa (excluding high income),Lower middle income,laborforce,in laborforce,g20.any,0.551715987213882,Made or received digital payment,Peer market
Jordan,JOR,2014,5205320.0,Middle East & North Africa (excluding high income),Upper middle income,laborforce,out of laborforce,g20.any,0.0487720358412204,Made or received digital payment,Peer market
Jordan,JOR,2014,5205320.0,Middle East & North Africa (excluding high income),Upper middle income,laborforce,in laborforce,g20.any,0.321110042779163,Made or received digital payment,Peer market
Saudi Arabia,SAU,2014,20496432.0,High income,High income,laborforce,out of laborforce,g20.any,0.394077624905596,Made or received digital payment,Advanced benchmark
Saudi Arabia,SAU,2014,20496432.0,High income,High income,laborforce,in laborforce,g20.any,0.675465474105331,Made or received digital payment,Advanced benchmark
Tunisia,TUN,2014,8426960.0,Middle East & North Africa (excluding high income),Lower middle income,laborforce,out of laborforce,g20.any,0.119432396485926,Made or received digital payment,Peer market
Tunisia,TUN,2014,8426960.0,Middle East & North Africa (excluding high income),Lower middle income,laborforce,in laborforce,g20.any,0.26234130966625,Made or received digital payment,Peer market
United Arab Emirates,ARE,2014,6398423.0,High income,High income,laborforce,out of laborforce,g20.any,0.421475823834398,Made or received digital payment,Supplementary benchmark
United Arab Emirates,ARE,2014,6398423.0,High income,High income,laborforce,in laborforce,g20.any,0.870328438937935,Made or received digital payment,Supplementary benchmark
Algeria,DZA,2017,28799702.0,Middle East & North Africa (excluding high income),Lower middle income,laborforce,out of laborforce,g20.any,0.154094042187708,Made or received digital payment,Peer market
Algeria,DZA,2017,28799702.0,Middle East & North Africa (excluding high income),Lower middle income,laborforce,in laborforce,g20.any,0.425399461536473,Made or received digital payment,Peer market
Egypt,EGY,2017,66961302.0,Middle East & North Africa (excluding high income),Lower middle income,laborforce,out of laborforce,g20.any,0.180892080454158,Made or received digital payment,Main market
Egypt,EGY,2017,66961302.0,Middle East & North Africa (excluding high income),Lower middle income,laborforce,in laborforce,g20.any,0.299406285166462,Made or received digital payment,Main market
Jordan,JOR,2017,6558247.0,Middle East & North Africa (excluding high income),Upper middle income,laborforce,out of laborforce,g20.any,0.238082579010562,Made or received digital payment,Peer market
Jordan,JOR,2017,6558247.0,Middle East & North Africa (excluding high income),Upper middle income,laborforce,in laborforce,g20.any,0.475416142041596,Made or received digital payment,Peer market
Morocco,MAR,2017,24894226.0,Middle East & North Africa (excluding high income),Lower middle income,laborforce,out of laborforce,g20.any,0.107464189244095,Made or received digital payment,Peer market
Morocco,MAR,2017,24894226.0,Middle East & North Africa (excluding high income),Lower middle income,laborforce,in laborforce,g20.any,0.284257600778426,Made or received digital payment,Peer market
Saudi Arabia,SAU,2017,23241801.0,High income,High income,laborforce,out of laborforce,g20.any,0.370452107692374,Made or received digital payment,Advanced benchmark
Saudi Arabia,SAU,2017,23241801.0,High income,High income,laborforce,in laborforce,g20.any,0.757539650920163,Made or received digital payment,Advanced benchmark
Tunisia,TUN,2017,8662597.0,Middle East & North Africa (excluding high income),Lower middle income,laborforce,out of laborforce,g20.any,0.155520136357664,Made or received digital payment,Peer market
Tunisia,TUN,2017,8662597.0,Middle East & North Africa (excluding high income),Lower middle income,laborforce,in laborforce,g20.any,0.494774143787402,Made or received digital payment,Peer market
United Arab Emirates,ARE,2017,7433015.0,High income,High income,laborforce,out of laborforce,g20.any,0.432694096693912,Made or received digital payment,Supplementary benchmark
United Arab Emirates,ARE,2017,7433015.0,High income,High income,laborforce,in laborforce,g20.any,0.92385791804484,Made or received digital payment,Supplementary benchmark
Algeria,DZA,2021,30458426.0,Middle East & North Africa (excluding high income),Lower middle income,laborforce,out of laborforce,g20.any,0.191260767952793,Made or received digital payment,Peer market
Algeria,DZA,2021,30458426.0,Middle East & North Africa (excluding high income),Lower middle income,laborforce,in laborforce,g20.any,0.594924354666412,Made or received digital payment,Peer market
Egypt,EGY,2021,72722825.0,Middle East & North Africa (excluding high income),Lower middle income,laborforce,out of laborforce,g20.any,0.166428513511537,Made or received digital payment,Main market
Egypt,EGY,2021,72722825.0,Middle East & North Africa (excluding high income),Lower middle income,laborforce,in laborforce,g20.any,0.25867542621237,Made or received digital payment,Main market
Jordan,JOR,2021,7296924.0,Middle East & North Africa (excluding high income),Upper middle income,laborforce,out of laborforce,g20.any,0.285512018815101,Made or received digital payment,Peer market
Jordan,JOR,2021,7296924.0,Middle East & North Africa (excluding high income),Upper middle income,laborforce,in laborforce,g20.any,0.512451791202924,Made or received digital payment,Peer market
Morocco,MAR,2021,26706787.0,Middle East & North Africa (excluding high income),Lower middle income,laborforce,out of laborforce,g20.any,0.239082687664096,Made or received digital payment,Peer market
Morocco,MAR,2021,26706787.0,Middle East & North Africa (excluding high income),Lower middle income,laborforce,in laborforce,g20.any,0.408222027801072,Made or received digital payment,Peer market
Saudi Arabia,SAU,2021,23509479.0,High income,High income,laborforce,out of laborforce,g20.any,0.496965456266548,Made or received digital payment,Advanced benchmark
Saudi Arabia,SAU,2021,23509479.0,High income,High income,laborforce,in laborforce,g20.any,0.838501361854914,Made or received digital payment,Advanced benchmark
Tunisia,TUN,2021,8970562.0,Middle East & North Africa (excluding high income),Lower middle income,laborforce,out of laborforce,g20.any,0.227332303364166,Made or received digital payment,Peer market
Tunisia,TUN,2021,8970562.0,Middle East & North Africa (excluding high income),Lower middle income,laborforce,in laborforce,g20.any,0.341211336838468,Made or received digital payment,Peer market
United Arab Emirates,ARE,2021,7842387.0,High income,High income,laborforce,out of laborforce,g20.any,0.755156180932087,Made or received digital payment,Supplementary benchmark
United Arab Emirates,ARE,2021,7842387.0,High income,High income,laborforce,in laborforce,g20.any,0.771878258505879,Made or received digital payment,Supplementary benchmark
Algeria,DZA,2024,32019804.0,Middle East & North Africa (excluding high income),Lower middle income,laborforce,out of laborforce,g20.any,0.0911850681216438,Made or received digital payment,Peer market
Algeria,DZA,2024,32019804.0,Middle East & North Africa (excluding high income),Lower middle income,laborforce,in laborforce,g20.any,0.19414947678677,Made or received digital payment,Peer market
Egypt,EGY,2024,77385958.0,Middle East & North Africa (excluding high income),Lower middle income,laborforce,out of laborforce,g20.any,0.340631284096861,Made or received digital payment,Main market
Egypt,EGY,2024,77385958.0,Middle East & North Africa (excluding high income),Lower middle income,laborforce,in laborforce,g20.any,0.390674083721473,Made or received digital payment,Main market
Jordan,JOR,2024,7867178.0,Middle East & North Africa (excluding high income),Upper middle income,laborforce,out of laborforce,g20.any,0.310894423012579,Made or received digital payment,Peer market
Jordan,JOR,2024,7867178.0,Middle East & North Africa (excluding high income),Upper middle income,laborforce,in laborforce,g20.any,0.552095768734323,Made or received digital payment,Peer market
Morocco,MAR,2024,27893979.0,Middle East & North Africa (excluding high income),Lower middle income,laborforce,out of laborforce,g20.any,0.265674082965635,Made or received digital payment,Peer market
Morocco,MAR,2024,27893979.0,Middle East & North Africa (excluding high income),Lower middle income,laborforce,in laborforce,g20.any,0.410615640971467,Made or received digital payment,Peer market
Saudi Arabia,SAU,2024,25248449.0,High income,High income,laborforce,out of laborforce,g20.any,0.61263966146869,Made or received digital payment,Advanced benchmark
Saudi Arabia,SAU,2024,25248449.0,High income,High income,laborforce,in laborforce,g20.any,0.819000384698712,Made or received digital payment,Advanced benchmark
Tunisia,TUN,2024,9219268.0,Middle East & North Africa (excluding high income),Lower middle income,laborforce,out of laborforce,g20.any,0.0847957588566049,Made or received digital payment,Peer market
Tunisia,TUN,2024,9219268.0,Middle East & North Africa (excluding high income),Lower middle income,laborforce,in laborforce,g20.any,0.410312596889548,Made or received digital payment,Peer market
Algeria,DZA,2014,27628433.0,Middle East & North Africa (excluding high income),Lower middle income,education,secondary edu or more,g20.any,0.323278751837181,Made or received digital payment,Peer market
Algeria,DZA,2014,27628433.0,Middle East & North Africa (excluding high income),Lower middle income,education,prim edu or less,g20.any,0.258486393553236,Made or received digital payment,Peer market
Jordan,JOR,2014,5205320.0,Middle East & North Africa (excluding high income),Upper middle income,education,secondary edu or more,g20.any,0.158093036941389,Made or received digital payment,Peer market
Jordan,JOR,2014,5205320.0,Middle East & North Africa (excluding high income),Upper middle income,education,prim edu or less,g20.any,0.0625372939927866,Made or received digital payment,Peer market
Saudi Arabia,SAU,2014,20496432.0,High income,High income,education,secondary edu or more,g20.any,0.55713044163269,Made or received digital payment,Advanced benchmark
Saudi Arabia,SAU,2014,20496432.0,High income,High income,education,prim edu or less,g20.any,0.363664959427846,Made or received digital payment,Advanced benchmark
Tunisia,TUN,2014,8426960.0,Middle East & North Africa (excluding high income),Lower middle income,education,secondary edu or more,g20.any,0.24120315645272,Made or received digital payment,Peer market
Tunisia,TUN,2014,8426960.0,Middle East & North Africa (excluding high income),Lower middle income,education,prim edu or less,g20.any,0.11829370787812,Made or received digital payment,Peer market
United Arab Emirates,ARE,2014,6398423.0,High income,High income,education,secondary edu or more,g20.any,0.778759316968985,Made or received digital payment,Supplementary benchmark
United Arab Emirates,ARE,2014,6398423.0,High income,High income,education,prim edu or less,g20.any,0.467515780148567,Made or received digital payment,Supplementary benchmark
Algeria,DZA,2017,28799702.0,Middle East & North Africa (excluding high income),Lower middle income,education,secondary edu or more,g20.any,0.313773451499186,Made or received digital payment,Peer market
Algeria,DZA,2017,28799702.0,Middle East & North Africa (excluding high income),Lower middle income,education,prim edu or less,g20.any,0.223676970503947,Made or received digital payment,Peer market
Egypt,EGY,2017,66961302.0,Middle East & North Africa (excluding high income),Lower middle income,education,secondary edu or more,g20.any,0.233733900738573,Made or received digital payment,Main market
Egypt,EGY,2017,66961302.0,Middle East & North Africa (excluding high income),Lower middle income,education,prim edu or less,g20.any,0.218665634560477,Made or received digital payment,Main market
Jordan,JOR,2017,6558247.0,Middle East & North Africa (excluding high income),Upper middle income,education,secondary edu or more,g20.any,0.341290796191723,Made or received digital payment,Peer market
Jordan,JOR,2017,6558247.0,Middle East & North Africa (excluding high income),Upper middle income,education,prim edu or less,g20.any,0.284050618095011,Made or received digital payment,Peer market
Morocco,MAR,2017,24894226.0,Middle East & North Africa (excluding high income),Lower middle income,education,secondary edu or more,g20.any,0.312817390715967,Made or received digital payment,Peer market
Morocco,MAR,2017,24894226.0,Middle East & North Africa (excluding high income),Lower middle income,education,prim edu or less,g20.any,0.109938858745647,Made or received digital payment,Peer market
Saudi Arabia,SAU,2017,23241801.0,High income,High income,education,secondary edu or more,g20.any,0.630203682117735,Made or received digital payment,Advanced benchmark
Saudi Arabia,SAU,2017,23241801.0,High income,High income,education,prim edu or less,g20.any,0.482227482889831,Made or received digital payment,Advanced benchmark
Tunisia,TUN,2017,8662597.0,Middle East & North Africa (excluding high income),Lower middle income,education,secondary edu or more,g20.any,0.394618170734545,Made or received digital payment,Peer market
Tunisia,TUN,2017,8662597.0,Middle East & North Africa (excluding high income),Lower middle income,education,prim edu or less,g20.any,0.169515182112298,Made or received digital payment,Peer market
United Arab Emirates,ARE,2017,7433015.0,High income,High income,education,secondary edu or more,g20.any,0.850177161708797,Made or received digital payment,Supplementary benchmark
United Arab Emirates,ARE,2017,7433015.0,High income,High income,education,prim edu or less,g20.any,0.564609975083269,Made or received digital payment,Supplementary benchmark
Algeria,DZA,2021,30458426.0,Middle East & North Africa (excluding high income),Lower middle income,education,secondary edu or more,g20.any,0.352258764504277,Made or received digital payment,Peer market
Algeria,DZA,2021,30458426.0,Middle East & North Africa (excluding high income),Lower middle income,education,prim edu or less,g20.any,0.299289973617091,Made or received digital payment,Peer market
Egypt,EGY,2021,72722825.0,Middle East & North Africa (excluding high income),Lower middle income,education,secondary edu or more,g20.any,0.241728263691299,Made or received digital payment,Main market
Egypt,EGY,2021,72722825.0,Middle East & North Africa (excluding high income),Lower middle income,education,prim edu or less,g20.any,0.166883224646256,Made or received digital payment,Main market
Jordan,JOR,2021,7296924.0,Middle East & North Africa (excluding high income),Upper middle income,education,secondary edu or more,g20.any,0.388268254551718,Made or received digital payment,Peer market
Jordan,JOR,2021,7296924.0,Middle East & North Africa (excluding high income),Upper middle income,education,prim edu or less,g20.any,0.296074539325946,Made or received digital payment,Peer market
Morocco,MAR,2021,26706787.0,Middle East & North Africa (excluding high income),Lower middle income,education,secondary edu or more,g20.any,0.441519608386518,Made or received digital payment,Peer market
Morocco,MAR,2021,26706787.0,Middle East & North Africa (excluding high income),Lower middle income,education,prim edu or less,g20.any,0.225446610057318,Made or received digital payment,Peer market
Saudi Arabia,SAU,2021,23509479.0,High income,High income,education,secondary edu or more,g20.any,0.733140981369706,Made or received digital payment,Advanced benchmark
Saudi Arabia,SAU,2021,23509479.0,High income,High income,education,prim edu or less,g20.any,0.768009341415257,Made or received digital payment,Advanced benchmark
Tunisia,TUN,2021,8970562.0,Middle East & North Africa (excluding high income),Lower middle income,education,secondary edu or more,g20.any,0.348753231262201,Made or received digital payment,Peer market
Tunisia,TUN,2021,8970562.0,Middle East & North Africa (excluding high income),Lower middle income,education,prim edu or less,g20.any,0.194500204037371,Made or received digital payment,Peer market
United Arab Emirates,ARE,2021,7842387.0,High income,High income,education,secondary edu or more,g20.any,0.777359508806471,Made or received digital payment,Supplementary benchmark
United Arab Emirates,ARE,2021,7842387.0,High income,High income,education,prim edu or less,g20.any,0.578895718490873,Made or received digital payment,Supplementary benchmark
Algeria,DZA,2024,32019804.0,Middle East & North Africa (excluding high income),Lower middle income,education,secondary edu or more,g20.any,0.15790507984842,Made or received digital payment,Peer market
Algeria,DZA,2024,32019804.0,Middle East & North Africa (excluding high income),Lower middle income,education,prim edu or less,g20.any,0.0551970931172636,Made or received digital payment,Peer market
Egypt,EGY,2024,77385958.0,Middle East & North Africa (excluding high income),Lower middle income,education,secondary edu or more,g20.any,0.424803136676931,Made or received digital payment,Main market
Egypt,EGY,2024,77385958.0,Middle East & North Africa (excluding high income),Lower middle income,education,prim edu or less,g20.any,0.308317059112631,Made or received digital payment,Main market
Jordan,JOR,2024,7867178.0,Middle East & North Africa (excluding high income),Upper middle income,education,secondary edu or more,g20.any,0.405125460071482,Made or received digital payment,Peer market
Jordan,JOR,2024,7867178.0,Middle East & North Africa (excluding high income),Upper middle income,education,prim edu or less,g20.any,0.281871195749105,Made or received digital payment,Peer market
Morocco,MAR,2024,27893979.0,Middle East & North Africa (excluding high income),Lower middle income,education,secondary edu or more,g20.any,0.406190377138496,Made or received digital payment,Peer market
Morocco,MAR,2024,27893979.0,Middle East & North Africa (excluding high income),Lower middle income,education,prim edu or less,g20.any,0.273052222290774,Made or received digital payment,Peer market
Saudi Arabia,SAU,2024,25248449.0,High income,High income,education,secondary edu or more,g20.any,0.762935184664896,Made or received digital payment,Advanced benchmark
Saudi Arabia,SAU,2024,25248449.0,High income,High income,education,prim edu or less,g20.any,0.611182451760216,Made or received digital payment,Advanced benchmark
Tunisia,TUN,2024,9219268.0,Middle East & North Africa (excluding high income),Lower middle income,education,secondary edu or more,g20.any,0.318809536719543,Made or received digital payment,Peer market
Tunisia,TUN,2024,9219268.0,Middle East & North Africa (excluding high income),Lower middle income,education,prim edu or less,g20.any,0.141903511233126,Made or received digital payment,Peer market
Algeria,DZA,2014,27628433.0,Middle East & North Africa (excluding high income),Lower middle income,all,all,save.any.t.d,0.453138181383446,Saved any money,Peer market
Egypt,EGY,2014,63009609.0,Middle East & North Africa (excluding high income),Lower middle income,all,all,save.any.t.d,0.259286350084592,Saved any money,Main market
Jordan,JOR,2014,5205320.0,Middle East & North Africa (excluding high income),Upper middle income,all,all,save.any.t.d,0.292151706099765,Saved any money,Peer market
Saudi Arabia,SAU,2014,20496432.0,High income,High income,all,all,save.any.t.d,0.453544806401247,Saved any money,Advanced benchmark
Tunisia,TUN,2014,8426960.0,Middle East & North Africa (excluding high income),Lower middle income,all,all,save.any.t.d,0.380110050374871,Saved any money,Peer market
United Arab Emirates,ARE,2014,6398423.0,High income,High income,all,all,save.any.t.d,0.665589450834276,Saved any money,Supplementary benchmark
Algeria,DZA,2017,28799702.0,Middle East & North Africa (excluding high income),Lower middle income,all,all,save.any.t.d,0.386612666277264,Saved any money,Peer market
Egypt,EGY,2017,66961302.0,Middle East & North Africa (excluding high income),Lower middle income,all,all,save.any.t.d,0.306392511396371,Saved any money,Main market
Jordan,JOR,2017,6558247.0,Middle East & North Africa (excluding high income),Upper middle income,all,all,save.any.t.d,0.451707554751416,Saved any money,Peer market
Morocco,MAR,2017,24894226.0,Middle East & North Africa (excluding high income),Lower middle income,all,all,save.any.t.d,0.213594272351452,Saved any money,Peer market
Saudi Arabia,SAU,2017,23241801.0,High income,High income,all,all,save.any.t.d,0.441932638751051,Saved any money,Advanced benchmark
Tunisia,TUN,2017,8662597.0,Middle East & North Africa (excluding high income),Lower middle income,all,all,save.any.t.d,0.39396338619623,Saved any money,Peer market
United Arab Emirates,ARE,2017,7433015.0,High income,High income,all,all,save.any.t.d,0.568147882893329,Saved any money,Supplementary benchmark
Algeria,DZA,2021,30458426.0,Middle East & North Africa (excluding high income),Lower middle income,all,all,save.any.t.d,0.456877651050778,Saved any money,Peer market
Egypt,EGY,2021,72722825.0,Middle East & North Africa (excluding high income),Lower middle income,all,all,save.any.t.d,0.207860694471219,Saved any money,Main market
Jordan,JOR,2021,7296924.0,Middle East & North Africa (excluding high income),Upper middle income,all,all,save.any.t.d,0.241415492886164,Saved any money,Peer market
Morocco,MAR,2021,26706787.0,Middle East & North Africa (excluding high income),Lower middle income,all,all,save.any.t.d,0.346867110294518,Saved any money,Peer market
Saudi Arabia,SAU,2021,23509479.0,High income,High income,all,all,save.any.t.d,0.63026741484836,Saved any money,Advanced benchmark
Tunisia,TUN,2021,8970562.0,Middle East & North Africa (excluding high income),Lower middle income,all,all,save.any.t.d,0.44687274115615,Saved any money,Peer market
United Arab Emirates,ARE,2021,7842387.0,High income,High income,all,all,save.any.t.d,0.335979731139081,Saved any money,Supplementary benchmark
Algeria,DZA,2024,32019804.0,Middle East & North Africa (excluding high income),Lower middle income,all,all,save.any.t.d,0.380608732279768,Saved any money,Peer market
Egypt,EGY,2024,77385958.0,Middle East & North Africa (excluding high income),Lower middle income,all,all,save.any.t.d,0.230036909279873,Saved any money,Main market
Jordan,JOR,2024,7867178.0,Middle East & North Africa (excluding high income),Upper middle income,all,all,save.any.t.d,0.316055780126099,Saved any money,Peer market
Morocco,MAR,2024,27893979.0,Middle East & North Africa (excluding high income),Lower middle income,all,all,save.any.t.d,0.216608809574067,Saved any money,Peer market
Saudi Arabia,SAU,2024,25248449.0,High income,High income,all,all,save.any.t.d,0.571088391712506,Saved any money,Advanced benchmark
Tunisia,TUN,2024,9219268.0,Middle East & North Africa (excluding high income),Lower middle income,all,all,save.any.t.d,0.482495360760963,Saved any money,Peer market
Algeria,DZA,2014,27628433.0,Middle East & North Africa (excluding high income),Lower middle income,gender,men,save.any.t.d,0.532709425578871,Saved any money,Peer market
Algeria,DZA,2014,27628433.0,Middle East & North Africa (excluding high income),Lower middle income,gender,women,save.any.t.d,0.373784053653501,Saved any money,Peer market
Egypt,EGY,2014,63009609.0,Middle East & North Africa (excluding high income),Lower middle income,gender,men,save.any.t.d,0.278084260080014,Saved any money,Main market
Egypt,EGY,2014,63009609.0,Middle East & North Africa (excluding high income),Lower middle income,gender,women,save.any.t.d,0.239741215217332,Saved any money,Main market
Jordan,JOR,2014,5205320.0,Middle East & North Africa (excluding high income),Upper middle income,gender,men,save.any.t.d,0.292358659276988,Saved any money,Peer market
Jordan,JOR,2014,5205320.0,Middle East & North Africa (excluding high income),Upper middle income,gender,women,save.any.t.d,0.291935526115763,Saved any money,Peer market
Saudi Arabia,SAU,2014,20496432.0,High income,High income,gender,men,save.any.t.d,0.52042438257472,Saved any money,Advanced benchmark
Saudi Arabia,SAU,2014,20496432.0,High income,High income,gender,women,save.any.t.d,0.360171525799791,Saved any money,Advanced benchmark
Tunisia,TUN,2014,8426960.0,Middle East & North Africa (excluding high income),Lower middle income,gender,men,save.any.t.d,0.392671704433135,Saved any money,Peer market
Tunisia,TUN,2014,8426960.0,Middle East & North Africa (excluding high income),Lower middle income,gender,women,save.any.t.d,0.367707204047043,Saved any money,Peer market
United Arab Emirates,ARE,2014,6398423.0,High income,High income,gender,men,save.any.t.d,0.700483423433774,Saved any money,Supplementary benchmark
United Arab Emirates,ARE,2014,6398423.0,High income,High income,gender,women,save.any.t.d,0.575747711350372,Saved any money,Supplementary benchmark
Algeria,DZA,2017,28799702.0,Middle East & North Africa (excluding high income),Lower middle income,gender,men,save.any.t.d,0.44514717528755,Saved any money,Peer market
Algeria,DZA,2017,28799702.0,Middle East & North Africa (excluding high income),Lower middle income,gender,women,save.any.t.d,0.32794967289204,Saved any money,Peer market
Egypt,EGY,2017,66961302.0,Middle East & North Africa (excluding high income),Lower middle income,gender,men,save.any.t.d,0.343055276366724,Saved any money,Main market
Egypt,EGY,2017,66961302.0,Middle East & North Africa (excluding high income),Lower middle income,gender,women,save.any.t.d,0.270224318863655,Saved any money,Main market
Jordan,JOR,2017,6558247.0,Middle East & North Africa (excluding high income),Upper middle income,gender,men,save.any.t.d,0.469873627292859,Saved any money,Peer market
Jordan,JOR,2017,6558247.0,Middle East & North Africa (excluding high income),Upper middle income,gender,women,save.any.t.d,0.43078608202286,Saved any money,Peer market
Morocco,MAR,2017,24894226.0,Middle East & North Africa (excluding high income),Lower middle income,gender,men,save.any.t.d,0.253460413303797,Saved any money,Peer market
Morocco,MAR,2017,24894226.0,Middle East & North Africa (excluding high income),Lower middle income,gender,women,save.any.t.d,0.176796427348546,Saved any money,Peer market
Saudi Arabia,SAU,2017,23241801.0,High income,High income,gender,men,save.any.t.d,0.4653411587056,Saved any money,Advanced benchmark
Saudi Arabia,SAU,2017,23241801.0,High income,High income,gender,women,save.any.t.d,0.406105562667819,Saved any money,Advanced benchmark
Tunisia,TUN,2017,8662597.0,Middle East & North Africa (excluding high income),Lower middle income,gender,men,save.any.t.d,0.448298063968938,Saved any money,Peer market
Tunisia,TUN,2017,8662597.0,Middle East & North Africa (excluding high income),Lower middle income,gender,women,save.any.t.d,0.341361526114543,Saved any money,Peer market
United Arab Emirates,ARE,2017,7433015.0,High income,High income,gender,men,save.any.t.d,0.578682068294523,Saved any money,Supplementary benchmark
United Arab Emirates,ARE,2017,7433015.0,High income,High income,gender,women,save.any.t.d,0.540303152967253,Saved any money,Supplementary benchmark
Algeria,DZA,2021,30458426.0,Middle East & North Africa (excluding high income),Lower middle income,gender,men,save.any.t.d,0.456902071567856,Saved any money,Peer market
Algeria,DZA,2021,30458426.0,Middle East & North Africa (excluding high income),Lower middle income,gender,women,save.any.t.d,0.456852900479325,Saved any money,Peer market
Egypt,EGY,2021,72722825.0,Middle East & North Africa (excluding high income),Lower middle income,gender,men,save.any.t.d,0.221915661030626,Saved any money,Main market
Egypt,EGY,2021,72722825.0,Middle East & North Africa (excluding high income),Lower middle income,gender,women,save.any.t.d,0.193268477959225,Saved any money,Main market
Jordan,JOR,2021,7296924.0,Middle East & North Africa (excluding high income),Upper middle income,gender,men,save.any.t.d,0.238330785803237,Saved any money,Peer market
Jordan,JOR,2021,7296924.0,Middle East & North Africa (excluding high income),Upper middle income,gender,women,save.any.t.d,0.244923734262846,Saved any money,Peer market
Morocco,MAR,2021,26706787.0,Middle East & North Africa (excluding high income),Lower middle income,gender,men,save.any.t.d,0.366813139465232,Saved any money,Peer market
Morocco,MAR,2021,26706787.0,Middle East & North Africa (excluding high income),Lower middle income,gender,women,save.any.t.d,0.32678789530074,Saved any money,Peer market
Saudi Arabia,SAU,2021,23509479.0,High income,High income,gender,men,save.any.t.d,0.637233269548444,Saved any money,Advanced benchmark
Saudi Arabia,SAU,2021,23509479.0,High income,High income,gender,women,save.any.t.d,0.620004400700853,Saved any money,Advanced benchmark
Tunisia,TUN,2021,8970562.0,Middle East & North Africa (excluding high income),Lower middle income,gender,men,save.any.t.d,0.419830230999648,Saved any money,Peer market
Tunisia,TUN,2021,8970562.0,Middle East & North Africa (excluding high income),Lower middle income,gender,women,save.any.t.d,0.473326560438308,Saved any money,Peer market
United Arab Emirates,ARE,2021,7842387.0,High income,High income,gender,men,save.any.t.d,0.380603910061824,Saved any money,Supplementary benchmark
United Arab Emirates,ARE,2021,7842387.0,High income,High income,gender,women,save.any.t.d,0.215220927186596,Saved any money,Supplementary benchmark
Algeria,DZA,2024,32019804.0,Middle East & North Africa (excluding high income),Lower middle income,gender,men,save.any.t.d,0.46537603810662,Saved any money,Peer market
Algeria,DZA,2024,32019804.0,Middle East & North Africa (excluding high income),Lower middle income,gender,women,save.any.t.d,0.292535651936188,Saved any money,Peer market
Egypt,EGY,2024,77385958.0,Middle East & North Africa (excluding high income),Lower middle income,gender,men,save.any.t.d,0.293949609087674,Saved any money,Main market
Egypt,EGY,2024,77385958.0,Middle East & North Africa (excluding high income),Lower middle income,gender,women,save.any.t.d,0.164734789465289,Saved any money,Main market
Jordan,JOR,2024,7867178.0,Middle East & North Africa (excluding high income),Upper middle income,gender,men,save.any.t.d,0.301983959257362,Saved any money,Peer market
Jordan,JOR,2024,7867178.0,Middle East & North Africa (excluding high income),Upper middle income,gender,women,save.any.t.d,0.331274907287446,Saved any money,Peer market
Morocco,MAR,2024,27893979.0,Middle East & North Africa (excluding high income),Lower middle income,gender,men,save.any.t.d,0.267946119016566,Saved any money,Peer market
Morocco,MAR,2024,27893979.0,Middle East & North Africa (excluding high income),Lower middle income,gender,women,save.any.t.d,0.167984451976329,Saved any money,Peer market
Saudi Arabia,SAU,2024,25248449.0,High income,High income,gender,men,save.any.t.d,0.603983379035806,Saved any money,Advanced benchmark
Saudi Arabia,SAU,2024,25248449.0,High income,High income,gender,women,save.any.t.d,0.511547717998318,Saved any money,Advanced benchmark
Tunisia,TUN,2024,9219268.0,Middle East & North Africa (excluding high income),Lower middle income,gender,men,save.any.t.d,0.516379778791121,Saved any money,Peer market
Tunisia,TUN,2024,9219268.0,Middle East & North Africa (excluding high income),Lower middle income,gender,women,save.any.t.d,0.450013268588474,Saved any money,Peer market
Algeria,DZA,2014,27628433.0,Middle East & North Africa (excluding high income),Lower middle income,income,richest 60%,save.any.t.d,0.517479341897467,Saved any money,Peer market
Algeria,DZA,2014,27628433.0,Middle East & North Africa (excluding high income),Lower middle income,income,poorest 40%,save.any.t.d,0.356462104730496,Saved any money,Peer market
Egypt,EGY,2014,63009609.0,Middle East & North Africa (excluding high income),Lower middle income,income,richest 60%,save.any.t.d,0.310344286839886,Saved any money,Main market
Egypt,EGY,2014,63009609.0,Middle East & North Africa (excluding high income),Lower middle income,income,poorest 40%,save.any.t.d,0.182437199978382,Saved any money,Main market
Jordan,JOR,2014,5205320.0,Middle East & North Africa (excluding high income),Upper middle income,income,richest 60%,save.any.t.d,0.356774601000599,Saved any money,Peer market
Jordan,JOR,2014,5205320.0,Middle East & North Africa (excluding high income),Upper middle income,income,poorest 40%,save.any.t.d,0.194841611540967,Saved any money,Peer market
Saudi Arabia,SAU,2014,20496432.0,High income,High income,income,richest 60%,save.any.t.d,0.525715435327579,Saved any money,Advanced benchmark
Saudi Arabia,SAU,2014,20496432.0,High income,High income,income,poorest 40%,save.any.t.d,0.357985400368677,Saved any money,Advanced benchmark
Tunisia,TUN,2014,8426960.0,Middle East & North Africa (excluding high income),Lower middle income,income,richest 60%,save.any.t.d,0.452320268360026,Saved any money,Peer market
Tunisia,TUN,2014,8426960.0,Middle East & North Africa (excluding high income),Lower middle income,income,poorest 40%,save.any.t.d,0.271350329457819,Saved any money,Peer market
United Arab Emirates,ARE,2014,6398423.0,High income,High income,income,richest 60%,save.any.t.d,0.701044467429055,Saved any money,Supplementary benchmark
United Arab Emirates,ARE,2014,6398423.0,High income,High income,income,poorest 40%,save.any.t.d,0.615393096274126,Saved any money,Supplementary benchmark
Algeria,DZA,2017,28799702.0,Middle East & North Africa (excluding high income),Lower middle income,income,richest 60%,save.any.t.d,0.444580258534075,Saved any money,Peer market
Algeria,DZA,2017,28799702.0,Middle East & North Africa (excluding high income),Lower middle income,income,poorest 40%,save.any.t.d,0.299437351824421,Saved any money,Peer market
Egypt,EGY,2017,66961302.0,Middle East & North Africa (excluding high income),Lower middle income,income,richest 60%,save.any.t.d,0.374781770366033,Saved any money,Main market
Egypt,EGY,2017,66961302.0,Middle East & North Africa (excluding high income),Lower middle income,income,poorest 40%,save.any.t.d,0.203558695229617,Saved any money,Main market
Jordan,JOR,2017,6558247.0,Middle East & North Africa (excluding high income),Upper middle income,income,richest 60%,save.any.t.d,0.538534425766016,Saved any money,Peer market
Jordan,JOR,2017,6558247.0,Middle East & North Africa (excluding high income),Upper middle income,income,poorest 40%,save.any.t.d,0.321131150687518,Saved any money,Peer market
Morocco,MAR,2017,24894226.0,Middle East & North Africa (excluding high income),Lower middle income,income,richest 60%,save.any.t.d,0.260415567019609,Saved any money,Peer market
Morocco,MAR,2017,24894226.0,Middle East & North Africa (excluding high income),Lower middle income,income,poorest 40%,save.any.t.d,0.143274166098903,Saved any money,Peer market
Saudi Arabia,SAU,2017,23241801.0,High income,High income,income,richest 60%,save.any.t.d,0.50212365518334,Saved any money,Advanced benchmark
Saudi Arabia,SAU,2017,23241801.0,High income,High income,income,poorest 40%,save.any.t.d,0.351431927935075,Saved any money,Advanced benchmark
Tunisia,TUN,2017,8662597.0,Middle East & North Africa (excluding high income),Lower middle income,income,richest 60%,save.any.t.d,0.476400097227848,Saved any money,Peer market
Tunisia,TUN,2017,8662597.0,Middle East & North Africa (excluding high income),Lower middle income,income,poorest 40%,save.any.t.d,0.270020148462487,Saved any money,Peer market
United Arab Emirates,ARE,2017,7433015.0,High income,High income,income,richest 60%,save.any.t.d,0.608702218958599,Saved any money,Supplementary benchmark
United Arab Emirates,ARE,2017,7433015.0,High income,High income,income,poorest 40%,save.any.t.d,0.507125575560461,Saved any money,Supplementary benchmark
Algeria,DZA,2021,30458426.0,Middle East & North Africa (excluding high income),Lower middle income,income,richest 60%,save.any.t.d,0.528317120786759,Saved any money,Peer market
Algeria,DZA,2021,30458426.0,Middle East & North Africa (excluding high income),Lower middle income,income,poorest 40%,save.any.t.d,0.34902123746437,Saved any money,Peer market
Egypt,EGY,2021,72722825.0,Middle East & North Africa (excluding high income),Lower middle income,income,richest 60%,save.any.t.d,0.248655982504539,Saved any money,Main market
Egypt,EGY,2021,72722825.0,Middle East & North Africa (excluding high income),Lower middle income,income,poorest 40%,save.any.t.d,0.146457825618069,Saved any money,Main market
Jordan,JOR,2021,7296924.0,Middle East & North Africa (excluding high income),Upper middle income,income,richest 60%,save.any.t.d,0.285107203844725,Saved any money,Peer market
Jordan,JOR,2021,7296924.0,Middle East & North Africa (excluding high income),Upper middle income,income,poorest 40%,save.any.t.d,0.1758149983697,Saved any money,Peer market
Morocco,MAR,2021,26706787.0,Middle East & North Africa (excluding high income),Lower middle income,income,richest 60%,save.any.t.d,0.44329717874518,Saved any money,Peer market
Morocco,MAR,2021,26706787.0,Middle East & North Africa (excluding high income),Lower middle income,income,poorest 40%,save.any.t.d,0.202381969107115,Saved any money,Peer market
Saudi Arabia,SAU,2021,23509479.0,High income,High income,income,richest 60%,save.any.t.d,0.689284269115022,Saved any money,Advanced benchmark
Saudi Arabia,SAU,2021,23509479.0,High income,High income,income,poorest 40%,save.any.t.d,0.541217399716329,Saved any money,Advanced benchmark
Tunisia,TUN,2021,8970562.0,Middle East & North Africa (excluding high income),Lower middle income,income,richest 60%,save.any.t.d,0.540922644314764,Saved any money,Peer market
Tunisia,TUN,2021,8970562.0,Middle East & North Africa (excluding high income),Lower middle income,income,poorest 40%,save.any.t.d,0.305631745695646,Saved any money,Peer market
United Arab Emirates,ARE,2021,7842387.0,High income,High income,income,richest 60%,save.any.t.d,0.323657567086229,Saved any money,Supplementary benchmark
United Arab Emirates,ARE,2021,7842387.0,High income,High income,income,poorest 40%,save.any.t.d,0.354840563245543,Saved any money,Supplementary benchmark
Algeria,DZA,2024,32019804.0,Middle East & North Africa (excluding high income),Lower middle income,income,richest 60%,save.any.t.d,0.405692120824662,Saved any money,Peer market
Algeria,DZA,2024,32019804.0,Middle East & North Africa (excluding high income),Lower middle income,income,poorest 40%,save.any.t.d,0.342882695246496,Saved any money,Peer market
Egypt,EGY,2024,77385958.0,Middle East & North Africa (excluding high income),Lower middle income,income,richest 60%,save.any.t.d,0.298153384189969,Saved any money,Main market
Egypt,EGY,2024,77385958.0,Middle East & North Africa (excluding high income),Lower middle income,income,poorest 40%,save.any.t.d,0.127562336266494,Saved any money,Main market
Jordan,JOR,2024,7867178.0,Middle East & North Africa (excluding high income),Upper middle income,income,richest 60%,save.any.t.d,0.386763602614003,Saved any money,Peer market
Jordan,JOR,2024,7867178.0,Middle East & North Africa (excluding high income),Upper middle income,income,poorest 40%,save.any.t.d,0.209982461374751,Saved any money,Peer market
Morocco,MAR,2024,27893979.0,Middle East & North Africa (excluding high income),Lower middle income,income,richest 60%,save.any.t.d,0.2653708570416,Saved any money,Peer market
Morocco,MAR,2024,27893979.0,Middle East & North Africa (excluding high income),Lower middle income,income,poorest 40%,save.any.t.d,0.143409234689513,Saved any money,Peer market
Saudi Arabia,SAU,2024,25248449.0,High income,High income,income,richest 60%,save.any.t.d,0.570906300845057,Saved any money,Advanced benchmark
Saudi Arabia,SAU,2024,25248449.0,High income,High income,income,poorest 40%,save.any.t.d,0.571360955917545,Saved any money,Advanced benchmark
Tunisia,TUN,2024,9219268.0,Middle East & North Africa (excluding high income),Lower middle income,income,richest 60%,save.any.t.d,0.598767913084383,Saved any money,Peer market
Tunisia,TUN,2024,9219268.0,Middle East & North Africa (excluding high income),Lower middle income,income,poorest 40%,save.any.t.d,0.307731694025552,Saved any money,Peer market
Algeria,DZA,2014,27628433.0,Middle East & North Africa (excluding high income),Lower middle income,age_cat,age 25+,save.any.t.d,0.513582157682961,Saved any money,Peer market
Algeria,DZA,2014,27628433.0,Middle East & North Africa (excluding high income),Lower middle income,age_cat,ages 15-24,save.any.t.d,0.349410952732276,Saved any money,Peer market
Egypt,EGY,2014,63009609.0,Middle East & North Africa (excluding high income),Lower middle income,age_cat,age 25+,save.any.t.d,0.238106648164549,Saved any money,Main market
Egypt,EGY,2014,63009609.0,Middle East & North Africa (excluding high income),Lower middle income,age_cat,ages 15-24,save.any.t.d,0.303132954148099,Saved any money,Main market
Jordan,JOR,2014,5205320.0,Middle East & North Africa (excluding high income),Upper middle income,age_cat,age 25+,save.any.t.d,0.297973913872236,Saved any money,Peer market
Jordan,JOR,2014,5205320.0,Middle East & North Africa (excluding high income),Upper middle income,age_cat,ages 15-24,save.any.t.d,0.282321818284652,Saved any money,Peer market
Saudi Arabia,SAU,2014,20496432.0,High income,High income,age_cat,age 25+,save.any.t.d,0.433676802798726,Saved any money,Advanced benchmark
Saudi Arabia,SAU,2014,20496432.0,High income,High income,age_cat,ages 15-24,save.any.t.d,0.51885951383553,Saved any money,Advanced benchmark
Tunisia,TUN,2014,8426960.0,Middle East & North Africa (excluding high income),Lower middle income,age_cat,age 25+,save.any.t.d,0.405754598807124,Saved any money,Peer market
Tunisia,TUN,2014,8426960.0,Middle East & North Africa (excluding high income),Lower middle income,age_cat,ages 15-24,save.any.t.d,0.305690622261109,Saved any money,Peer market
United Arab Emirates,ARE,2014,6398423.0,High income,High income,age_cat,age 25+,save.any.t.d,0.672687886911483,Saved any money,Supplementary benchmark
United Arab Emirates,ARE,2014,6398423.0,High income,High income,age_cat,ages 15-24,save.any.t.d,0.639692247820089,Saved any money,Supplementary benchmark
Algeria,DZA,2017,28799702.0,Middle East & North Africa (excluding high income),Lower middle income,age_cat,age 25+,save.any.t.d,0.439771141479295,Saved any money,Peer market
Algeria,DZA,2017,28799702.0,Middle East & North Africa (excluding high income),Lower middle income,age_cat,ages 15-24,save.any.t.d,0.260243722741241,Saved any money,Peer market
Egypt,EGY,2017,66961302.0,Middle East & North Africa (excluding high income),Lower middle income,age_cat,age 25+,save.any.t.d,0.296772668080827,Saved any money,Main market
Egypt,EGY,2017,66961302.0,Middle East & North Africa (excluding high income),Lower middle income,age_cat,ages 15-24,save.any.t.d,0.332605433161921,Saved any money,Main market
Jordan,JOR,2017,6558247.0,Middle East & North Africa (excluding high income),Upper middle income,age_cat,age 25+,save.any.t.d,0.430536575958839,Saved any money,Peer market
Jordan,JOR,2017,6558247.0,Middle East & North Africa (excluding high income),Upper middle income,age_cat,ages 15-24,save.any.t.d,0.493206779479625,Saved any money,Peer market
Morocco,MAR,2017,24894226.0,Middle East & North Africa (excluding high income),Lower middle income,age_cat,age 25+,save.any.t.d,0.216605845304242,Saved any money,Peer market
Morocco,MAR,2017,24894226.0,Middle East & North Africa (excluding high income),Lower middle income,age_cat,ages 15-24,save.any.t.d,0.204068656610245,Saved any money,Peer market
Saudi Arabia,SAU,2017,23241801.0,High income,High income,age_cat,age 25+,save.any.t.d,0.419478584511425,Saved any money,Advanced benchmark
Saudi Arabia,SAU,2017,23241801.0,High income,High income,age_cat,ages 15-24,save.any.t.d,0.532011195898461,Saved any money,Advanced benchmark
Tunisia,TUN,2017,8662597.0,Middle East & North Africa (excluding high income),Lower middle income,age_cat,age 25+,save.any.t.d,0.431704167205811,Saved any money,Peer market
Tunisia,TUN,2017,8662597.0,Middle East & North Africa (excluding high income),Lower middle income,age_cat,ages 15-24,save.any.t.d,0.229321571016785,Saved any money,Peer market
United Arab Emirates,ARE,2017,7433015.0,High income,High income,age_cat,age 25+,save.any.t.d,0.569084836931644,Saved any money,Supplementary benchmark
United Arab Emirates,ARE,2017,7433015.0,High income,High income,age_cat,ages 15-24,save.any.t.d,0.55775736845116,Saved any money,Supplementary benchmark
Algeria,DZA,2021,30458426.0,Middle East & North Africa (excluding high income),Lower middle income,age_cat,age 25+,save.any.t.d,0.55328621500922,Saved any money,Peer market
Algeria,DZA,2021,30458426.0,Middle East & North Africa (excluding high income),Lower middle income,age_cat,ages 15-24,save.any.t.d,0.2302873160989,Saved any money,Peer market
Egypt,EGY,2021,72722825.0,Middle East & North Africa (excluding high income),Lower middle income,age_cat,age 25+,save.any.t.d,0.239735443147219,Saved any money,Main market
Egypt,EGY,2021,72722825.0,Middle East & North Africa (excluding high income),Lower middle income,age_cat,ages 15-24,save.any.t.d,0.118885508104406,Saved any money,Main market
Jordan,JOR,2021,7296924.0,Middle East & North Africa (excluding high income),Upper middle income,age_cat,age 25+,save.any.t.d,0.20991953405842,Saved any money,Peer market
Jordan,JOR,2021,7296924.0,Middle East & North Africa (excluding high income),Upper middle income,age_cat,ages 15-24,save.any.t.d,0.336780618297758,Saved any money,Peer market
Morocco,MAR,2021,26706787.0,Middle East & North Africa (excluding high income),Lower middle income,age_cat,age 25+,save.any.t.d,0.321702236109038,Saved any money,Peer market
Morocco,MAR,2021,26706787.0,Middle East & North Africa (excluding high income),Lower middle income,age_cat,ages 15-24,save.any.t.d,0.419157689157719,Saved any money,Peer market
Saudi Arabia,SAU,2021,23509479.0,High income,High income,age_cat,age 25+,save.any.t.d,0.631927561895615,Saved any money,Advanced benchmark
Saudi Arabia,SAU,2021,23509479.0,High income,High income,age_cat,ages 15-24,save.any.t.d,0.623846462457996,Saved any money,Advanced benchmark
Tunisia,TUN,2021,8970562.0,Middle East & North Africa (excluding high income),Lower middle income,age_cat,age 25+,save.any.t.d,0.461643384649023,Saved any money,Peer market
Tunisia,TUN,2021,8970562.0,Middle East & North Africa (excluding high income),Lower middle income,age_cat,ages 15-24,save.any.t.d,0.387673366997614,Saved any money,Peer market
United Arab Emirates,ARE,2021,7842387.0,High income,High income,age_cat,age 25+,save.any.t.d,0.339332028906423,Saved any money,Supplementary benchmark
United Arab Emirates,ARE,2021,7842387.0,High income,High income,age_cat,ages 15-24,save.any.t.d,0.321050092057139,Saved any money,Supplementary benchmark
Algeria,DZA,2024,32019804.0,Middle East & North Africa (excluding high income),Lower middle income,age_cat,age 25+,save.any.t.d,0.434595233164643,Saved any money,Peer market
Algeria,DZA,2024,32019804.0,Middle East & North Africa (excluding high income),Lower middle income,age_cat,ages 15-24,save.any.t.d,0.220400672553384,Saved any money,Peer market
Egypt,EGY,2024,77385958.0,Middle East & North Africa (excluding high income),Lower middle income,age_cat,age 25+,save.any.t.d,0.215334004696678,Saved any money,Main market
Egypt,EGY,2024,77385958.0,Middle East & North Africa (excluding high income),Lower middle income,age_cat,ages 15-24,save.any.t.d,0.269901777843971,Saved any money,Main market
Jordan,JOR,2024,7867178.0,Middle East & North Africa (excluding high income),Upper middle income,age_cat,age 25+,save.any.t.d,0.259250049809989,Saved any money,Peer market
Jordan,JOR,2024,7867178.0,Middle East & North Africa (excluding high income),Upper middle income,age_cat,ages 15-24,save.any.t.d,0.426384682973263,Saved any money,Peer market
Morocco,MAR,2024,27893979.0,Middle East & North Africa (excluding high income),Lower middle income,age_cat,age 25+,save.any.t.d,0.192231848952718,Saved any money,Peer market
Morocco,MAR,2024,27893979.0,Middle East & North Africa (excluding high income),Lower middle income,age_cat,ages 15-24,save.any.t.d,0.290930725558553,Saved any money,Peer market
Saudi Arabia,SAU,2024,25248449.0,High income,High income,age_cat,age 25+,save.any.t.d,0.608794520515444,Saved any money,Advanced benchmark
Saudi Arabia,SAU,2024,25248449.0,High income,High income,age_cat,ages 15-24,save.any.t.d,0.419382805511369,Saved any money,Advanced benchmark
Tunisia,TUN,2024,9219268.0,Middle East & North Africa (excluding high income),Lower middle income,age_cat,age 25+,save.any.t.d,0.560344918995976,Saved any money,Peer market
Tunisia,TUN,2024,9219268.0,Middle East & North Africa (excluding high income),Lower middle income,age_cat,ages 15-24,save.any.t.d,0.21536640961326,Saved any money,Peer market
Algeria,DZA,2024,32019804.0,Middle East & North Africa (excluding high income),Lower middle income,urbanicity,rural,save.any.t.d,0.260939453948822,Saved any money,Peer market
Algeria,DZA,2024,32019804.0,Middle East & North Africa (excluding high income),Lower middle income,urbanicity,urban,save.any.t.d,0.429558995931071,Saved any money,Peer market
Egypt,EGY,2024,77385958.0,Middle East & North Africa (excluding high income),Lower middle income,urbanicity,rural,save.any.t.d,0.195187928003224,Saved any money,Main market
Egypt,EGY,2024,77385958.0,Middle East & North Africa (excluding high income),Lower middle income,urbanicity,urban,save.any.t.d,0.249944806825314,Saved any money,Main market
Jordan,JOR,2024,7867178.0,Middle East & North Africa (excluding high income),Upper middle income,urbanicity,rural,save.any.t.d,0.266119077120791,Saved any money,Peer market
Jordan,JOR,2024,7867178.0,Middle East & North Africa (excluding high income),Upper middle income,urbanicity,urban,save.any.t.d,0.338093791764947,Saved any money,Peer market
Morocco,MAR,2024,27893979.0,Middle East & North Africa (excluding high income),Lower middle income,urbanicity,rural,save.any.t.d,0.167312794513414,Saved any money,Peer market
Morocco,MAR,2024,27893979.0,Middle East & North Africa (excluding high income),Lower middle income,urbanicity,urban,save.any.t.d,0.2578731060215,Saved any money,Peer market
Saudi Arabia,SAU,2024,25248449.0,High income,High income,urbanicity,rural,save.any.t.d,0.622128031850904,Saved any money,Advanced benchmark
Saudi Arabia,SAU,2024,25248449.0,High income,High income,urbanicity,urban,save.any.t.d,0.564981708208617,Saved any money,Advanced benchmark
Tunisia,TUN,2024,9219268.0,Middle East & North Africa (excluding high income),Lower middle income,urbanicity,rural,save.any.t.d,0.430084004086029,Saved any money,Peer market
Tunisia,TUN,2024,9219268.0,Middle East & North Africa (excluding high income),Lower middle income,urbanicity,urban,save.any.t.d,0.543346603880245,Saved any money,Peer market
Algeria,DZA,2014,27628433.0,Middle East & North Africa (excluding high income),Lower middle income,laborforce,out of laborforce,save.any.t.d,0.283328738112432,Saved any money,Peer market
Algeria,DZA,2014,27628433.0,Middle East & North Africa (excluding high income),Lower middle income,laborforce,in laborforce,save.any.t.d,0.725405536502105,Saved any money,Peer market
Egypt,EGY,2014,63009609.0,Middle East & North Africa (excluding high income),Lower middle income,laborforce,out of laborforce,save.any.t.d,0.220816702987054,Saved any money,Main market
Egypt,EGY,2014,63009609.0,Middle East & North Africa (excluding high income),Lower middle income,laborforce,in laborforce,save.any.t.d,0.32308404892528,Saved any money,Main market
Jordan,JOR,2014,5205320.0,Middle East & North Africa (excluding high income),Upper middle income,laborforce,out of laborforce,save.any.t.d,0.248692986878411,Saved any money,Peer market
Jordan,JOR,2014,5205320.0,Middle East & North Africa (excluding high income),Upper middle income,laborforce,in laborforce,save.any.t.d,0.388927917854223,Saved any money,Peer market
Saudi Arabia,SAU,2014,20496432.0,High income,High income,laborforce,out of laborforce,save.any.t.d,0.358667984091512,Saved any money,Advanced benchmark
Saudi Arabia,SAU,2014,20496432.0,High income,High income,laborforce,in laborforce,save.any.t.d,0.586552622176169,Saved any money,Advanced benchmark
Tunisia,TUN,2014,8426960.0,Middle East & North Africa (excluding high income),Lower middle income,laborforce,out of laborforce,save.any.t.d,0.341545202024192,Saved any money,Peer market
Tunisia,TUN,2014,8426960.0,Middle East & North Africa (excluding high income),Lower middle income,laborforce,in laborforce,save.any.t.d,0.442490642243561,Saved any money,Peer market
United Arab Emirates,ARE,2014,6398423.0,High income,High income,laborforce,out of laborforce,save.any.t.d,0.52565949448879,Saved any money,Supplementary benchmark
United Arab Emirates,ARE,2014,6398423.0,High income,High income,laborforce,in laborforce,save.any.t.d,0.707517983440705,Saved any money,Supplementary benchmark
Algeria,DZA,2017,28799702.0,Middle East & North Africa (excluding high income),Lower middle income,laborforce,out of laborforce,save.any.t.d,0.266942181688437,Saved any money,Peer market
Algeria,DZA,2017,28799702.0,Middle East & North Africa (excluding high income),Lower middle income,laborforce,in laborforce,save.any.t.d,0.574219207825307,Saved any money,Peer market
Egypt,EGY,2017,66961302.0,Middle East & North Africa (excluding high income),Lower middle income,laborforce,out of laborforce,save.any.t.d,0.252147368499255,Saved any money,Main market
Egypt,EGY,2017,66961302.0,Middle East & North Africa (excluding high income),Lower middle income,laborforce,in laborforce,save.any.t.d,0.387695252454737,Saved any money,Main market
Jordan,JOR,2017,6558247.0,Middle East & North Africa (excluding high income),Upper middle income,laborforce,out of laborforce,save.any.t.d,0.397932209538409,Saved any money,Peer market
Jordan,JOR,2017,6558247.0,Middle East & North Africa (excluding high income),Upper middle income,laborforce,in laborforce,save.any.t.d,0.544225479109619,Saved any money,Peer market
Morocco,MAR,2017,24894226.0,Middle East & North Africa (excluding high income),Lower middle income,laborforce,out of laborforce,save.any.t.d,0.159206681115646,Saved any money,Peer market
Morocco,MAR,2017,24894226.0,Middle East & North Africa (excluding high income),Lower middle income,laborforce,in laborforce,save.any.t.d,0.320309749358463,Saved any money,Peer market
Saudi Arabia,SAU,2017,23241801.0,High income,High income,laborforce,out of laborforce,save.any.t.d,0.32948432620768,Saved any money,Advanced benchmark
Saudi Arabia,SAU,2017,23241801.0,High income,High income,laborforce,in laborforce,save.any.t.d,0.5099256784815,Saved any money,Advanced benchmark
Tunisia,TUN,2017,8662597.0,Middle East & North Africa (excluding high income),Lower middle income,laborforce,out of laborforce,save.any.t.d,0.233455786461925,Saved any money,Peer market
Tunisia,TUN,2017,8662597.0,Middle East & North Africa (excluding high income),Lower middle income,laborforce,in laborforce,save.any.t.d,0.626315752171515,Saved any money,Peer market
United Arab Emirates,ARE,2017,7433015.0,High income,High income,laborforce,out of laborforce,save.any.t.d,0.417252887869188,Saved any money,Supplementary benchmark
United Arab Emirates,ARE,2017,7433015.0,High income,High income,laborforce,in laborforce,save.any.t.d,0.599035987586439,Saved any money,Supplementary benchmark
Algeria,DZA,2021,30458426.0,Middle East & North Africa (excluding high income),Lower middle income,laborforce,out of laborforce,save.any.t.d,0.375527631336895,Saved any money,Peer market
Algeria,DZA,2021,30458426.0,Middle East & North Africa (excluding high income),Lower middle income,laborforce,in laborforce,save.any.t.d,0.600204261606129,Saved any money,Peer market
Egypt,EGY,2021,72722825.0,Middle East & North Africa (excluding high income),Lower middle income,laborforce,out of laborforce,save.any.t.d,0.159448158918208,Saved any money,Main market
Egypt,EGY,2021,72722825.0,Middle East & North Africa (excluding high income),Lower middle income,laborforce,in laborforce,save.any.t.d,0.285100492097874,Saved any money,Main market
Jordan,JOR,2021,7296924.0,Middle East & North Africa (excluding high income),Upper middle income,laborforce,out of laborforce,save.any.t.d,0.209427789926999,Saved any money,Peer market
Jordan,JOR,2021,7296924.0,Middle East & North Africa (excluding high income),Upper middle income,laborforce,in laborforce,save.any.t.d,0.302274858950886,Saved any money,Peer market
Morocco,MAR,2021,26706787.0,Middle East & North Africa (excluding high income),Lower middle income,laborforce,out of laborforce,save.any.t.d,0.317069628704565,Saved any money,Peer market
Morocco,MAR,2021,26706787.0,Middle East & North Africa (excluding high income),Lower middle income,laborforce,in laborforce,save.any.t.d,0.395898879512083,Saved any money,Peer market
Saudi Arabia,SAU,2021,23509479.0,High income,High income,laborforce,out of laborforce,save.any.t.d,0.475484027731247,Saved any money,Advanced benchmark
Saudi Arabia,SAU,2021,23509479.0,High income,High income,laborforce,in laborforce,save.any.t.d,0.697994376267243,Saved any money,Advanced benchmark
Tunisia,TUN,2021,8970562.0,Middle East & North Africa (excluding high income),Lower middle income,laborforce,out of laborforce,save.any.t.d,0.384887581952709,Saved any money,Peer market
Tunisia,TUN,2021,8970562.0,Middle East & North Africa (excluding high income),Lower middle income,laborforce,in laborforce,save.any.t.d,0.527165911938097,Saved any money,Peer market
United Arab Emirates,ARE,2021,7842387.0,High income,High income,laborforce,out of laborforce,save.any.t.d,0.231508780928023,Saved any money,Supplementary benchmark
United Arab Emirates,ARE,2021,7842387.0,High income,High income,laborforce,in laborforce,save.any.t.d,0.390858915270461,Saved any money,Supplementary benchmark
Algeria,DZA,2024,32019804.0,Middle East & North Africa (excluding high income),Lower middle income,laborforce,out of laborforce,save.any.t.d,0.344214092787676,Saved any money,Peer market
Algeria,DZA,2024,32019804.0,Middle East & North Africa (excluding high income),Lower middle income,laborforce,in laborforce,save.any.t.d,0.438489477160697,Saved any money,Peer market
Egypt,EGY,2024,77385958.0,Middle East & North Africa (excluding high income),Lower middle income,laborforce,out of laborforce,save.any.t.d,0.154444976403998,Saved any money,Main market
Egypt,EGY,2024,77385958.0,Middle East & North Africa (excluding high income),Lower middle income,laborforce,in laborforce,save.any.t.d,0.321507209933106,Saved any money,Main market
Jordan,JOR,2024,7867178.0,Middle East & North Africa (excluding high income),Upper middle income,laborforce,out of laborforce,save.any.t.d,0.27350001123694,Saved any money,Peer market
Jordan,JOR,2024,7867178.0,Middle East & North Africa (excluding high income),Upper middle income,laborforce,in laborforce,save.any.t.d,0.41732031063372,Saved any money,Peer market
Morocco,MAR,2024,27893979.0,Middle East & North Africa (excluding high income),Lower middle income,laborforce,out of laborforce,save.any.t.d,0.166710914136215,Saved any money,Peer market
Morocco,MAR,2024,27893979.0,Middle East & North Africa (excluding high income),Lower middle income,laborforce,in laborforce,save.any.t.d,0.300039011392087,Saved any money,Peer market
Saudi Arabia,SAU,2024,25248449.0,High income,High income,laborforce,out of laborforce,save.any.t.d,0.453194023522247,Saved any money,Advanced benchmark
Saudi Arabia,SAU,2024,25248449.0,High income,High income,laborforce,in laborforce,save.any.t.d,0.621434978030062,Saved any money,Advanced benchmark
Tunisia,TUN,2024,9219268.0,Middle East & North Africa (excluding high income),Lower middle income,laborforce,out of laborforce,save.any.t.d,0.324818449251009,Saved any money,Peer market
Tunisia,TUN,2024,9219268.0,Middle East & North Africa (excluding high income),Lower middle income,laborforce,in laborforce,save.any.t.d,0.662457551702959,Saved any money,Peer market
Algeria,DZA,2014,27628433.0,Middle East & North Africa (excluding high income),Lower middle income,education,secondary edu or more,save.any.t.d,0.489307482858051,Saved any money,Peer market
Algeria,DZA,2014,27628433.0,Middle East & North Africa (excluding high income),Lower middle income,education,prim edu or less,save.any.t.d,0.437271179633839,Saved any money,Peer market
Egypt,EGY,2014,63009609.0,Middle East & North Africa (excluding high income),Lower middle income,education,secondary edu or more,save.any.t.d,0.341245599577157,Saved any money,Main market
Egypt,EGY,2014,63009609.0,Middle East & North Africa (excluding high income),Lower middle income,education,prim edu or less,save.any.t.d,0.160056755579391,Saved any money,Main market
Jordan,JOR,2014,5205320.0,Middle East & North Africa (excluding high income),Upper middle income,education,secondary edu or more,save.any.t.d,0.323755229840829,Saved any money,Peer market
Jordan,JOR,2014,5205320.0,Middle East & North Africa (excluding high income),Upper middle income,education,prim edu or less,save.any.t.d,0.202589113285226,Saved any money,Peer market
Saudi Arabia,SAU,2014,20496432.0,High income,High income,education,secondary edu or more,save.any.t.d,0.516449185459002,Saved any money,Advanced benchmark
Saudi Arabia,SAU,2014,20496432.0,High income,High income,education,prim edu or less,save.any.t.d,0.234258663244408,Saved any money,Advanced benchmark
Tunisia,TUN,2014,8426960.0,Middle East & North Africa (excluding high income),Lower middle income,education,secondary edu or more,save.any.t.d,0.40592222892723,Saved any money,Peer market
Tunisia,TUN,2014,8426960.0,Middle East & North Africa (excluding high income),Lower middle income,education,prim edu or less,save.any.t.d,0.359425244777063,Saved any money,Peer market
United Arab Emirates,ARE,2014,6398423.0,High income,High income,education,secondary edu or more,save.any.t.d,0.675563596841197,Saved any money,Supplementary benchmark
United Arab Emirates,ARE,2014,6398423.0,High income,High income,education,prim edu or less,save.any.t.d,0.409323943182944,Saved any money,Supplementary benchmark
Algeria,DZA,2017,28799702.0,Middle East & North Africa (excluding high income),Lower middle income,education,secondary edu or more,save.any.t.d,0.451693507975814,Saved any money,Peer market
Algeria,DZA,2017,28799702.0,Middle East & North Africa (excluding high income),Lower middle income,education,prim edu or less,save.any.t.d,0.348608983944047,Saved any money,Peer market
Egypt,EGY,2017,66961302.0,Middle East & North Africa (excluding high income),Lower middle income,education,secondary edu or more,save.any.t.d,0.349520807709426,Saved any money,Main market
Egypt,EGY,2017,66961302.0,Middle East & North Africa (excluding high income),Lower middle income,education,prim edu or less,save.any.t.d,0.229472992498595,Saved any money,Main market
Jordan,JOR,2017,6558247.0,Middle East & North Africa (excluding high income),Upper middle income,education,secondary edu or more,save.any.t.d,0.497176275405261,Saved any money,Peer market
Jordan,JOR,2017,6558247.0,Middle East & North Africa (excluding high income),Upper middle income,education,prim edu or less,save.any.t.d,0.330471982592514,Saved any money,Peer market
Morocco,MAR,2017,24894226.0,Middle East & North Africa (excluding high income),Lower middle income,education,secondary edu or more,save.any.t.d,0.303343860024338,Saved any money,Peer market
Morocco,MAR,2017,24894226.0,Middle East & North Africa (excluding high income),Lower middle income,education,prim edu or less,save.any.t.d,0.178015238119991,Saved any money,Peer market
Saudi Arabia,SAU,2017,23241801.0,High income,High income,education,secondary edu or more,save.any.t.d,0.479840601073637,Saved any money,Advanced benchmark
Saudi Arabia,SAU,2017,23241801.0,High income,High income,education,prim edu or less,save.any.t.d,0.177026557536817,Saved any money,Advanced benchmark
Tunisia,TUN,2017,8662597.0,Middle East & North Africa (excluding high income),Lower middle income,education,secondary edu or more,save.any.t.d,0.460753685275292,Saved any money,Peer market
Tunisia,TUN,2017,8662597.0,Middle East & North Africa (excluding high income),Lower middle income,education,prim edu or less,save.any.t.d,0.312615924873536,Saved any money,Peer market
United Arab Emirates,ARE,2017,7433015.0,High income,High income,education,secondary edu or more,save.any.t.d,0.582813787194323,Saved any money,Supplementary benchmark
United Arab Emirates,ARE,2017,7433015.0,High income,High income,education,prim edu or less,save.any.t.d,0.17058790136421,Saved any money,Supplementary benchmark
Algeria,DZA,2021,30458426.0,Middle East & North Africa (excluding high income),Lower middle income,education,secondary edu or more,save.any.t.d,0.437248856808499,Saved any money,Peer market
Algeria,DZA,2021,30458426.0,Middle East & North Africa (excluding high income),Lower middle income,education,prim edu or less,save.any.t.d,0.493861784791303,Saved any money,Peer market
Egypt,EGY,2021,72722825.0,Middle East & North Africa (excluding high income),Lower middle income,education,secondary edu or more,save.any.t.d,0.24297901064989,Saved any money,Main market
Egypt,EGY,2021,72722825.0,Middle East & North Africa (excluding high income),Lower middle income,education,prim edu or less,save.any.t.d,0.17699007443386,Saved any money,Main market
Jordan,JOR,2021,7296924.0,Middle East & North Africa (excluding high income),Upper middle income,education,secondary edu or more,save.any.t.d,0.285301166822296,Saved any money,Peer market
Jordan,JOR,2021,7296924.0,Middle East & North Africa (excluding high income),Upper middle income,education,prim edu or less,save.any.t.d,0.120635312943193,Saved any money,Peer market
Morocco,MAR,2021,26706787.0,Middle East & North Africa (excluding high income),Lower middle income,education,secondary edu or more,save.any.t.d,0.452945819821356,Saved any money,Peer market
Morocco,MAR,2021,26706787.0,Middle East & North Africa (excluding high income),Lower middle income,education,prim edu or less,save.any.t.d,0.285484275314029,Saved any money,Peer market
Saudi Arabia,SAU,2021,23509479.0,High income,High income,education,secondary edu or more,save.any.t.d,0.647834703098295,Saved any money,Advanced benchmark
Saudi Arabia,SAU,2021,23509479.0,High income,High income,education,prim edu or less,save.any.t.d,0.211803967965655,Saved any money,Advanced benchmark
Tunisia,TUN,2021,8970562.0,Middle East & North Africa (excluding high income),Lower middle income,education,secondary edu or more,save.any.t.d,0.517991094181619,Saved any money,Peer market
Tunisia,TUN,2021,8970562.0,Middle East & North Africa (excluding high income),Lower middle income,education,prim edu or less,save.any.t.d,0.367604929883111,Saved any money,Peer market
United Arab Emirates,ARE,2021,7842387.0,High income,High income,education,secondary edu or more,save.any.t.d,0.339486166691834,Saved any money,Supplementary benchmark
United Arab Emirates,ARE,2021,7842387.0,High income,High income,education,prim edu or less,save.any.t.d,0.292166866927768,Saved any money,Supplementary benchmark
Algeria,DZA,2024,32019804.0,Middle East & North Africa (excluding high income),Lower middle income,education,secondary edu or more,save.any.t.d,0.39620456588555,Saved any money,Peer market
Algeria,DZA,2024,32019804.0,Middle East & North Africa (excluding high income),Lower middle income,education,prim edu or less,save.any.t.d,0.332857326921464,Saved any money,Peer market
Egypt,EGY,2024,77385958.0,Middle East & North Africa (excluding high income),Lower middle income,education,secondary edu or more,save.any.t.d,0.32083047377146,Saved any money,Main market
Egypt,EGY,2024,77385958.0,Middle East & North Africa (excluding high income),Lower middle income,education,prim edu or less,save.any.t.d,0.148939909320247,Saved any money,Main market
Jordan,JOR,2024,7867178.0,Middle East & North Africa (excluding high income),Upper middle income,education,secondary edu or more,save.any.t.d,0.369749055365664,Saved any money,Peer market
Jordan,JOR,2024,7867178.0,Middle East & North Africa (excluding high income),Upper middle income,education,prim edu or less,save.any.t.d,0.114119414210074,Saved any money,Peer market
Morocco,MAR,2024,27893979.0,Middle East & North Africa (excluding high income),Lower middle income,education,secondary edu or more,save.any.t.d,0.343860549435393,Saved any money,Peer market
Morocco,MAR,2024,27893979.0,Middle East & North Africa (excluding high income),Lower middle income,education,prim edu or less,save.any.t.d,0.146037553945301,Saved any money,Peer market
Saudi Arabia,SAU,2024,25248449.0,High income,High income,education,secondary edu or more,save.any.t.d,0.573966206809817,Saved any money,Advanced benchmark
Saudi Arabia,SAU,2024,25248449.0,High income,High income,education,prim edu or less,save.any.t.d,0.49719895479203,Saved any money,Advanced benchmark
Tunisia,TUN,2024,9219268.0,Middle East & North Africa (excluding high income),Lower middle income,education,secondary edu or more,save.any.t.d,0.476883335281618,Saved any money,Peer market
Tunisia,TUN,2024,9219268.0,Middle East & North Africa (excluding high income),Lower middle income,education,prim edu or less,save.any.t.d,0.488990969603533,Saved any money,Peer market
Algeria,DZA,2011,26251587.0,Middle East & North Africa (excluding high income),Lower middle income,all,all,fin17a.17a1.d,0.043256992912583,Saved formally,Peer market
Egypt,EGY,2011,58969826.0,Middle East & North Africa (excluding high income),Lower middle income,all,all,fin17a.17a1.d,0.00692664101056157,Saved formally,Main market
Jordan,JOR,2011,4670454.0,Middle East & North Africa (excluding high income),Upper middle income,all,all,fin17a.17a1.d,0.082629639239977,Saved formally,Peer market
Saudi Arabia,SAU,2011,17354530.0,High income,High income,all,all,fin17a.17a1.d,0.172411915303069,Saved formally,Advanced benchmark
United Arab Emirates,ARE,2011,5710622.0,High income,High income,all,all,fin17a.17a1.d,0.191560680623676,Saved formally,Supplementary benchmark
Algeria,DZA,2014,27628433.0,Middle East & North Africa (excluding high income),Lower middle income,all,all,fin17a.17a1.d,0.137746386329119,Saved formally,Peer market
Egypt,EGY,2014,63009609.0,Middle East & North Africa (excluding high income),Lower middle income,all,all,fin17a.17a1.d,0.0408311714568703,Saved formally,Main market
Jordan,JOR,2014,5205320.0,Middle East & North Africa (excluding high income),Upper middle income,all,all,fin17a.17a1.d,0.0375477490480032,Saved formally,Peer market
Saudi Arabia,SAU,2014,20496432.0,High income,High income,all,all,fin17a.17a1.d,0.155367177768749,Saved formally,Advanced benchmark
Tunisia,TUN,2014,8426960.0,Middle East & North Africa (excluding high income),Lower middle income,all,all,fin17a.17a1.d,0.103140596621629,Saved formally,Peer market
United Arab Emirates,ARE,2014,6398423.0,High income,High income,all,all,fin17a.17a1.d,0.321166793610055,Saved formally,Supplementary benchmark
Algeria,DZA,2017,28799702.0,Middle East & North Africa (excluding high income),Lower middle income,all,all,fin17a.17a1.d,0.114222460304183,Saved formally,Peer market
Egypt,EGY,2017,66961302.0,Middle East & North Africa (excluding high income),Lower middle income,all,all,fin17a.17a1.d,0.0623019330603222,Saved formally,Main market
Jordan,JOR,2017,6558247.0,Middle East & North Africa (excluding high income),Upper middle income,all,all,fin17a.17a1.d,0.101086890870195,Saved formally,Peer market
Morocco,MAR,2017,24894226.0,Middle East & North Africa (excluding high income),Lower middle income,all,all,fin17a.17a1.d,0.0633061004731812,Saved formally,Peer market
Saudi Arabia,SAU,2017,23241801.0,High income,High income,all,all,fin17a.17a1.d,0.143300410071456,Saved formally,Advanced benchmark
Tunisia,TUN,2017,8662597.0,Middle East & North Africa (excluding high income),Lower middle income,all,all,fin17a.17a1.d,0.183410805007582,Saved formally,Peer market
United Arab Emirates,ARE,2017,7433015.0,High income,High income,all,all,fin17a.17a1.d,0.286678830182199,Saved formally,Supplementary benchmark
Algeria,DZA,2021,30458426.0,Middle East & North Africa (excluding high income),Lower middle income,all,all,fin17a.17a1.d,0.160468576770232,Saved formally,Peer market
Egypt,EGY,2021,72722825.0,Middle East & North Africa (excluding high income),Lower middle income,all,all,fin17a.17a1.d,0.0423989842540694,Saved formally,Main market
Jordan,JOR,2021,7296924.0,Middle East & North Africa (excluding high income),Upper middle income,all,all,fin17a.17a1.d,0.0427909118232102,Saved formally,Peer market
Morocco,MAR,2021,26706787.0,Middle East & North Africa (excluding high income),Lower middle income,all,all,fin17a.17a1.d,0.0764646394126114,Saved formally,Peer market
Saudi Arabia,SAU,2021,23509479.0,High income,High income,all,all,fin17a.17a1.d,0.355184328619625,Saved formally,Advanced benchmark
Tunisia,TUN,2021,8970562.0,Middle East & North Africa (excluding high income),Lower middle income,all,all,fin17a.17a1.d,0.147919194432218,Saved formally,Peer market
United Arab Emirates,ARE,2021,7842387.0,High income,High income,all,all,fin17a.17a1.d,0.107703841924557,Saved formally,Supplementary benchmark
Algeria,DZA,2024,32019804.0,Middle East & North Africa (excluding high income),Lower middle income,all,all,fin17a.17a1.d,0.165519539074084,Saved formally,Peer market
Egypt,EGY,2024,77385958.0,Middle East & North Africa (excluding high income),Lower middle income,all,all,fin17a.17a1.d,0.137860563030967,Saved formally,Main market
Jordan,JOR,2024,7867178.0,Middle East & North Africa (excluding high income),Upper middle income,all,all,fin17a.17a1.d,0.110556397175889,Saved formally,Peer market
Morocco,MAR,2024,27893979.0,Middle East & North Africa (excluding high income),Lower middle income,all,all,fin17a.17a1.d,0.0609311236735859,Saved formally,Peer market
Saudi Arabia,SAU,2024,25248449.0,High income,High income,all,all,fin17a.17a1.d,0.417206130135923,Saved formally,Advanced benchmark
Tunisia,TUN,2024,9219268.0,Middle East & North Africa (excluding high income),Lower middle income,all,all,fin17a.17a1.d,0.217165995656519,Saved formally,Peer market
Saudi Arabia,SAU,2011,17354530.0,High income,High income,gender,men,fin17a.17a1.d,0.265992828685726,Saved formally,Advanced benchmark
Saudi Arabia,SAU,2011,17354530.0,High income,High income,gender,women,fin17a.17a1.d,0.0614417380613624,Saved formally,Advanced benchmark
United Arab Emirates,ARE,2011,5710622.0,High income,High income,gender,men,fin17a.17a1.d,0.220665726755584,Saved formally,Supplementary benchmark
United Arab Emirates,ARE,2011,5710622.0,High income,High income,gender,women,fin17a.17a1.d,0.151256025215639,Saved formally,Supplementary benchmark
Algeria,DZA,2014,27628433.0,Middle East & North Africa (excluding high income),Lower middle income,gender,men,fin17a.17a1.d,0.218458508772025,Saved formally,Peer market
Algeria,DZA,2014,27628433.0,Middle East & North Africa (excluding high income),Lower middle income,gender,women,fin17a.17a1.d,0.0572544933286875,Saved formally,Peer market
Saudi Arabia,SAU,2014,20496432.0,High income,High income,gender,men,fin17a.17a1.d,0.200784866381125,Saved formally,Advanced benchmark
Saudi Arabia,SAU,2014,20496432.0,High income,High income,gender,women,fin17a.17a1.d,0.0919577062123924,Saved formally,Advanced benchmark
Tunisia,TUN,2014,8426960.0,Middle East & North Africa (excluding high income),Lower middle income,gender,men,fin17a.17a1.d,0.120883751856962,Saved formally,Peer market
Tunisia,TUN,2014,8426960.0,Middle East & North Africa (excluding high income),Lower middle income,gender,women,fin17a.17a1.d,0.0856217550157451,Saved formally,Peer market
United Arab Emirates,ARE,2014,6398423.0,High income,High income,gender,men,fin17a.17a1.d,0.36538016674614,Saved formally,Supplementary benchmark
United Arab Emirates,ARE,2014,6398423.0,High income,High income,gender,women,fin17a.17a1.d,0.207330332608937,Saved formally,Supplementary benchmark
Algeria,DZA,2017,28799702.0,Middle East & North Africa (excluding high income),Lower middle income,gender,men,fin17a.17a1.d,0.144109743310102,Saved formally,Peer market
Algeria,DZA,2017,28799702.0,Middle East & North Africa (excluding high income),Lower middle income,gender,women,fin17a.17a1.d,0.0842695741362902,Saved formally,Peer market
Jordan,JOR,2017,6558247.0,Middle East & North Africa (excluding high income),Upper middle income,gender,men,fin17a.17a1.d,0.129468907964077,Saved formally,Peer market
Jordan,JOR,2017,6558247.0,Middle East & North Africa (excluding high income),Upper middle income,gender,women,fin17a.17a1.d,0.0683999358194277,Saved formally,Peer market
Saudi Arabia,SAU,2017,23241801.0,High income,High income,gender,men,fin17a.17a1.d,0.180954281492406,Saved formally,Advanced benchmark
Saudi Arabia,SAU,2017,23241801.0,High income,High income,gender,women,fin17a.17a1.d,0.0856706189165265,Saved formally,Advanced benchmark
Tunisia,TUN,2017,8662597.0,Middle East & North Africa (excluding high income),Lower middle income,gender,men,fin17a.17a1.d,0.226084418126936,Saved formally,Peer market
Tunisia,TUN,2017,8662597.0,Middle East & North Africa (excluding high income),Lower middle income,gender,women,fin17a.17a1.d,0.142098120024443,Saved formally,Peer market
United Arab Emirates,ARE,2017,7433015.0,High income,High income,gender,men,fin17a.17a1.d,0.307315068290273,Saved formally,Supplementary benchmark
United Arab Emirates,ARE,2017,7433015.0,High income,High income,gender,women,fin17a.17a1.d,0.23213161509859,Saved formally,Supplementary benchmark
Algeria,DZA,2021,30458426.0,Middle East & North Africa (excluding high income),Lower middle income,gender,men,fin17a.17a1.d,0.183403998858721,Saved formally,Peer market
Algeria,DZA,2021,30458426.0,Middle East & North Africa (excluding high income),Lower middle income,gender,women,fin17a.17a1.d,0.137223172039064,Saved formally,Peer market
Saudi Arabia,SAU,2021,23509479.0,High income,High income,gender,men,fin17a.17a1.d,0.373951799121864,Saved formally,Advanced benchmark
Saudi Arabia,SAU,2021,23509479.0,High income,High income,gender,women,fin17a.17a1.d,0.327533620476792,Saved formally,Advanced benchmark
Tunisia,TUN,2021,8970562.0,Middle East & North Africa (excluding high income),Lower middle income,gender,men,fin17a.17a1.d,0.18174011965852,Saved formally,Peer market
Tunisia,TUN,2021,8970562.0,Middle East & North Africa (excluding high income),Lower middle income,gender,women,fin17a.17a1.d,0.114834520017225,Saved formally,Peer market
United Arab Emirates,ARE,2021,7842387.0,High income,High income,gender,men,fin17a.17a1.d,0.132303140785478,Saved formally,Supplementary benchmark
United Arab Emirates,ARE,2021,7842387.0,High income,High income,gender,women,fin17a.17a1.d,0.0411349552755196,Saved formally,Supplementary benchmark
Algeria,DZA,2024,32019804.0,Middle East & North Africa (excluding high income),Lower middle income,gender,men,fin17a.17a1.d,0.228450202389775,Saved formally,Peer market
Algeria,DZA,2024,32019804.0,Middle East & North Africa (excluding high income),Lower middle income,gender,women,fin17a.17a1.d,0.100134691552813,Saved formally,Peer market
Egypt,EGY,2024,77385958.0,Middle East & North Africa (excluding high income),Lower middle income,gender,men,fin17a.17a1.d,0.192411113149202,Saved formally,Main market
Egypt,EGY,2024,77385958.0,Middle East & North Africa (excluding high income),Lower middle income,gender,women,fin17a.17a1.d,0.0821241198751477,Saved formally,Main market
Jordan,JOR,2024,7867178.0,Middle East & North Africa (excluding high income),Upper middle income,gender,men,fin17a.17a1.d,0.144105971010029,Saved formally,Peer market
Jordan,JOR,2024,7867178.0,Middle East & North Africa (excluding high income),Upper middle income,gender,women,fin17a.17a1.d,0.0742714533044688,Saved formally,Peer market
Saudi Arabia,SAU,2024,25248449.0,High income,High income,gender,men,fin17a.17a1.d,0.456757578953206,Saved formally,Advanced benchmark
Saudi Arabia,SAU,2024,25248449.0,High income,High income,gender,women,fin17a.17a1.d,0.345617110027524,Saved formally,Advanced benchmark
Tunisia,TUN,2024,9219268.0,Middle East & North Africa (excluding high income),Lower middle income,gender,men,fin17a.17a1.d,0.290090301050011,Saved formally,Peer market
Tunisia,TUN,2024,9219268.0,Middle East & North Africa (excluding high income),Lower middle income,gender,women,fin17a.17a1.d,0.147259704000633,Saved formally,Peer market
Saudi Arabia,SAU,2011,17354530.0,High income,High income,income,richest 60%,fin17a.17a1.d,0.213762884357278,Saved formally,Advanced benchmark
Saudi Arabia,SAU,2011,17354530.0,High income,High income,income,poorest 40%,fin17a.17a1.d,0.105859840832055,Saved formally,Advanced benchmark
United Arab Emirates,ARE,2011,5710622.0,High income,High income,income,richest 60%,fin17a.17a1.d,0.221514637736398,Saved formally,Supplementary benchmark
United Arab Emirates,ARE,2011,5710622.0,High income,High income,income,poorest 40%,fin17a.17a1.d,0.148722637100236,Saved formally,Supplementary benchmark
Algeria,DZA,2014,27628433.0,Middle East & North Africa (excluding high income),Lower middle income,income,richest 60%,fin17a.17a1.d,0.157124351304024,Saved formally,Peer market
Algeria,DZA,2014,27628433.0,Middle East & North Africa (excluding high income),Lower middle income,income,poorest 40%,fin17a.17a1.d,0.108629944966769,Saved formally,Peer market
Saudi Arabia,SAU,2014,20496432.0,High income,High income,income,richest 60%,fin17a.17a1.d,0.20865499622202,Saved formally,Advanced benchmark
Saudi Arabia,SAU,2014,20496432.0,High income,High income,income,poorest 40%,fin17a.17a1.d,0.0848100500850781,Saved formally,Advanced benchmark
Tunisia,TUN,2014,8426960.0,Middle East & North Africa (excluding high income),Lower middle income,income,richest 60%,fin17a.17a1.d,0.150515958736233,Saved formally,Peer market
Tunisia,TUN,2014,8426960.0,Middle East & North Africa (excluding high income),Lower middle income,income,poorest 40%,fin17a.17a1.d,0.0317859974292011,Saved formally,Peer market
United Arab Emirates,ARE,2014,6398423.0,High income,High income,income,richest 60%,fin17a.17a1.d,0.38250461495325,Saved formally,Supplementary benchmark
United Arab Emirates,ARE,2014,6398423.0,High income,High income,income,poorest 40%,fin17a.17a1.d,0.234326190395007,Saved formally,Supplementary benchmark
Algeria,DZA,2017,28799702.0,Middle East & North Africa (excluding high income),Lower middle income,income,richest 60%,fin17a.17a1.d,0.150859382777935,Saved formally,Peer market
Algeria,DZA,2017,28799702.0,Middle East & North Africa (excluding high income),Lower middle income,income,poorest 40%,fin17a.17a1.d,0.0591255498945832,Saved formally,Peer market
Jordan,JOR,2017,6558247.0,Middle East & North Africa (excluding high income),Upper middle income,income,richest 60%,fin17a.17a1.d,0.140768254944393,Saved formally,Peer market
Jordan,JOR,2017,6558247.0,Middle East & North Africa (excluding high income),Upper middle income,income,poorest 40%,fin17a.17a1.d,0.0414112424377191,Saved formally,Peer market
Saudi Arabia,SAU,2017,23241801.0,High income,High income,income,richest 60%,fin17a.17a1.d,0.171513413969441,Saved formally,Advanced benchmark
Saudi Arabia,SAU,2017,23241801.0,High income,High income,income,poorest 40%,fin17a.17a1.d,0.100880509920842,Saved formally,Advanced benchmark
Tunisia,TUN,2017,8662597.0,Middle East & North Africa (excluding high income),Lower middle income,income,richest 60%,fin17a.17a1.d,0.269845795417532,Saved formally,Peer market
Tunisia,TUN,2017,8662597.0,Middle East & North Africa (excluding high income),Lower middle income,income,poorest 40%,fin17a.17a1.d,0.0534561715581067,Saved formally,Peer market
United Arab Emirates,ARE,2017,7433015.0,High income,High income,income,richest 60%,fin17a.17a1.d,0.345447151917513,Saved formally,Supplementary benchmark
United Arab Emirates,ARE,2017,7433015.0,High income,High income,income,poorest 40%,fin17a.17a1.d,0.198249849749686,Saved formally,Supplementary benchmark
Algeria,DZA,2021,30458426.0,Middle East & North Africa (excluding high income),Lower middle income,income,richest 60%,fin17a.17a1.d,0.204590414016547,Saved formally,Peer market
Algeria,DZA,2021,30458426.0,Middle East & North Africa (excluding high income),Lower middle income,income,poorest 40%,fin17a.17a1.d,0.0938552166232712,Saved formally,Peer market
Saudi Arabia,SAU,2021,23509479.0,High income,High income,income,richest 60%,fin17a.17a1.d,0.437253271467971,Saved formally,Advanced benchmark
Saudi Arabia,SAU,2021,23509479.0,High income,High income,income,poorest 40%,fin17a.17a1.d,0.231351218683039,Saved formally,Advanced benchmark
Tunisia,TUN,2021,8970562.0,Middle East & North Africa (excluding high income),Lower middle income,income,richest 60%,fin17a.17a1.d,0.200220530730683,Saved formally,Peer market
Tunisia,TUN,2021,8970562.0,Middle East & North Africa (excluding high income),Lower middle income,income,poorest 40%,fin17a.17a1.d,0.0693747988016172,Saved formally,Peer market
United Arab Emirates,ARE,2021,7842387.0,High income,High income,income,richest 60%,fin17a.17a1.d,0.106946240152859,Saved formally,Supplementary benchmark
United Arab Emirates,ARE,2021,7842387.0,High income,High income,income,poorest 40%,fin17a.17a1.d,0.108863459647407,Saved formally,Supplementary benchmark
Algeria,DZA,2024,32019804.0,Middle East & North Africa (excluding high income),Lower middle income,income,richest 60%,fin17a.17a1.d,0.179975651255126,Saved formally,Peer market
Algeria,DZA,2024,32019804.0,Middle East & North Africa (excluding high income),Lower middle income,income,poorest 40%,fin17a.17a1.d,0.143777188652687,Saved formally,Peer market
Egypt,EGY,2024,77385958.0,Middle East & North Africa (excluding high income),Lower middle income,income,richest 60%,fin17a.17a1.d,0.188481736345287,Saved formally,Main market
Egypt,EGY,2024,77385958.0,Middle East & North Africa (excluding high income),Lower middle income,income,poorest 40%,fin17a.17a1.d,0.0617059597919151,Saved formally,Main market
Jordan,JOR,2024,7867178.0,Middle East & North Africa (excluding high income),Upper middle income,income,richest 60%,fin17a.17a1.d,0.153602856575824,Saved formally,Peer market
Jordan,JOR,2024,7867178.0,Middle East & North Africa (excluding high income),Upper middle income,income,poorest 40%,fin17a.17a1.d,0.0459796551919685,Saved formally,Peer market
Saudi Arabia,SAU,2024,25248449.0,High income,High income,income,richest 60%,fin17a.17a1.d,0.428706095529366,Saved formally,Advanced benchmark
Saudi Arabia,SAU,2024,25248449.0,High income,High income,income,poorest 40%,fin17a.17a1.d,0.399992312829531,Saved formally,Advanced benchmark
Tunisia,TUN,2024,9219268.0,Middle East & North Africa (excluding high income),Lower middle income,income,richest 60%,fin17a.17a1.d,0.313882544802729,Saved formally,Peer market
Tunisia,TUN,2024,9219268.0,Middle East & North Africa (excluding high income),Lower middle income,income,poorest 40%,fin17a.17a1.d,0.0717960143063906,Saved formally,Peer market
Saudi Arabia,SAU,2011,17354530.0,High income,High income,age_cat,age 25+,fin17a.17a1.d,0.200002331972567,Saved formally,Advanced benchmark
Saudi Arabia,SAU,2011,17354530.0,High income,High income,age_cat,ages 15-24,fin17a.17a1.d,0.12007093801464,Saved formally,Advanced benchmark
United Arab Emirates,ARE,2011,5710622.0,High income,High income,age_cat,age 25+,fin17a.17a1.d,0.241253024995693,Saved formally,Supplementary benchmark
United Arab Emirates,ARE,2011,5710622.0,High income,High income,age_cat,ages 15-24,fin17a.17a1.d,0.0689552079012928,Saved formally,Supplementary benchmark
Algeria,DZA,2014,27628433.0,Middle East & North Africa (excluding high income),Lower middle income,age_cat,age 25+,fin17a.17a1.d,0.164811246270576,Saved formally,Peer market
Algeria,DZA,2014,27628433.0,Middle East & North Africa (excluding high income),Lower middle income,age_cat,ages 15-24,fin17a.17a1.d,0.0913006842520717,Saved formally,Peer market
Saudi Arabia,SAU,2014,20496432.0,High income,High income,age_cat,age 25+,fin17a.17a1.d,0.154812423953096,Saved formally,Advanced benchmark
Saudi Arabia,SAU,2014,20496432.0,High income,High income,age_cat,ages 15-24,fin17a.17a1.d,0.157190893119939,Saved formally,Advanced benchmark
Tunisia,TUN,2014,8426960.0,Middle East & North Africa (excluding high income),Lower middle income,age_cat,age 25+,fin17a.17a1.d,0.119545786505174,Saved formally,Peer market
Tunisia,TUN,2014,8426960.0,Middle East & North Africa (excluding high income),Lower middle income,age_cat,ages 15-24,fin17a.17a1.d,0.0555334081988575,Saved formally,Peer market
United Arab Emirates,ARE,2014,6398423.0,High income,High income,age_cat,age 25+,fin17a.17a1.d,0.355842000995845,Saved formally,Supplementary benchmark
United Arab Emirates,ARE,2014,6398423.0,High income,High income,age_cat,ages 15-24,fin17a.17a1.d,0.19466133868144,Saved formally,Supplementary benchmark
Algeria,DZA,2017,28799702.0,Middle East & North Africa (excluding high income),Lower middle income,age_cat,age 25+,fin17a.17a1.d,0.150515293550335,Saved formally,Peer market
Algeria,DZA,2017,28799702.0,Middle East & North Africa (excluding high income),Lower middle income,age_cat,ages 15-24,fin17a.17a1.d,0.0279467163552657,Saved formally,Peer market
Jordan,JOR,2017,6558247.0,Middle East & North Africa (excluding high income),Upper middle income,age_cat,age 25+,fin17a.17a1.d,0.123220581173396,Saved formally,Peer market
Jordan,JOR,2017,6558247.0,Middle East & North Africa (excluding high income),Upper middle income,age_cat,ages 15-24,fin17a.17a1.d,0.0577005648549243,Saved formally,Peer market
Saudi Arabia,SAU,2017,23241801.0,High income,High income,age_cat,age 25+,fin17a.17a1.d,0.152114044331707,Saved formally,Advanced benchmark
Saudi Arabia,SAU,2017,23241801.0,High income,High income,age_cat,ages 15-24,fin17a.17a1.d,0.107942899622973,Saved formally,Advanced benchmark
Tunisia,TUN,2017,8662597.0,Middle East & North Africa (excluding high income),Lower middle income,age_cat,age 25+,fin17a.17a1.d,0.202049889798163,Saved formally,Peer market
Tunisia,TUN,2017,8662597.0,Middle East & North Africa (excluding high income),Lower middle income,age_cat,ages 15-24,fin17a.17a1.d,0.102098954242604,Saved formally,Peer market
United Arab Emirates,ARE,2017,7433015.0,High income,High income,age_cat,age 25+,fin17a.17a1.d,0.289444461239956,Saved formally,Supplementary benchmark
United Arab Emirates,ARE,2017,7433015.0,High income,High income,age_cat,ages 15-24,fin17a.17a1.d,0.256008884515466,Saved formally,Supplementary benchmark
Algeria,DZA,2021,30458426.0,Middle East & North Africa (excluding high income),Lower middle income,age_cat,age 25+,fin17a.17a1.d,0.202835567554609,Saved formally,Peer market
Algeria,DZA,2021,30458426.0,Middle East & North Africa (excluding high income),Lower middle income,age_cat,ages 15-24,fin17a.17a1.d,0.0608928727189471,Saved formally,Peer market
Saudi Arabia,SAU,2021,23509479.0,High income,High income,age_cat,age 25+,fin17a.17a1.d,0.366025317127929,Saved formally,Advanced benchmark
Saudi Arabia,SAU,2021,23509479.0,High income,High income,age_cat,ages 15-24,fin17a.17a1.d,0.313254626554127,Saved formally,Advanced benchmark
Tunisia,TUN,2021,8970562.0,Middle East & North Africa (excluding high income),Lower middle income,age_cat,age 25+,fin17a.17a1.d,0.15895342173165,Saved formally,Peer market
Tunisia,TUN,2021,8970562.0,Middle East & North Africa (excluding high income),Lower middle income,age_cat,ages 15-24,fin17a.17a1.d,0.103695031093323,Saved formally,Peer market
United Arab Emirates,ARE,2021,7842387.0,High income,High income,age_cat,age 25+,fin17a.17a1.d,0.106151160751455,Saved formally,Supplementary benchmark
United Arab Emirates,ARE,2021,7842387.0,High income,High income,age_cat,ages 15-24,fin17a.17a1.d,0.114618791351056,Saved formally,Supplementary benchmark
Algeria,DZA,2024,32019804.0,Middle East & North Africa (excluding high income),Lower middle income,age_cat,age 25+,fin17a.17a1.d,0.18829137406632,Saved formally,Peer market
Algeria,DZA,2024,32019804.0,Middle East & North Africa (excluding high income),Lower middle income,age_cat,ages 15-24,fin17a.17a1.d,0.0979428033953769,Saved formally,Peer market
Egypt,EGY,2024,77385958.0,Middle East & North Africa (excluding high income),Lower middle income,age_cat,age 25+,fin17a.17a1.d,0.127124228288349,Saved formally,Main market
Egypt,EGY,2024,77385958.0,Middle East & North Africa (excluding high income),Lower middle income,age_cat,ages 15-24,fin17a.17a1.d,0.16697063247016,Saved formally,Main market
Jordan,JOR,2024,7867178.0,Middle East & North Africa (excluding high income),Upper middle income,age_cat,age 25+,fin17a.17a1.d,0.113291877328061,Saved formally,Peer market
Jordan,JOR,2024,7867178.0,Middle East & North Africa (excluding high income),Upper middle income,age_cat,ages 15-24,fin17a.17a1.d,0.10524350845375,Saved formally,Peer market
Saudi Arabia,SAU,2024,25248449.0,High income,High income,age_cat,age 25+,fin17a.17a1.d,0.45068075559117,Saved formally,Advanced benchmark
Saudi Arabia,SAU,2024,25248449.0,High income,High income,age_cat,ages 15-24,fin17a.17a1.d,0.282525433952761,Saved formally,Advanced benchmark
Tunisia,TUN,2024,9219268.0,Middle East & North Africa (excluding high income),Lower middle income,age_cat,age 25+,fin17a.17a1.d,0.263165338796315,Saved formally,Peer market
Tunisia,TUN,2024,9219268.0,Middle East & North Africa (excluding high income),Lower middle income,age_cat,ages 15-24,fin17a.17a1.d,0.0593262266841305,Saved formally,Peer market
Algeria,DZA,2024,32019804.0,Middle East & North Africa (excluding high income),Lower middle income,urbanicity,rural,fin17a.17a1.d,0.11418635738754,Saved formally,Peer market
Algeria,DZA,2024,32019804.0,Middle East & North Africa (excluding high income),Lower middle income,urbanicity,urban,fin17a.17a1.d,0.186523825790345,Saved formally,Peer market
Egypt,EGY,2024,77385958.0,Middle East & North Africa (excluding high income),Lower middle income,urbanicity,rural,fin17a.17a1.d,0.0970647947918502,Saved formally,Main market
Egypt,EGY,2024,77385958.0,Middle East & North Africa (excluding high income),Lower middle income,urbanicity,urban,fin17a.17a1.d,0.161165633785964,Saved formally,Main market
Jordan,JOR,2024,7867178.0,Middle East & North Africa (excluding high income),Upper middle income,urbanicity,rural,fin17a.17a1.d,0.10208220001197,Saved formally,Peer market
Jordan,JOR,2024,7867178.0,Middle East & North Africa (excluding high income),Upper middle income,urbanicity,urban,fin17a.17a1.d,0.114296220682228,Saved formally,Peer market
Saudi Arabia,SAU,2024,25248449.0,High income,High income,urbanicity,rural,fin17a.17a1.d,0.41227224396653,Saved formally,Advanced benchmark
Saudi Arabia,SAU,2024,25248449.0,High income,High income,urbanicity,urban,fin17a.17a1.d,0.417796449370131,Saved formally,Advanced benchmark
Tunisia,TUN,2024,9219268.0,Middle East & North Africa (excluding high income),Lower middle income,urbanicity,rural,fin17a.17a1.d,0.153301203861031,Saved formally,Peer market
Tunisia,TUN,2024,9219268.0,Middle East & North Africa (excluding high income),Lower middle income,urbanicity,urban,fin17a.17a1.d,0.291315039277215,Saved formally,Peer market
Saudi Arabia,SAU,2011,17354530.0,High income,High income,laborforce,out of laborforce,fin17a.17a1.d,0.0334474556042926,Saved formally,Advanced benchmark
Saudi Arabia,SAU,2011,17354530.0,High income,High income,laborforce,in laborforce,fin17a.17a1.d,0.336016046309857,Saved formally,Advanced benchmark
United Arab Emirates,ARE,2011,5710622.0,High income,High income,laborforce,out of laborforce,fin17a.17a1.d,0.0748984898502026,Saved formally,Supplementary benchmark
United Arab Emirates,ARE,2011,5710622.0,High income,High income,laborforce,in laborforce,fin17a.17a1.d,0.298064553924883,Saved formally,Supplementary benchmark
Algeria,DZA,2014,27628433.0,Middle East & North Africa (excluding high income),Lower middle income,laborforce,out of laborforce,fin17a.17a1.d,0.0494745528064225,Saved formally,Peer market
Algeria,DZA,2014,27628433.0,Middle East & North Africa (excluding high income),Lower middle income,laborforce,in laborforce,fin17a.17a1.d,0.27927878983828,Saved formally,Peer market
Saudi Arabia,SAU,2014,20496432.0,High income,High income,laborforce,out of laborforce,fin17a.17a1.d,0.126263414221694,Saved formally,Advanced benchmark
Saudi Arabia,SAU,2014,20496432.0,High income,High income,laborforce,in laborforce,fin17a.17a1.d,0.196167743449439,Saved formally,Advanced benchmark
Tunisia,TUN,2014,8426960.0,Middle East & North Africa (excluding high income),Lower middle income,laborforce,out of laborforce,fin17a.17a1.d,0.0693782169659241,Saved formally,Peer market
Tunisia,TUN,2014,8426960.0,Middle East & North Africa (excluding high income),Lower middle income,laborforce,in laborforce,fin17a.17a1.d,0.157752952585456,Saved formally,Peer market
United Arab Emirates,ARE,2014,6398423.0,High income,High income,laborforce,out of laborforce,fin17a.17a1.d,0.14557508203208,Saved formally,Supplementary benchmark
United Arab Emirates,ARE,2014,6398423.0,High income,High income,laborforce,in laborforce,fin17a.17a1.d,0.373780994290131,Saved formally,Supplementary benchmark
Algeria,DZA,2017,28799702.0,Middle East & North Africa (excluding high income),Lower middle income,laborforce,out of laborforce,fin17a.17a1.d,0.0734150060881656,Saved formally,Peer market
Algeria,DZA,2017,28799702.0,Middle East & North Africa (excluding high income),Lower middle income,laborforce,in laborforce,fin17a.17a1.d,0.178196007174585,Saved formally,Peer market
Jordan,JOR,2017,6558247.0,Middle East & North Africa (excluding high income),Upper middle income,laborforce,out of laborforce,fin17a.17a1.d,0.0599686931174962,Saved formally,Peer market
Jordan,JOR,2017,6558247.0,Middle East & North Africa (excluding high income),Upper middle income,laborforce,in laborforce,fin17a.17a1.d,0.171828794885152,Saved formally,Peer market
Saudi Arabia,SAU,2017,23241801.0,High income,High income,laborforce,out of laborforce,fin17a.17a1.d,0.0612203566469989,Saved formally,Advanced benchmark
Saudi Arabia,SAU,2017,23241801.0,High income,High income,laborforce,in laborforce,fin17a.17a1.d,0.192930966611945,Saved formally,Advanced benchmark
Tunisia,TUN,2017,8662597.0,Middle East & North Africa (excluding high income),Lower middle income,laborforce,out of laborforce,fin17a.17a1.d,0.0670577000160439,Saved formally,Peer market
Tunisia,TUN,2017,8662597.0,Middle East & North Africa (excluding high income),Lower middle income,laborforce,in laborforce,fin17a.17a1.d,0.351844693982975,Saved formally,Peer market
United Arab Emirates,ARE,2017,7433015.0,High income,High income,laborforce,out of laborforce,fin17a.17a1.d,0.129914080474811,Saved formally,Supplementary benchmark
United Arab Emirates,ARE,2017,7433015.0,High income,High income,laborforce,in laborforce,fin17a.17a1.d,0.318768469738343,Saved formally,Supplementary benchmark
Algeria,DZA,2021,30458426.0,Middle East & North Africa (excluding high income),Lower middle income,laborforce,out of laborforce,fin17a.17a1.d,0.0969256113597013,Saved formally,Peer market
Algeria,DZA,2021,30458426.0,Middle East & North Africa (excluding high income),Lower middle income,laborforce,in laborforce,fin17a.17a1.d,0.272421811556886,Saved formally,Peer market
Saudi Arabia,SAU,2021,23509479.0,High income,High income,laborforce,out of laborforce,fin17a.17a1.d,0.170489436758198,Saved formally,Advanced benchmark
Saudi Arabia,SAU,2021,23509479.0,High income,High income,laborforce,in laborforce,fin17a.17a1.d,0.435999356952731,Saved formally,Advanced benchmark
Tunisia,TUN,2021,8970562.0,Middle East & North Africa (excluding high income),Lower middle income,laborforce,out of laborforce,fin17a.17a1.d,0.102209681924594,Saved formally,Peer market
Tunisia,TUN,2021,8970562.0,Middle East & North Africa (excluding high income),Lower middle income,laborforce,in laborforce,fin17a.17a1.d,0.207129523828783,Saved formally,Peer market
United Arab Emirates,ARE,2021,7842387.0,High income,High income,laborforce,out of laborforce,fin17a.17a1.d,0.0401550572454059,Saved formally,Supplementary benchmark
United Arab Emirates,ARE,2021,7842387.0,High income,High income,laborforce,in laborforce,fin17a.17a1.d,0.143187602575427,Saved formally,Supplementary benchmark
Algeria,DZA,2024,32019804.0,Middle East & North Africa (excluding high income),Lower middle income,laborforce,out of laborforce,fin17a.17a1.d,0.117121827178316,Saved formally,Peer market
Algeria,DZA,2024,32019804.0,Middle East & North Africa (excluding high income),Lower middle income,laborforce,in laborforce,fin17a.17a1.d,0.242489544936301,Saved formally,Peer market
Egypt,EGY,2024,77385958.0,Middle East & North Africa (excluding high income),Lower middle income,laborforce,out of laborforce,fin17a.17a1.d,0.098968944521515,Saved formally,Main market
Egypt,EGY,2024,77385958.0,Middle East & North Africa (excluding high income),Lower middle income,laborforce,in laborforce,fin17a.17a1.d,0.184921511238125,Saved formally,Main market
Jordan,JOR,2024,7867178.0,Middle East & North Africa (excluding high income),Upper middle income,laborforce,out of laborforce,fin17a.17a1.d,0.0689386174972422,Saved formally,Peer market
Jordan,JOR,2024,7867178.0,Middle East & North Africa (excluding high income),Upper middle income,laborforce,in laborforce,fin17a.17a1.d,0.209588914504026,Saved formally,Peer market
Saudi Arabia,SAU,2024,25248449.0,High income,High income,laborforce,out of laborforce,fin17a.17a1.d,0.30848708291667,Saved formally,Advanced benchmark
Saudi Arabia,SAU,2024,25248449.0,High income,High income,laborforce,in laborforce,fin17a.17a1.d,0.46363441147972,Saved formally,Advanced benchmark
Tunisia,TUN,2024,9219268.0,Middle East & North Africa (excluding high income),Lower middle income,laborforce,out of laborforce,fin17a.17a1.d,0.0691476460693178,Saved formally,Peer market
Tunisia,TUN,2024,9219268.0,Middle East & North Africa (excluding high income),Lower middle income,laborforce,in laborforce,fin17a.17a1.d,0.386104531021282,Saved formally,Peer market
Saudi Arabia,SAU,2011,17354530.0,High income,High income,education,secondary edu or more,fin17a.17a1.d,0.203452061133186,Saved formally,Advanced benchmark
Saudi Arabia,SAU,2011,17354530.0,High income,High income,education,prim edu or less,fin17a.17a1.d,0.111398590539045,Saved formally,Advanced benchmark
United Arab Emirates,ARE,2011,5710622.0,High income,High income,education,secondary edu or more,fin17a.17a1.d,0.199012564006511,Saved formally,Supplementary benchmark
United Arab Emirates,ARE,2011,5710622.0,High income,High income,education,prim edu or less,fin17a.17a1.d,0.13146495297113,Saved formally,Supplementary benchmark
Algeria,DZA,2014,27628433.0,Middle East & North Africa (excluding high income),Lower middle income,education,secondary edu or more,fin17a.17a1.d,0.151703958396217,Saved formally,Peer market
Algeria,DZA,2014,27628433.0,Middle East & North Africa (excluding high income),Lower middle income,education,prim edu or less,fin17a.17a1.d,0.131623381145721,Saved formally,Peer market
Saudi Arabia,SAU,2014,20496432.0,High income,High income,education,secondary edu or more,fin17a.17a1.d,0.1935922353061,Saved formally,Advanced benchmark
Saudi Arabia,SAU,2014,20496432.0,High income,High income,education,prim edu or less,fin17a.17a1.d,0.0489388490640949,Saved formally,Advanced benchmark
Tunisia,TUN,2014,8426960.0,Middle East & North Africa (excluding high income),Lower middle income,education,secondary edu or more,fin17a.17a1.d,0.121647116423002,Saved formally,Peer market
Tunisia,TUN,2014,8426960.0,Middle East & North Africa (excluding high income),Lower middle income,education,prim edu or less,fin17a.17a1.d,0.0879145254892413,Saved formally,Peer market
United Arab Emirates,ARE,2014,6398423.0,High income,High income,education,secondary edu or more,fin17a.17a1.d,0.324924562143134,Saved formally,Supplementary benchmark
United Arab Emirates,ARE,2014,6398423.0,High income,High income,education,prim edu or less,fin17a.17a1.d,0.124266572931075,Saved formally,Supplementary benchmark
Algeria,DZA,2017,28799702.0,Middle East & North Africa (excluding high income),Lower middle income,education,secondary edu or more,fin17a.17a1.d,0.12860789318278,Saved formally,Peer market
Algeria,DZA,2017,28799702.0,Middle East & North Africa (excluding high income),Lower middle income,education,prim edu or less,fin17a.17a1.d,0.108613159105113,Saved formally,Peer market
Jordan,JOR,2017,6558247.0,Middle East & North Africa (excluding high income),Upper middle income,education,secondary edu or more,fin17a.17a1.d,0.124671014829608,Saved formally,Peer market
Jordan,JOR,2017,6558247.0,Middle East & North Africa (excluding high income),Upper middle income,education,prim edu or less,fin17a.17a1.d,0.0371619311505858,Saved formally,Peer market
Saudi Arabia,SAU,2017,23241801.0,High income,High income,education,secondary edu or more,fin17a.17a1.d,0.156536301653634,Saved formally,Advanced benchmark
Saudi Arabia,SAU,2017,23241801.0,High income,High income,education,prim edu or less,fin17a.17a1.d,0.0508061699280808,Saved formally,Advanced benchmark
Tunisia,TUN,2017,8662597.0,Middle East & North Africa (excluding high income),Lower middle income,education,secondary edu or more,fin17a.17a1.d,0.268439017224852,Saved formally,Peer market
Tunisia,TUN,2017,8662597.0,Middle East & North Africa (excluding high income),Lower middle income,education,prim edu or less,fin17a.17a1.d,0.0777392710810582,Saved formally,Peer market
United Arab Emirates,ARE,2017,7433015.0,High income,High income,education,secondary edu or more,fin17a.17a1.d,0.295537741741705,Saved formally,Supplementary benchmark
United Arab Emirates,ARE,2017,7433015.0,High income,High income,education,prim edu or less,fin17a.17a1.d,0.0438316368506591,Saved formally,Supplementary benchmark
Algeria,DZA,2021,30458426.0,Middle East & North Africa (excluding high income),Lower middle income,education,secondary edu or more,fin17a.17a1.d,0.153868682212111,Saved formally,Peer market
Algeria,DZA,2021,30458426.0,Middle East & North Africa (excluding high income),Lower middle income,education,prim edu or less,fin17a.17a1.d,0.167636600893109,Saved formally,Peer market
Saudi Arabia,SAU,2021,23509479.0,High income,High income,education,secondary edu or more,fin17a.17a1.d,0.370095130337677,Saved formally,Advanced benchmark
Saudi Arabia,SAU,2021,23509479.0,High income,High income,education,prim edu or less,fin17a.17a1.d,0.0,Saved formally,Advanced benchmark
Tunisia,TUN,2021,8970562.0,Middle East & North Africa (excluding high income),Lower middle income,education,secondary edu or more,fin17a.17a1.d,0.213007832521563,Saved formally,Peer market
Tunisia,TUN,2021,8970562.0,Middle East & North Africa (excluding high income),Lower middle income,education,prim edu or less,fin17a.17a1.d,0.0739040089433706,Saved formally,Peer market
United Arab Emirates,ARE,2021,7842387.0,High income,High income,education,secondary edu or more,fin17a.17a1.d,0.11405151174735,Saved formally,Supplementary benchmark
United Arab Emirates,ARE,2021,7842387.0,High income,High income,education,prim edu or less,fin17a.17a1.d,0.0175458542316212,Saved formally,Supplementary benchmark
Algeria,DZA,2024,32019804.0,Middle East & North Africa (excluding high income),Lower middle income,education,secondary edu or more,fin17a.17a1.d,0.187999825301278,Saved formally,Peer market
Algeria,DZA,2024,32019804.0,Middle East & North Africa (excluding high income),Lower middle income,education,prim edu or less,fin17a.17a1.d,0.100696664720432,Saved formally,Peer market
Egypt,EGY,2024,77385958.0,Middle East & North Africa (excluding high income),Lower middle income,education,secondary edu or more,fin17a.17a1.d,0.210362241488887,Saved formally,Main market
Egypt,EGY,2024,77385958.0,Middle East & North Africa (excluding high income),Lower middle income,education,prim edu or less,fin17a.17a1.d,0.0731019135837413,Saved formally,Main market
Jordan,JOR,2024,7867178.0,Middle East & North Africa (excluding high income),Upper middle income,education,secondary edu or more,fin17a.17a1.d,0.130263773792342,Saved formally,Peer market
Jordan,JOR,2024,7867178.0,Middle East & North Africa (excluding high income),Upper middle income,education,prim edu or less,fin17a.17a1.d,0.0390811167460727,Saved formally,Peer market
Saudi Arabia,SAU,2024,25248449.0,High income,High income,education,secondary edu or more,fin17a.17a1.d,0.424708982358025,Saved formally,Advanced benchmark
Saudi Arabia,SAU,2024,25248449.0,High income,High income,education,prim edu or less,fin17a.17a1.d,0.224566399214108,Saved formally,Advanced benchmark
Tunisia,TUN,2024,9219268.0,Middle East & North Africa (excluding high income),Lower middle income,education,secondary edu or more,fin17a.17a1.d,0.264762174232192,Saved formally,Peer market
Tunisia,TUN,2024,9219268.0,Middle East & North Africa (excluding high income),Lower middle income,education,prim edu or less,fin17a.17a1.d,0.162076053608591,Saved formally,Peer market
Algeria,DZA,2014,27628433.0,Middle East & North Africa (excluding high income),Lower middle income,all,all,borrow.any.t.d,0.257866151407751,Borrowed any money,Peer market
Egypt,EGY,2014,63009609.0,Middle East & North Africa (excluding high income),Lower middle income,all,all,borrow.any.t.d,0.351519807163438,Borrowed any money,Main market
Jordan,JOR,2014,5205320.0,Middle East & North Africa (excluding high income),Upper middle income,all,all,borrow.any.t.d,0.331072142937537,Borrowed any money,Peer market
Saudi Arabia,SAU,2014,20496432.0,High income,High income,all,all,borrow.any.t.d,0.564993495750094,Borrowed any money,Advanced benchmark
Tunisia,TUN,2014,8426960.0,Middle East & North Africa (excluding high income),Lower middle income,all,all,borrow.any.t.d,0.372205030975303,Borrowed any money,Peer market
United Arab Emirates,ARE,2014,6398423.0,High income,High income,all,all,borrow.any.t.d,0.638358272624265,Borrowed any money,Supplementary benchmark
Algeria,DZA,2017,28799702.0,Middle East & North Africa (excluding high income),Lower middle income,all,all,borrow.any.t.d,0.288700674134992,Borrowed any money,Peer market
Egypt,EGY,2017,66961302.0,Middle East & North Africa (excluding high income),Lower middle income,all,all,borrow.any.t.d,0.490587986387475,Borrowed any money,Main market
Jordan,JOR,2017,6558247.0,Middle East & North Africa (excluding high income),Upper middle income,all,all,borrow.any.t.d,0.476769055554652,Borrowed any money,Peer market
Morocco,MAR,2017,24894226.0,Middle East & North Africa (excluding high income),Lower middle income,all,all,borrow.any.t.d,0.264710059661177,Borrowed any money,Peer market
Saudi Arabia,SAU,2017,23241801.0,High income,High income,all,all,borrow.any.t.d,0.543137700819369,Borrowed any money,Advanced benchmark
Tunisia,TUN,2017,8662597.0,Middle East & North Africa (excluding high income),Lower middle income,all,all,borrow.any.t.d,0.450862233761047,Borrowed any money,Peer market
United Arab Emirates,ARE,2017,7433015.0,High income,High income,all,all,borrow.any.t.d,0.638642236789374,Borrowed any money,Supplementary benchmark
Algeria,DZA,2021,30458426.0,Middle East & North Africa (excluding high income),Lower middle income,all,all,borrow.any.t.d,0.3759191125686,Borrowed any money,Peer market
Egypt,EGY,2021,72722825.0,Middle East & North Africa (excluding high income),Lower middle income,all,all,borrow.any.t.d,0.464418889124725,Borrowed any money,Main market
Jordan,JOR,2021,7296924.0,Middle East & North Africa (excluding high income),Upper middle income,all,all,borrow.any.t.d,0.535250701537721,Borrowed any money,Peer market
Morocco,MAR,2021,26706787.0,Middle East & North Africa (excluding high income),Lower middle income,all,all,borrow.any.t.d,0.57039662936349,Borrowed any money,Peer market
Saudi Arabia,SAU,2021,23509479.0,High income,High income,all,all,borrow.any.t.d,0.597271960770624,Borrowed any money,Advanced benchmark
Tunisia,TUN,2021,8970562.0,Middle East & North Africa (excluding high income),Lower middle income,all,all,borrow.any.t.d,0.505834020543242,Borrowed any money,Peer market
United Arab Emirates,ARE,2021,7842387.0,High income,High income,all,all,borrow.any.t.d,0.435062262094794,Borrowed any money,Supplementary benchmark
Algeria,DZA,2024,32019804.0,Middle East & North Africa (excluding high income),Lower middle income,all,all,borrow.any.t.d,0.341381414284105,Borrowed any money,Peer market
Egypt,EGY,2024,77385958.0,Middle East & North Africa (excluding high income),Lower middle income,all,all,borrow.any.t.d,0.560872485997733,Borrowed any money,Main market
Jordan,JOR,2024,7867178.0,Middle East & North Africa (excluding high income),Upper middle income,all,all,borrow.any.t.d,0.652157130109157,Borrowed any money,Peer market
Morocco,MAR,2024,27893979.0,Middle East & North Africa (excluding high income),Lower middle income,all,all,borrow.any.t.d,0.576170489159961,Borrowed any money,Peer market
Saudi Arabia,SAU,2024,25248449.0,High income,High income,all,all,borrow.any.t.d,0.556948316914372,Borrowed any money,Advanced benchmark
Tunisia,TUN,2024,9219268.0,Middle East & North Africa (excluding high income),Lower middle income,all,all,borrow.any.t.d,0.435067900468424,Borrowed any money,Peer market
Algeria,DZA,2014,27628433.0,Middle East & North Africa (excluding high income),Lower middle income,gender,men,borrow.any.t.d,0.262220104359383,Borrowed any money,Peer market
Algeria,DZA,2014,27628433.0,Middle East & North Africa (excluding high income),Lower middle income,gender,women,borrow.any.t.d,0.253524078562874,Borrowed any money,Peer market
Egypt,EGY,2014,63009609.0,Middle East & North Africa (excluding high income),Lower middle income,gender,men,borrow.any.t.d,0.343631543252876,Borrowed any money,Main market
Egypt,EGY,2014,63009609.0,Middle East & North Africa (excluding high income),Lower middle income,gender,women,borrow.any.t.d,0.359721632900342,Borrowed any money,Main market
Jordan,JOR,2014,5205320.0,Middle East & North Africa (excluding high income),Upper middle income,gender,men,borrow.any.t.d,0.369110891176073,Borrowed any money,Peer market
Jordan,JOR,2014,5205320.0,Middle East & North Africa (excluding high income),Upper middle income,gender,women,borrow.any.t.d,0.291337473984821,Borrowed any money,Peer market
Saudi Arabia,SAU,2014,20496432.0,High income,High income,gender,men,borrow.any.t.d,0.64729607352403,Borrowed any money,Advanced benchmark
Saudi Arabia,SAU,2014,20496432.0,High income,High income,gender,women,borrow.any.t.d,0.45008753897824,Borrowed any money,Advanced benchmark
Tunisia,TUN,2014,8426960.0,Middle East & North Africa (excluding high income),Lower middle income,gender,men,borrow.any.t.d,0.426089937430881,Borrowed any money,Peer market
Tunisia,TUN,2014,8426960.0,Middle East & North Africa (excluding high income),Lower middle income,gender,women,borrow.any.t.d,0.319001351662205,Borrowed any money,Peer market
United Arab Emirates,ARE,2014,6398423.0,High income,High income,gender,men,borrow.any.t.d,0.692004334670395,Borrowed any money,Supplementary benchmark
United Arab Emirates,ARE,2014,6398423.0,High income,High income,gender,women,borrow.any.t.d,0.500235405789807,Borrowed any money,Supplementary benchmark
Algeria,DZA,2017,28799702.0,Middle East & North Africa (excluding high income),Lower middle income,gender,men,borrow.any.t.d,0.320268320754039,Borrowed any money,Peer market
Algeria,DZA,2017,28799702.0,Middle East & North Africa (excluding high income),Lower middle income,gender,women,borrow.any.t.d,0.25706373592347,Borrowed any money,Peer market
Egypt,EGY,2017,66961302.0,Middle East & North Africa (excluding high income),Lower middle income,gender,men,borrow.any.t.d,0.521009871322657,Borrowed any money,Main market
Egypt,EGY,2017,66961302.0,Middle East & North Africa (excluding high income),Lower middle income,gender,women,borrow.any.t.d,0.460576485824615,Borrowed any money,Main market
Jordan,JOR,2017,6558247.0,Middle East & North Africa (excluding high income),Upper middle income,gender,men,borrow.any.t.d,0.485742623080873,Borrowed any money,Peer market
Jordan,JOR,2017,6558247.0,Middle East & North Africa (excluding high income),Upper middle income,gender,women,borrow.any.t.d,0.466434391975092,Borrowed any money,Peer market
Morocco,MAR,2017,24894226.0,Middle East & North Africa (excluding high income),Lower middle income,gender,men,borrow.any.t.d,0.29307766638957,Borrowed any money,Peer market
Morocco,MAR,2017,24894226.0,Middle East & North Africa (excluding high income),Lower middle income,gender,women,borrow.any.t.d,0.238525764653978,Borrowed any money,Peer market
Saudi Arabia,SAU,2017,23241801.0,High income,High income,gender,men,borrow.any.t.d,0.592016553628389,Borrowed any money,Advanced benchmark
Saudi Arabia,SAU,2017,23241801.0,High income,High income,gender,women,borrow.any.t.d,0.468327914389042,Borrowed any money,Advanced benchmark
Tunisia,TUN,2017,8662597.0,Middle East & North Africa (excluding high income),Lower middle income,gender,men,borrow.any.t.d,0.535774886148508,Borrowed any money,Peer market
Tunisia,TUN,2017,8662597.0,Middle East & North Africa (excluding high income),Lower middle income,gender,women,borrow.any.t.d,0.368657578407527,Borrowed any money,Peer market
United Arab Emirates,ARE,2017,7433015.0,High income,High income,gender,men,borrow.any.t.d,0.682136410925838,Borrowed any money,Supplementary benchmark
United Arab Emirates,ARE,2017,7433015.0,High income,High income,gender,women,borrow.any.t.d,0.523675252056953,Borrowed any money,Supplementary benchmark
Algeria,DZA,2021,30458426.0,Middle East & North Africa (excluding high income),Lower middle income,gender,men,borrow.any.t.d,0.390968011102833,Borrowed any money,Peer market
Algeria,DZA,2021,30458426.0,Middle East & North Africa (excluding high income),Lower middle income,gender,women,borrow.any.t.d,0.360666821338168,Borrowed any money,Peer market
Egypt,EGY,2021,72722825.0,Middle East & North Africa (excluding high income),Lower middle income,gender,men,borrow.any.t.d,0.469467301120668,Borrowed any money,Main market
Egypt,EGY,2021,72722825.0,Middle East & North Africa (excluding high income),Lower middle income,gender,women,borrow.any.t.d,0.459177501991204,Borrowed any money,Main market
Jordan,JOR,2021,7296924.0,Middle East & North Africa (excluding high income),Upper middle income,gender,men,borrow.any.t.d,0.57600127309793,Borrowed any money,Peer market
Jordan,JOR,2021,7296924.0,Middle East & North Africa (excluding high income),Upper middle income,gender,women,borrow.any.t.d,0.488905023511372,Borrowed any money,Peer market
Morocco,MAR,2021,26706787.0,Middle East & North Africa (excluding high income),Lower middle income,gender,men,borrow.any.t.d,0.604401561102884,Borrowed any money,Peer market
Morocco,MAR,2021,26706787.0,Middle East & North Africa (excluding high income),Lower middle income,gender,women,borrow.any.t.d,0.536164636148191,Borrowed any money,Peer market
Saudi Arabia,SAU,2021,23509479.0,High income,High income,gender,men,borrow.any.t.d,0.627253921790889,Borrowed any money,Advanced benchmark
Saudi Arabia,SAU,2021,23509479.0,High income,High income,gender,women,borrow.any.t.d,0.553098588891754,Borrowed any money,Advanced benchmark
Tunisia,TUN,2021,8970562.0,Middle East & North Africa (excluding high income),Lower middle income,gender,men,borrow.any.t.d,0.537272032226067,Borrowed any money,Peer market
Tunisia,TUN,2021,8970562.0,Middle East & North Africa (excluding high income),Lower middle income,gender,women,borrow.any.t.d,0.475080385809084,Borrowed any money,Peer market
United Arab Emirates,ARE,2021,7842387.0,High income,High income,gender,men,borrow.any.t.d,0.466104865903417,Borrowed any money,Supplementary benchmark
United Arab Emirates,ARE,2021,7842387.0,High income,High income,gender,women,borrow.any.t.d,0.351056958288752,Borrowed any money,Supplementary benchmark
Algeria,DZA,2024,32019804.0,Middle East & North Africa (excluding high income),Lower middle income,gender,men,borrow.any.t.d,0.346398879994373,Borrowed any money,Peer market
Algeria,DZA,2024,32019804.0,Middle East & North Africa (excluding high income),Lower middle income,gender,women,borrow.any.t.d,0.336168276314091,Borrowed any money,Peer market
Egypt,EGY,2024,77385958.0,Middle East & North Africa (excluding high income),Lower middle income,gender,men,borrow.any.t.d,0.543228232555749,Borrowed any money,Main market
Egypt,EGY,2024,77385958.0,Middle East & North Africa (excluding high income),Lower middle income,gender,women,borrow.any.t.d,0.578900313890659,Borrowed any money,Main market
Jordan,JOR,2024,7867178.0,Middle East & North Africa (excluding high income),Upper middle income,gender,men,borrow.any.t.d,0.713943456316723,Borrowed any money,Peer market
Jordan,JOR,2024,7867178.0,Middle East & North Africa (excluding high income),Upper middle income,gender,women,borrow.any.t.d,0.585333229765556,Borrowed any money,Peer market
Morocco,MAR,2024,27893979.0,Middle East & North Africa (excluding high income),Lower middle income,gender,men,borrow.any.t.d,0.644513495856705,Borrowed any money,Peer market
Morocco,MAR,2024,27893979.0,Middle East & North Africa (excluding high income),Lower middle income,gender,women,borrow.any.t.d,0.511439110889169,Borrowed any money,Peer market
Saudi Arabia,SAU,2024,25248449.0,High income,High income,gender,men,borrow.any.t.d,0.581407008169269,Borrowed any money,Advanced benchmark
Saudi Arabia,SAU,2024,25248449.0,High income,High income,gender,women,borrow.any.t.d,0.512677530573245,Borrowed any money,Advanced benchmark
Tunisia,TUN,2024,9219268.0,Middle East & North Africa (excluding high income),Lower middle income,gender,men,borrow.any.t.d,0.474859532719925,Borrowed any money,Peer market
Tunisia,TUN,2024,9219268.0,Middle East & North Africa (excluding high income),Lower middle income,gender,women,borrow.any.t.d,0.396923067485409,Borrowed any money,Peer market
Algeria,DZA,2014,27628433.0,Middle East & North Africa (excluding high income),Lower middle income,income,richest 60%,borrow.any.t.d,0.251131765601193,Borrowed any money,Peer market
Algeria,DZA,2014,27628433.0,Middle East & North Africa (excluding high income),Lower middle income,income,poorest 40%,borrow.any.t.d,0.267984930634672,Borrowed any money,Peer market
Egypt,EGY,2014,63009609.0,Middle East & North Africa (excluding high income),Lower middle income,income,richest 60%,borrow.any.t.d,0.35113798204229,Borrowed any money,Main market
Egypt,EGY,2014,63009609.0,Middle East & North Africa (excluding high income),Lower middle income,income,poorest 40%,borrow.any.t.d,0.352094505984309,Borrowed any money,Main market
Jordan,JOR,2014,5205320.0,Middle East & North Africa (excluding high income),Upper middle income,income,richest 60%,borrow.any.t.d,0.340364639547641,Borrowed any money,Peer market
Jordan,JOR,2014,5205320.0,Middle East & North Africa (excluding high income),Upper middle income,income,poorest 40%,borrow.any.t.d,0.317079366457867,Borrowed any money,Peer market
Saudi Arabia,SAU,2014,20496432.0,High income,High income,income,richest 60%,borrow.any.t.d,0.546987599480159,Borrowed any money,Advanced benchmark
Saudi Arabia,SAU,2014,20496432.0,High income,High income,income,poorest 40%,borrow.any.t.d,0.588834672946919,Borrowed any money,Advanced benchmark
Tunisia,TUN,2014,8426960.0,Middle East & North Africa (excluding high income),Lower middle income,income,richest 60%,borrow.any.t.d,0.394015561240362,Borrowed any money,Peer market
Tunisia,TUN,2014,8426960.0,Middle East & North Africa (excluding high income),Lower middle income,income,poorest 40%,borrow.any.t.d,0.339355009872078,Borrowed any money,Peer market
United Arab Emirates,ARE,2014,6398423.0,High income,High income,income,richest 60%,borrow.any.t.d,0.661920085080576,Borrowed any money,Supplementary benchmark
United Arab Emirates,ARE,2014,6398423.0,High income,High income,income,poorest 40%,borrow.any.t.d,0.605000028693536,Borrowed any money,Supplementary benchmark
Algeria,DZA,2017,28799702.0,Middle East & North Africa (excluding high income),Lower middle income,income,richest 60%,borrow.any.t.d,0.27985907999427,Borrowed any money,Peer market
Algeria,DZA,2017,28799702.0,Middle East & North Africa (excluding high income),Lower middle income,income,poorest 40%,borrow.any.t.d,0.301997220006127,Borrowed any money,Peer market
Egypt,EGY,2017,66961302.0,Middle East & North Africa (excluding high income),Lower middle income,income,richest 60%,borrow.any.t.d,0.500982766033578,Borrowed any money,Main market
Egypt,EGY,2017,66961302.0,Middle East & North Africa (excluding high income),Lower middle income,income,poorest 40%,borrow.any.t.d,0.474957829322967,Borrowed any money,Main market
Jordan,JOR,2017,6558247.0,Middle East & North Africa (excluding high income),Upper middle income,income,richest 60%,borrow.any.t.d,0.459293376568636,Borrowed any money,Peer market
Jordan,JOR,2017,6558247.0,Middle East & North Africa (excluding high income),Upper middle income,income,poorest 40%,borrow.any.t.d,0.503050220520107,Borrowed any money,Peer market
Morocco,MAR,2017,24894226.0,Middle East & North Africa (excluding high income),Lower middle income,income,richest 60%,borrow.any.t.d,0.249924458671354,Borrowed any money,Peer market
Morocco,MAR,2017,24894226.0,Middle East & North Africa (excluding high income),Lower middle income,income,poorest 40%,borrow.any.t.d,0.286916302354402,Borrowed any money,Peer market
Saudi Arabia,SAU,2017,23241801.0,High income,High income,income,richest 60%,borrow.any.t.d,0.519832247109152,Borrowed any money,Advanced benchmark
Saudi Arabia,SAU,2017,23241801.0,High income,High income,income,poorest 40%,borrow.any.t.d,0.578178812461605,Borrowed any money,Advanced benchmark
Tunisia,TUN,2017,8662597.0,Middle East & North Africa (excluding high income),Lower middle income,income,richest 60%,borrow.any.t.d,0.454933182891989,Borrowed any money,Peer market
Tunisia,TUN,2017,8662597.0,Middle East & North Africa (excluding high income),Lower middle income,income,poorest 40%,borrow.any.t.d,0.444741579387235,Borrowed any money,Peer market
United Arab Emirates,ARE,2017,7433015.0,High income,High income,income,richest 60%,borrow.any.t.d,0.675230956245084,Borrowed any money,Supplementary benchmark
United Arab Emirates,ARE,2017,7433015.0,High income,High income,income,poorest 40%,borrow.any.t.d,0.583587012116259,Borrowed any money,Supplementary benchmark
Algeria,DZA,2021,30458426.0,Middle East & North Africa (excluding high income),Lower middle income,income,richest 60%,borrow.any.t.d,0.327986344985042,Borrowed any money,Peer market
Algeria,DZA,2021,30458426.0,Middle East & North Africa (excluding high income),Lower middle income,income,poorest 40%,borrow.any.t.d,0.448286060754803,Borrowed any money,Peer market
Egypt,EGY,2021,72722825.0,Middle East & North Africa (excluding high income),Lower middle income,income,richest 60%,borrow.any.t.d,0.390168609711651,Borrowed any money,Main market
Egypt,EGY,2021,72722825.0,Middle East & North Africa (excluding high income),Lower middle income,income,poorest 40%,borrow.any.t.d,0.576176407919222,Borrowed any money,Main market
Jordan,JOR,2021,7296924.0,Middle East & North Africa (excluding high income),Upper middle income,income,richest 60%,borrow.any.t.d,0.507995239982955,Borrowed any money,Peer market
Jordan,JOR,2021,7296924.0,Middle East & North Africa (excluding high income),Upper middle income,income,poorest 40%,borrow.any.t.d,0.576173149229525,Borrowed any money,Peer market
Morocco,MAR,2021,26706787.0,Middle East & North Africa (excluding high income),Lower middle income,income,richest 60%,borrow.any.t.d,0.569715841703763,Borrowed any money,Peer market
Morocco,MAR,2021,26706787.0,Middle East & North Africa (excluding high income),Lower middle income,income,poorest 40%,borrow.any.t.d,0.571416681539275,Borrowed any money,Peer market
Saudi Arabia,SAU,2021,23509479.0,High income,High income,income,richest 60%,borrow.any.t.d,0.621776779512481,Borrowed any money,Advanced benchmark
Saudi Arabia,SAU,2021,23509479.0,High income,High income,income,poorest 40%,borrow.any.t.d,0.560296854135657,Borrowed any money,Advanced benchmark
Tunisia,TUN,2021,8970562.0,Middle East & North Africa (excluding high income),Lower middle income,income,richest 60%,borrow.any.t.d,0.516206474762707,Borrowed any money,Peer market
Tunisia,TUN,2021,8970562.0,Middle East & North Africa (excluding high income),Lower middle income,income,poorest 40%,borrow.any.t.d,0.490257016100665,Borrowed any money,Peer market
United Arab Emirates,ARE,2021,7842387.0,High income,High income,income,richest 60%,borrow.any.t.d,0.420363956727119,Borrowed any money,Supplementary benchmark
United Arab Emirates,ARE,2021,7842387.0,High income,High income,income,poorest 40%,borrow.any.t.d,0.457560117877284,Borrowed any money,Supplementary benchmark
Algeria,DZA,2024,32019804.0,Middle East & North Africa (excluding high income),Lower middle income,income,richest 60%,borrow.any.t.d,0.309292168341301,Borrowed any money,Peer market
Algeria,DZA,2024,32019804.0,Middle East & North Africa (excluding high income),Lower middle income,income,poorest 40%,borrow.any.t.d,0.389644434196317,Borrowed any money,Peer market
Egypt,EGY,2024,77385958.0,Middle East & North Africa (excluding high income),Lower middle income,income,richest 60%,borrow.any.t.d,0.528062345766065,Borrowed any money,Main market
Egypt,EGY,2024,77385958.0,Middle East & North Africa (excluding high income),Lower middle income,income,poorest 40%,borrow.any.t.d,0.610232132326861,Borrowed any money,Main market
Jordan,JOR,2024,7867178.0,Middle East & North Africa (excluding high income),Upper middle income,income,richest 60%,borrow.any.t.d,0.611133302614794,Borrowed any money,Peer market
Jordan,JOR,2024,7867178.0,Middle East & North Africa (excluding high income),Upper middle income,income,poorest 40%,borrow.any.t.d,0.71369959283956,Borrowed any money,Peer market
Morocco,MAR,2024,27893979.0,Middle East & North Africa (excluding high income),Lower middle income,income,richest 60%,borrow.any.t.d,0.572058782281813,Borrowed any money,Peer market
Morocco,MAR,2024,27893979.0,Middle East & North Africa (excluding high income),Lower middle income,income,poorest 40%,borrow.any.t.d,0.582342813973244,Borrowed any money,Peer market
Saudi Arabia,SAU,2024,25248449.0,High income,High income,income,richest 60%,borrow.any.t.d,0.564415208438729,Borrowed any money,Advanced benchmark
Saudi Arabia,SAU,2024,25248449.0,High income,High income,income,poorest 40%,borrow.any.t.d,0.545771439232618,Borrowed any money,Advanced benchmark
Tunisia,TUN,2024,9219268.0,Middle East & North Africa (excluding high income),Lower middle income,income,richest 60%,borrow.any.t.d,0.451637329045945,Borrowed any money,Peer market
Tunisia,TUN,2024,9219268.0,Middle East & North Africa (excluding high income),Lower middle income,income,poorest 40%,borrow.any.t.d,0.410163191351319,Borrowed any money,Peer market
Algeria,DZA,2014,27628433.0,Middle East & North Africa (excluding high income),Lower middle income,age_cat,age 25+,borrow.any.t.d,0.274004191440971,Borrowed any money,Peer market
Algeria,DZA,2014,27628433.0,Middle East & North Africa (excluding high income),Lower middle income,age_cat,ages 15-24,borrow.any.t.d,0.230171842214511,Borrowed any money,Peer market
Egypt,EGY,2014,63009609.0,Middle East & North Africa (excluding high income),Lower middle income,age_cat,age 25+,borrow.any.t.d,0.392711595017949,Borrowed any money,Main market
Egypt,EGY,2014,63009609.0,Middle East & North Africa (excluding high income),Lower middle income,age_cat,ages 15-24,borrow.any.t.d,0.266243818882618,Borrowed any money,Main market
Jordan,JOR,2014,5205320.0,Middle East & North Africa (excluding high income),Upper middle income,age_cat,age 25+,borrow.any.t.d,0.433052888257655,Borrowed any money,Peer market
Jordan,JOR,2014,5205320.0,Middle East & North Africa (excluding high income),Upper middle income,age_cat,ages 15-24,borrow.any.t.d,0.158893594013452,Borrowed any money,Peer market
Saudi Arabia,SAU,2014,20496432.0,High income,High income,age_cat,age 25+,borrow.any.t.d,0.570202505587832,Borrowed any money,Advanced benchmark
Saudi Arabia,SAU,2014,20496432.0,High income,High income,age_cat,ages 15-24,borrow.any.t.d,0.547869231008617,Borrowed any money,Advanced benchmark
Tunisia,TUN,2014,8426960.0,Middle East & North Africa (excluding high income),Lower middle income,age_cat,age 25+,borrow.any.t.d,0.408940019665936,Borrowed any money,Peer market
Tunisia,TUN,2014,8426960.0,Middle East & North Africa (excluding high income),Lower middle income,age_cat,ages 15-24,borrow.any.t.d,0.265601599944159,Borrowed any money,Peer market
United Arab Emirates,ARE,2014,6398423.0,High income,High income,age_cat,age 25+,borrow.any.t.d,0.674989335737542,Borrowed any money,Supplementary benchmark
United Arab Emirates,ARE,2014,6398423.0,High income,High income,age_cat,ages 15-24,borrow.any.t.d,0.504717275121167,Borrowed any money,Supplementary benchmark
Algeria,DZA,2017,28799702.0,Middle East & North Africa (excluding high income),Lower middle income,age_cat,age 25+,borrow.any.t.d,0.312339047216332,Borrowed any money,Peer market
Algeria,DZA,2017,28799702.0,Middle East & North Africa (excluding high income),Lower middle income,age_cat,ages 15-24,borrow.any.t.d,0.232507259597678,Borrowed any money,Peer market
Egypt,EGY,2017,66961302.0,Middle East & North Africa (excluding high income),Lower middle income,age_cat,age 25+,borrow.any.t.d,0.565600057522414,Borrowed any money,Main market
Egypt,EGY,2017,66961302.0,Middle East & North Africa (excluding high income),Lower middle income,age_cat,ages 15-24,borrow.any.t.d,0.286189069727901,Borrowed any money,Main market
Jordan,JOR,2017,6558247.0,Middle East & North Africa (excluding high income),Upper middle income,age_cat,age 25+,borrow.any.t.d,0.55031981281068,Borrowed any money,Peer market
Jordan,JOR,2017,6558247.0,Middle East & North Africa (excluding high income),Upper middle income,age_cat,ages 15-24,borrow.any.t.d,0.332595305526241,Borrowed any money,Peer market
Morocco,MAR,2017,24894226.0,Middle East & North Africa (excluding high income),Lower middle income,age_cat,age 25+,borrow.any.t.d,0.282928465217125,Borrowed any money,Peer market
Morocco,MAR,2017,24894226.0,Middle East & North Africa (excluding high income),Lower middle income,age_cat,ages 15-24,borrow.any.t.d,0.207085179419559,Borrowed any money,Peer market
Saudi Arabia,SAU,2017,23241801.0,High income,High income,age_cat,age 25+,borrow.any.t.d,0.537574020784668,Borrowed any money,Advanced benchmark
Saudi Arabia,SAU,2017,23241801.0,High income,High income,age_cat,ages 15-24,borrow.any.t.d,0.5654574237793,Borrowed any money,Advanced benchmark
Tunisia,TUN,2017,8662597.0,Middle East & North Africa (excluding high income),Lower middle income,age_cat,age 25+,borrow.any.t.d,0.475233312209278,Borrowed any money,Peer market
Tunisia,TUN,2017,8662597.0,Middle East & North Africa (excluding high income),Lower middle income,age_cat,ages 15-24,borrow.any.t.d,0.344544916358983,Borrowed any money,Peer market
United Arab Emirates,ARE,2017,7433015.0,High income,High income,age_cat,age 25+,borrow.any.t.d,0.656616735388921,Borrowed any money,Supplementary benchmark
United Arab Emirates,ARE,2017,7433015.0,High income,High income,age_cat,ages 15-24,borrow.any.t.d,0.439310914598511,Borrowed any money,Supplementary benchmark
Algeria,DZA,2021,30458426.0,Middle East & North Africa (excluding high income),Lower middle income,age_cat,age 25+,borrow.any.t.d,0.423094337761247,Borrowed any money,Peer market
Algeria,DZA,2021,30458426.0,Middle East & North Africa (excluding high income),Lower middle income,age_cat,ages 15-24,borrow.any.t.d,0.265042550996332,Borrowed any money,Peer market
Egypt,EGY,2021,72722825.0,Middle East & North Africa (excluding high income),Lower middle income,age_cat,age 25+,borrow.any.t.d,0.505316547165307,Borrowed any money,Main market
Egypt,EGY,2021,72722825.0,Middle East & North Africa (excluding high income),Lower middle income,age_cat,ages 15-24,borrow.any.t.d,0.350257149902392,Borrowed any money,Main market
Jordan,JOR,2021,7296924.0,Middle East & North Africa (excluding high income),Upper middle income,age_cat,age 25+,borrow.any.t.d,0.577429189449346,Borrowed any money,Peer market
Jordan,JOR,2021,7296924.0,Middle East & North Africa (excluding high income),Upper middle income,age_cat,ages 15-24,borrow.any.t.d,0.407540451109646,Borrowed any money,Peer market
Morocco,MAR,2021,26706787.0,Middle East & North Africa (excluding high income),Lower middle income,age_cat,age 25+,borrow.any.t.d,0.587337164559619,Borrowed any money,Peer market
Morocco,MAR,2021,26706787.0,Middle East & North Africa (excluding high income),Lower middle income,age_cat,ages 15-24,borrow.any.t.d,0.521731927662449,Borrowed any money,Peer market
Saudi Arabia,SAU,2021,23509479.0,High income,High income,age_cat,age 25+,borrow.any.t.d,0.59525064716172,Borrowed any money,Advanced benchmark
Saudi Arabia,SAU,2021,23509479.0,High income,High income,age_cat,ages 15-24,borrow.any.t.d,0.605089797431677,Borrowed any money,Advanced benchmark
Tunisia,TUN,2021,8970562.0,Middle East & North Africa (excluding high income),Lower middle income,age_cat,age 25+,borrow.any.t.d,0.517353014886797,Borrowed any money,Peer market
Tunisia,TUN,2021,8970562.0,Middle East & North Africa (excluding high income),Lower middle income,age_cat,ages 15-24,borrow.any.t.d,0.459666955689019,Borrowed any money,Peer market
United Arab Emirates,ARE,2021,7842387.0,High income,High income,age_cat,age 25+,borrow.any.t.d,0.43717249940368,Borrowed any money,Supplementary benchmark
United Arab Emirates,ARE,2021,7842387.0,High income,High income,age_cat,ages 15-24,borrow.any.t.d,0.425664206317695,Borrowed any money,Supplementary benchmark
Algeria,DZA,2024,32019804.0,Middle East & North Africa (excluding high income),Lower middle income,age_cat,age 25+,borrow.any.t.d,0.341856161338148,Borrowed any money,Peer market
Algeria,DZA,2024,32019804.0,Middle East & North Africa (excluding high income),Lower middle income,age_cat,ages 15-24,borrow.any.t.d,0.339972574979048,Borrowed any money,Peer market
Egypt,EGY,2024,77385958.0,Middle East & North Africa (excluding high income),Lower middle income,age_cat,age 25+,borrow.any.t.d,0.613758898857159,Borrowed any money,Main market
Egypt,EGY,2024,77385958.0,Middle East & North Africa (excluding high income),Lower middle income,age_cat,ages 15-24,borrow.any.t.d,0.417478377334508,Borrowed any money,Main market
Jordan,JOR,2024,7867178.0,Middle East & North Africa (excluding high income),Upper middle income,age_cat,age 25+,borrow.any.t.d,0.691824498365147,Borrowed any money,Peer market
Jordan,JOR,2024,7867178.0,Middle East & North Africa (excluding high income),Upper middle income,age_cat,ages 15-24,borrow.any.t.d,0.575114599467195,Borrowed any money,Peer market
Morocco,MAR,2024,27893979.0,Middle East & North Africa (excluding high income),Lower middle income,age_cat,age 25+,borrow.any.t.d,0.59923210720438,Borrowed any money,Peer market
Morocco,MAR,2024,27893979.0,Middle East & North Africa (excluding high income),Lower middle income,age_cat,ages 15-24,borrow.any.t.d,0.505858867240099,Borrowed any money,Peer market
Saudi Arabia,SAU,2024,25248449.0,High income,High income,age_cat,age 25+,borrow.any.t.d,0.586351663107119,Borrowed any money,Advanced benchmark
Saudi Arabia,SAU,2024,25248449.0,High income,High income,age_cat,ages 15-24,borrow.any.t.d,0.438647870486734,Borrowed any money,Advanced benchmark
Tunisia,TUN,2024,9219268.0,Middle East & North Africa (excluding high income),Lower middle income,age_cat,age 25+,borrow.any.t.d,0.467906579538282,Borrowed any money,Peer market
Tunisia,TUN,2024,9219268.0,Middle East & North Africa (excluding high income),Lower middle income,age_cat,ages 15-24,borrow.any.t.d,0.322386954090722,Borrowed any money,Peer market
Algeria,DZA,2024,32019804.0,Middle East & North Africa (excluding high income),Lower middle income,urbanicity,rural,borrow.any.t.d,0.355839971027316,Borrowed any money,Peer market
Algeria,DZA,2024,32019804.0,Middle East & North Africa (excluding high income),Lower middle income,urbanicity,urban,borrow.any.t.d,0.336188348798186,Borrowed any money,Peer market
Egypt,EGY,2024,77385958.0,Middle East & North Africa (excluding high income),Lower middle income,urbanicity,rural,borrow.any.t.d,0.575270130160908,Borrowed any money,Main market
Egypt,EGY,2024,77385958.0,Middle East & North Africa (excluding high income),Lower middle income,urbanicity,urban,borrow.any.t.d,0.552647659492165,Borrowed any money,Main market
Jordan,JOR,2024,7867178.0,Middle East & North Africa (excluding high income),Upper middle income,urbanicity,rural,borrow.any.t.d,0.661778479753892,Borrowed any money,Peer market
Jordan,JOR,2024,7867178.0,Middle East & North Africa (excluding high income),Upper middle income,urbanicity,urban,borrow.any.t.d,0.647911046513498,Borrowed any money,Peer market
Morocco,MAR,2024,27893979.0,Middle East & North Africa (excluding high income),Lower middle income,urbanicity,rural,borrow.any.t.d,0.60083913018091,Borrowed any money,Peer market
Morocco,MAR,2024,27893979.0,Middle East & North Africa (excluding high income),Lower middle income,urbanicity,urban,borrow.any.t.d,0.555521069226295,Borrowed any money,Peer market
Saudi Arabia,SAU,2024,25248449.0,High income,High income,urbanicity,rural,borrow.any.t.d,0.493041799685968,Borrowed any money,Advanced benchmark
Saudi Arabia,SAU,2024,25248449.0,High income,High income,urbanicity,urban,borrow.any.t.d,0.56459446946348,Borrowed any money,Advanced benchmark
Tunisia,TUN,2024,9219268.0,Middle East & North Africa (excluding high income),Lower middle income,urbanicity,rural,borrow.any.t.d,0.408710824862014,Borrowed any money,Peer market
Tunisia,TUN,2024,9219268.0,Middle East & North Africa (excluding high income),Lower middle income,urbanicity,urban,borrow.any.t.d,0.46566929904672,Borrowed any money,Peer market
Algeria,DZA,2014,27628433.0,Middle East & North Africa (excluding high income),Lower middle income,laborforce,out of laborforce,borrow.any.t.d,0.227276601788827,Borrowed any money,Peer market
Algeria,DZA,2014,27628433.0,Middle East & North Africa (excluding high income),Lower middle income,laborforce,in laborforce,borrow.any.t.d,0.306912515429585,Borrowed any money,Peer market
Egypt,EGY,2014,63009609.0,Middle East & North Africa (excluding high income),Lower middle income,laborforce,out of laborforce,borrow.any.t.d,0.310877221288166,Borrowed any money,Main market
Egypt,EGY,2014,63009609.0,Middle East & North Africa (excluding high income),Lower middle income,laborforce,in laborforce,borrow.any.t.d,0.418921087118079,Borrowed any money,Main market
Jordan,JOR,2014,5205320.0,Middle East & North Africa (excluding high income),Upper middle income,laborforce,out of laborforce,borrow.any.t.d,0.26077044301821,Borrowed any money,Peer market
Jordan,JOR,2014,5205320.0,Middle East & North Africa (excluding high income),Upper middle income,laborforce,in laborforce,borrow.any.t.d,0.487623746850152,Borrowed any money,Peer market
Saudi Arabia,SAU,2014,20496432.0,High income,High income,laborforce,out of laborforce,borrow.any.t.d,0.499983277866846,Borrowed any money,Advanced benchmark
Saudi Arabia,SAU,2014,20496432.0,High income,High income,laborforce,in laborforce,borrow.any.t.d,0.656131319226875,Borrowed any money,Advanced benchmark
Tunisia,TUN,2014,8426960.0,Middle East & North Africa (excluding high income),Lower middle income,laborforce,out of laborforce,borrow.any.t.d,0.316327301495207,Borrowed any money,Peer market
Tunisia,TUN,2014,8426960.0,Middle East & North Africa (excluding high income),Lower middle income,laborforce,in laborforce,borrow.any.t.d,0.462590083330516,Borrowed any money,Peer market
United Arab Emirates,ARE,2014,6398423.0,High income,High income,laborforce,out of laborforce,borrow.any.t.d,0.471435186049083,Borrowed any money,Supplementary benchmark
United Arab Emirates,ARE,2014,6398423.0,High income,High income,laborforce,in laborforce,borrow.any.t.d,0.688375011434312,Borrowed any money,Supplementary benchmark
Algeria,DZA,2017,28799702.0,Middle East & North Africa (excluding high income),Lower middle income,laborforce,out of laborforce,borrow.any.t.d,0.205950616622978,Borrowed any money,Peer market
Algeria,DZA,2017,28799702.0,Middle East & North Africa (excluding high income),Lower middle income,laborforce,in laborforce,borrow.any.t.d,0.418427332768245,Borrowed any money,Peer market
Egypt,EGY,2017,66961302.0,Middle East & North Africa (excluding high income),Lower middle income,laborforce,out of laborforce,borrow.any.t.d,0.4455250649687,Borrowed any money,Main market
Egypt,EGY,2017,66961302.0,Middle East & North Africa (excluding high income),Lower middle income,laborforce,in laborforce,borrow.any.t.d,0.558128393431716,Borrowed any money,Main market
Jordan,JOR,2017,6558247.0,Middle East & North Africa (excluding high income),Upper middle income,laborforce,out of laborforce,borrow.any.t.d,0.422146368795125,Borrowed any money,Peer market
Jordan,JOR,2017,6558247.0,Middle East & North Africa (excluding high income),Upper middle income,laborforce,in laborforce,borrow.any.t.d,0.570744790751557,Borrowed any money,Peer market
Morocco,MAR,2017,24894226.0,Middle East & North Africa (excluding high income),Lower middle income,laborforce,out of laborforce,borrow.any.t.d,0.231203684424933,Borrowed any money,Peer market
Morocco,MAR,2017,24894226.0,Middle East & North Africa (excluding high income),Lower middle income,laborforce,in laborforce,borrow.any.t.d,0.330453894511463,Borrowed any money,Peer market
Saudi Arabia,SAU,2017,23241801.0,High income,High income,laborforce,out of laborforce,borrow.any.t.d,0.442824866990324,Borrowed any money,Advanced benchmark
Saudi Arabia,SAU,2017,23241801.0,High income,High income,laborforce,in laborforce,borrow.any.t.d,0.603792897342496,Borrowed any money,Advanced benchmark
Tunisia,TUN,2017,8662597.0,Middle East & North Africa (excluding high income),Lower middle income,laborforce,out of laborforce,borrow.any.t.d,0.365928801694505,Borrowed any money,Peer market
Tunisia,TUN,2017,8662597.0,Middle East & North Africa (excluding high income),Lower middle income,laborforce,in laborforce,borrow.any.t.d,0.573812697936759,Borrowed any money,Peer market
United Arab Emirates,ARE,2017,7433015.0,High income,High income,laborforce,out of laborforce,borrow.any.t.d,0.406052641189479,Borrowed any money,Supplementary benchmark
United Arab Emirates,ARE,2017,7433015.0,High income,High income,laborforce,in laborforce,borrow.any.t.d,0.686253171653503,Borrowed any money,Supplementary benchmark
Algeria,DZA,2021,30458426.0,Middle East & North Africa (excluding high income),Lower middle income,laborforce,out of laborforce,borrow.any.t.d,0.33645475016837,Borrowed any money,Peer market
Algeria,DZA,2021,30458426.0,Middle East & North Africa (excluding high income),Lower middle income,laborforce,in laborforce,borrow.any.t.d,0.445449437459077,Borrowed any money,Peer market
Egypt,EGY,2021,72722825.0,Middle East & North Africa (excluding high income),Lower middle income,laborforce,out of laborforce,borrow.any.t.d,0.427591721805869,Borrowed any money,Main market
Egypt,EGY,2021,72722825.0,Middle East & North Africa (excluding high income),Lower middle income,laborforce,in laborforce,borrow.any.t.d,0.523174806747685,Borrowed any money,Main market
Jordan,JOR,2021,7296924.0,Middle East & North Africa (excluding high income),Upper middle income,laborforce,out of laborforce,borrow.any.t.d,0.476608411443054,Borrowed any money,Peer market
Jordan,JOR,2021,7296924.0,Middle East & North Africa (excluding high income),Upper middle income,laborforce,in laborforce,borrow.any.t.d,0.646822720457018,Borrowed any money,Peer market
Morocco,MAR,2021,26706787.0,Middle East & North Africa (excluding high income),Lower middle income,laborforce,out of laborforce,borrow.any.t.d,0.53193845020137,Borrowed any money,Peer market
Morocco,MAR,2021,26706787.0,Middle East & North Africa (excluding high income),Lower middle income,laborforce,in laborforce,borrow.any.t.d,0.633679580290479,Borrowed any money,Peer market
Saudi Arabia,SAU,2021,23509479.0,High income,High income,laborforce,out of laborforce,borrow.any.t.d,0.470927012299369,Borrowed any money,Advanced benchmark
Saudi Arabia,SAU,2021,23509479.0,High income,High income,laborforce,in laborforce,borrow.any.t.d,0.652555409530593,Borrowed any money,Advanced benchmark
Tunisia,TUN,2021,8970562.0,Middle East & North Africa (excluding high income),Lower middle income,laborforce,out of laborforce,borrow.any.t.d,0.476645916281727,Borrowed any money,Peer market
Tunisia,TUN,2021,8970562.0,Middle East & North Africa (excluding high income),Lower middle income,laborforce,in laborforce,borrow.any.t.d,0.543643158575448,Borrowed any money,Peer market
United Arab Emirates,ARE,2021,7842387.0,High income,High income,laborforce,out of laborforce,borrow.any.t.d,0.379548774133923,Borrowed any money,Supplementary benchmark
United Arab Emirates,ARE,2021,7842387.0,High income,High income,laborforce,in laborforce,borrow.any.t.d,0.464223812951037,Borrowed any money,Supplementary benchmark
Algeria,DZA,2024,32019804.0,Middle East & North Africa (excluding high income),Lower middle income,laborforce,out of laborforce,borrow.any.t.d,0.36856784904827,Borrowed any money,Peer market
Algeria,DZA,2024,32019804.0,Middle East & North Africa (excluding high income),Lower middle income,laborforce,in laborforce,borrow.any.t.d,0.298145071878554,Borrowed any money,Peer market
Egypt,EGY,2024,77385958.0,Middle East & North Africa (excluding high income),Lower middle income,laborforce,out of laborforce,borrow.any.t.d,0.520963328155134,Borrowed any money,Main market
Egypt,EGY,2024,77385958.0,Middle East & North Africa (excluding high income),Lower middle income,laborforce,in laborforce,borrow.any.t.d,0.609164711474678,Borrowed any money,Main market
Jordan,JOR,2024,7867178.0,Middle East & North Africa (excluding high income),Upper middle income,laborforce,out of laborforce,borrow.any.t.d,0.607294860499389,Borrowed any money,Peer market
Jordan,JOR,2024,7867178.0,Middle East & North Africa (excluding high income),Upper middle income,laborforce,in laborforce,borrow.any.t.d,0.758910145931104,Borrowed any money,Peer market
Morocco,MAR,2024,27893979.0,Middle East & North Africa (excluding high income),Lower middle income,laborforce,out of laborforce,borrow.any.t.d,0.531920375907933,Borrowed any money,Peer market
Morocco,MAR,2024,27893979.0,Middle East & North Africa (excluding high income),Lower middle income,laborforce,in laborforce,borrow.any.t.d,0.650157494958334,Borrowed any money,Peer market
Saudi Arabia,SAU,2024,25248449.0,High income,High income,laborforce,out of laborforce,borrow.any.t.d,0.479381313054662,Borrowed any money,Advanced benchmark
Saudi Arabia,SAU,2024,25248449.0,High income,High income,laborforce,in laborforce,borrow.any.t.d,0.590073171944892,Borrowed any money,Advanced benchmark
Tunisia,TUN,2024,9219268.0,Middle East & North Africa (excluding high income),Lower middle income,laborforce,out of laborforce,borrow.any.t.d,0.328159466987401,Borrowed any money,Peer market
Tunisia,TUN,2024,9219268.0,Middle East & North Africa (excluding high income),Lower middle income,laborforce,in laborforce,borrow.any.t.d,0.557086246307263,Borrowed any money,Peer market
Algeria,DZA,2014,27628433.0,Middle East & North Africa (excluding high income),Lower middle income,education,secondary edu or more,borrow.any.t.d,0.229566799677029,Borrowed any money,Peer market
Algeria,DZA,2014,27628433.0,Middle East & North Africa (excluding high income),Lower middle income,education,prim edu or less,borrow.any.t.d,0.270280708646003,Borrowed any money,Peer market
Egypt,EGY,2014,63009609.0,Middle East & North Africa (excluding high income),Lower middle income,education,secondary edu or more,borrow.any.t.d,0.353134264286814,Borrowed any money,Main market
Egypt,EGY,2014,63009609.0,Middle East & North Africa (excluding high income),Lower middle income,education,prim edu or less,borrow.any.t.d,0.349565153763236,Borrowed any money,Main market
Jordan,JOR,2014,5205320.0,Middle East & North Africa (excluding high income),Upper middle income,education,secondary edu or more,borrow.any.t.d,0.309241683826963,Borrowed any money,Peer market
Jordan,JOR,2014,5205320.0,Middle East & North Africa (excluding high income),Upper middle income,education,prim edu or less,borrow.any.t.d,0.392938425200685,Borrowed any money,Peer market
Saudi Arabia,SAU,2014,20496432.0,High income,High income,education,secondary edu or more,borrow.any.t.d,0.57634012749224,Borrowed any money,Advanced benchmark
Saudi Arabia,SAU,2014,20496432.0,High income,High income,education,prim edu or less,borrow.any.t.d,0.523151101461263,Borrowed any money,Advanced benchmark
Tunisia,TUN,2014,8426960.0,Middle East & North Africa (excluding high income),Lower middle income,education,secondary edu or more,borrow.any.t.d,0.366973440447739,Borrowed any money,Peer market
Tunisia,TUN,2014,8426960.0,Middle East & North Africa (excluding high income),Lower middle income,education,prim edu or less,borrow.any.t.d,0.37744692644431,Borrowed any money,Peer market
United Arab Emirates,ARE,2014,6398423.0,High income,High income,education,secondary edu or more,borrow.any.t.d,0.643269658344571,Borrowed any money,Supplementary benchmark
United Arab Emirates,ARE,2014,6398423.0,High income,High income,education,prim edu or less,borrow.any.t.d,0.519757248157804,Borrowed any money,Supplementary benchmark
Algeria,DZA,2017,28799702.0,Middle East & North Africa (excluding high income),Lower middle income,education,secondary edu or more,borrow.any.t.d,0.325136018743834,Borrowed any money,Peer market
Algeria,DZA,2017,28799702.0,Middle East & North Africa (excluding high income),Lower middle income,education,prim edu or less,borrow.any.t.d,0.271701833963677,Borrowed any money,Peer market
Egypt,EGY,2017,66961302.0,Middle East & North Africa (excluding high income),Lower middle income,education,secondary edu or more,borrow.any.t.d,0.468841203396873,Borrowed any money,Main market
Egypt,EGY,2017,66961302.0,Middle East & North Africa (excluding high income),Lower middle income,education,prim edu or less,borrow.any.t.d,0.529373475920137,Borrowed any money,Main market
Jordan,JOR,2017,6558247.0,Middle East & North Africa (excluding high income),Upper middle income,education,secondary edu or more,borrow.any.t.d,0.479725011254748,Borrowed any money,Peer market
Jordan,JOR,2017,6558247.0,Middle East & North Africa (excluding high income),Upper middle income,education,prim edu or less,borrow.any.t.d,0.47238516692215,Borrowed any money,Peer market
Morocco,MAR,2017,24894226.0,Middle East & North Africa (excluding high income),Lower middle income,education,secondary edu or more,borrow.any.t.d,0.269683751809046,Borrowed any money,Peer market
Morocco,MAR,2017,24894226.0,Middle East & North Africa (excluding high income),Lower middle income,education,prim edu or less,borrow.any.t.d,0.262314056698953,Borrowed any money,Peer market
Saudi Arabia,SAU,2017,23241801.0,High income,High income,education,secondary edu or more,borrow.any.t.d,0.551668870765565,Borrowed any money,Advanced benchmark
Saudi Arabia,SAU,2017,23241801.0,High income,High income,education,prim edu or less,borrow.any.t.d,0.483520705862273,Borrowed any money,Advanced benchmark
Tunisia,TUN,2017,8662597.0,Middle East & North Africa (excluding high income),Lower middle income,education,secondary edu or more,borrow.any.t.d,0.476817114968026,Borrowed any money,Peer market
Tunisia,TUN,2017,8662597.0,Middle East & North Africa (excluding high income),Lower middle income,education,prim edu or less,borrow.any.t.d,0.421092365586721,Borrowed any money,Peer market
United Arab Emirates,ARE,2017,7433015.0,High income,High income,education,secondary edu or more,borrow.any.t.d,0.641871661470153,Borrowed any money,Supplementary benchmark
United Arab Emirates,ARE,2017,7433015.0,High income,High income,education,prim edu or less,borrow.any.t.d,0.524778776885869,Borrowed any money,Supplementary benchmark
Algeria,DZA,2021,30458426.0,Middle East & North Africa (excluding high income),Lower middle income,education,secondary edu or more,borrow.any.t.d,0.373739625114514,Borrowed any money,Peer market
Algeria,DZA,2021,30458426.0,Middle East & North Africa (excluding high income),Lower middle income,education,prim edu or less,borrow.any.t.d,0.375640416712201,Borrowed any money,Peer market
Egypt,EGY,2021,72722825.0,Middle East & North Africa (excluding high income),Lower middle income,education,secondary edu or more,borrow.any.t.d,0.419790981257546,Borrowed any money,Main market
Egypt,EGY,2021,72722825.0,Middle East & North Africa (excluding high income),Lower middle income,education,prim edu or less,borrow.any.t.d,0.504762432043717,Borrowed any money,Main market
Jordan,JOR,2021,7296924.0,Middle East & North Africa (excluding high income),Upper middle income,education,secondary edu or more,borrow.any.t.d,0.512299318167389,Borrowed any money,Peer market
Jordan,JOR,2021,7296924.0,Middle East & North Africa (excluding high income),Upper middle income,education,prim edu or less,borrow.any.t.d,0.598416467601679,Borrowed any money,Peer market
Morocco,MAR,2021,26706787.0,Middle East & North Africa (excluding high income),Lower middle income,education,secondary edu or more,borrow.any.t.d,0.585977849749974,Borrowed any money,Peer market
Morocco,MAR,2021,26706787.0,Middle East & North Africa (excluding high income),Lower middle income,education,prim edu or less,borrow.any.t.d,0.560868402841355,Borrowed any money,Peer market
Saudi Arabia,SAU,2021,23509479.0,High income,High income,education,secondary edu or more,borrow.any.t.d,0.615630585229671,Borrowed any money,Advanced benchmark
Saudi Arabia,SAU,2021,23509479.0,High income,High income,education,prim edu or less,borrow.any.t.d,0.15995840606269,Borrowed any money,Advanced benchmark
Tunisia,TUN,2021,8970562.0,Middle East & North Africa (excluding high income),Lower middle income,education,secondary edu or more,borrow.any.t.d,0.53837249729852,Borrowed any money,Peer market
Tunisia,TUN,2021,8970562.0,Middle East & North Africa (excluding high income),Lower middle income,education,prim edu or less,borrow.any.t.d,0.469045180963942,Borrowed any money,Peer market
United Arab Emirates,ARE,2021,7842387.0,High income,High income,education,secondary edu or more,borrow.any.t.d,0.435871072750152,Borrowed any money,Supplementary benchmark
United Arab Emirates,ARE,2021,7842387.0,High income,High income,education,prim edu or less,borrow.any.t.d,0.420504321747802,Borrowed any money,Supplementary benchmark
Algeria,DZA,2024,32019804.0,Middle East & North Africa (excluding high income),Lower middle income,education,secondary edu or more,borrow.any.t.d,0.347312359510176,Borrowed any money,Peer market
Algeria,DZA,2024,32019804.0,Middle East & North Africa (excluding high income),Lower middle income,education,prim edu or less,borrow.any.t.d,0.327648934412193,Borrowed any money,Peer market
Egypt,EGY,2024,77385958.0,Middle East & North Africa (excluding high income),Lower middle income,education,secondary edu or more,borrow.any.t.d,0.465426389058897,Borrowed any money,Main market
Egypt,EGY,2024,77385958.0,Middle East & North Africa (excluding high income),Lower middle income,education,prim edu or less,borrow.any.t.d,0.646125137580902,Borrowed any money,Main market
Jordan,JOR,2024,7867178.0,Middle East & North Africa (excluding high income),Upper middle income,education,secondary edu or more,borrow.any.t.d,0.650995027622309,Borrowed any money,Peer market
Jordan,JOR,2024,7867178.0,Middle East & North Africa (excluding high income),Upper middle income,education,prim edu or less,borrow.any.t.d,0.656578269579517,Borrowed any money,Peer market
Morocco,MAR,2024,27893979.0,Middle East & North Africa (excluding high income),Lower middle income,education,secondary edu or more,borrow.any.t.d,0.540547493541785,Borrowed any money,Peer market
Morocco,MAR,2024,27893979.0,Middle East & North Africa (excluding high income),Lower middle income,education,prim edu or less,borrow.any.t.d,0.597297706414006,Borrowed any money,Peer market
Saudi Arabia,SAU,2024,25248449.0,High income,High income,education,secondary edu or more,borrow.any.t.d,0.559034708205885,Borrowed any money,Advanced benchmark
Saudi Arabia,SAU,2024,25248449.0,High income,High income,education,prim edu or less,borrow.any.t.d,0.50337910815258,Borrowed any money,Advanced benchmark
Tunisia,TUN,2024,9219268.0,Middle East & North Africa (excluding high income),Lower middle income,education,secondary edu or more,borrow.any.t.d,0.426805664587747,Borrowed any money,Peer market
Tunisia,TUN,2024,9219268.0,Middle East & North Africa (excluding high income),Lower middle income,education,prim edu or less,borrow.any.t.d,0.444630981149978,Borrowed any money,Peer market
Algeria,DZA,2014,27628433.0,Middle East & North Africa (excluding high income),Lower middle income,all,all,fin22a.22a1.22g.d,0.0581670142393958,Borrowed formally,Peer market
Egypt,EGY,2014,63009609.0,Middle East & North Africa (excluding high income),Lower middle income,all,all,fin22a.22a1.22g.d,0.0768250014565119,Borrowed formally,Main market
Jordan,JOR,2014,5205320.0,Middle East & North Africa (excluding high income),Upper middle income,all,all,fin22a.22a1.22g.d,0.145219522881489,Borrowed formally,Peer market
Saudi Arabia,SAU,2014,20496432.0,High income,High income,all,all,fin22a.22a1.22g.d,0.174201810497008,Borrowed formally,Advanced benchmark
Tunisia,TUN,2014,8426960.0,Middle East & North Africa (excluding high income),Lower middle income,all,all,fin22a.22a1.22g.d,0.120027428614563,Borrowed formally,Peer market
United Arab Emirates,ARE,2014,6398423.0,High income,High income,all,all,fin22a.22a1.22g.d,0.394090854799522,Borrowed formally,Supplementary benchmark
Algeria,DZA,2017,28799702.0,Middle East & North Africa (excluding high income),Lower middle income,all,all,fin22a.22a1.22g.d,0.0495204847714157,Borrowed formally,Peer market
Egypt,EGY,2017,66961302.0,Middle East & North Africa (excluding high income),Lower middle income,all,all,fin22a.22a1.22g.d,0.0876006470565479,Borrowed formally,Main market
Jordan,JOR,2017,6558247.0,Middle East & North Africa (excluding high income),Upper middle income,all,all,fin22a.22a1.22g.d,0.17803274975217,Borrowed formally,Peer market
Morocco,MAR,2017,24894226.0,Middle East & North Africa (excluding high income),Lower middle income,all,all,fin22a.22a1.22g.d,0.0264006118497713,Borrowed formally,Peer market
Saudi Arabia,SAU,2017,23241801.0,High income,High income,all,all,fin22a.22a1.22g.d,0.210833118909467,Borrowed formally,Advanced benchmark
Tunisia,TUN,2017,8662597.0,Middle East & North Africa (excluding high income),Lower middle income,all,all,fin22a.22a1.22g.d,0.117346727537602,Borrowed formally,Peer market
United Arab Emirates,ARE,2017,7433015.0,High income,High income,all,all,fin22a.22a1.22g.d,0.461270865440808,Borrowed formally,Supplementary benchmark
Algeria,DZA,2021,30458426.0,Middle East & North Africa (excluding high income),Lower middle income,all,all,fin22a.22a1.22g.d,0.0379430159935425,Borrowed formally,Peer market
Egypt,EGY,2021,72722825.0,Middle East & North Africa (excluding high income),Lower middle income,all,all,fin22a.22a1.22g.d,0.0750323293995022,Borrowed formally,Main market
Jordan,JOR,2021,7296924.0,Middle East & North Africa (excluding high income),Upper middle income,all,all,fin22a.22a1.22g.d,0.0991581944384388,Borrowed formally,Peer market
Morocco,MAR,2021,26706787.0,Middle East & North Africa (excluding high income),Lower middle income,all,all,fin22a.22a1.22g.d,0.0505123610440499,Borrowed formally,Peer market
Saudi Arabia,SAU,2021,23509479.0,High income,High income,all,all,fin22a.22a1.22g.d,0.323777825768921,Borrowed formally,Advanced benchmark
Tunisia,TUN,2021,8970562.0,Middle East & North Africa (excluding high income),Lower middle income,all,all,fin22a.22a1.22g.d,0.103271395350676,Borrowed formally,Peer market
United Arab Emirates,ARE,2021,7842387.0,High income,High income,all,all,fin22a.22a1.22g.d,0.239376850235466,Borrowed formally,Supplementary benchmark
Algeria,DZA,2024,32019804.0,Middle East & North Africa (excluding high income),Lower middle income,all,all,fin22a.22a1.22g.d,0.0654423121864218,Borrowed formally,Peer market
Egypt,EGY,2024,77385958.0,Middle East & North Africa (excluding high income),Lower middle income,all,all,fin22a.22a1.22g.d,0.104344197393916,Borrowed formally,Main market
Jordan,JOR,2024,7867178.0,Middle East & North Africa (excluding high income),Upper middle income,all,all,fin22a.22a1.22g.d,0.1269150971558,Borrowed formally,Peer market
Morocco,MAR,2024,27893979.0,Middle East & North Africa (excluding high income),Lower middle income,all,all,fin22a.22a1.22g.d,0.0136658763082039,Borrowed formally,Peer market
Saudi Arabia,SAU,2024,25248449.0,High income,High income,all,all,fin22a.22a1.22g.d,0.305368623114272,Borrowed formally,Advanced benchmark
Tunisia,TUN,2024,9219268.0,Middle East & North Africa (excluding high income),Lower middle income,all,all,fin22a.22a1.22g.d,0.0524655723312748,Borrowed formally,Peer market
Jordan,JOR,2014,5205320.0,Middle East & North Africa (excluding high income),Upper middle income,gender,men,fin22a.22a1.22g.d,0.18160893309095,Borrowed formally,Peer market
Jordan,JOR,2014,5205320.0,Middle East & North Africa (excluding high income),Upper middle income,gender,women,fin22a.22a1.22g.d,0.107207726094952,Borrowed formally,Peer market
Saudi Arabia,SAU,2014,20496432.0,High income,High income,gender,men,fin22a.22a1.22g.d,0.242424913660598,Borrowed formally,Advanced benchmark
Saudi Arabia,SAU,2014,20496432.0,High income,High income,gender,women,fin22a.22a1.22g.d,0.0789527775385321,Borrowed formally,Advanced benchmark
Tunisia,TUN,2014,8426960.0,Middle East & North Africa (excluding high income),Lower middle income,gender,men,fin22a.22a1.22g.d,0.153375113452302,Borrowed formally,Peer market
Tunisia,TUN,2014,8426960.0,Middle East & North Africa (excluding high income),Lower middle income,gender,women,fin22a.22a1.22g.d,0.0871013339686739,Borrowed formally,Peer market
United Arab Emirates,ARE,2014,6398423.0,High income,High income,gender,men,fin22a.22a1.22g.d,0.446435695762998,Borrowed formally,Supplementary benchmark
United Arab Emirates,ARE,2014,6398423.0,High income,High income,gender,women,fin22a.22a1.22g.d,0.259318250397504,Borrowed formally,Supplementary benchmark
Jordan,JOR,2017,6558247.0,Middle East & North Africa (excluding high income),Upper middle income,gender,men,fin22a.22a1.22g.d,0.207626382177412,Borrowed formally,Peer market
Jordan,JOR,2017,6558247.0,Middle East & North Africa (excluding high income),Upper middle income,gender,women,fin22a.22a1.22g.d,0.143950403537204,Borrowed formally,Peer market
Saudi Arabia,SAU,2017,23241801.0,High income,High income,gender,men,fin22a.22a1.22g.d,0.28443240988897,Borrowed formally,Advanced benchmark
Saudi Arabia,SAU,2017,23241801.0,High income,High income,gender,women,fin22a.22a1.22g.d,0.0981883467190664,Borrowed formally,Advanced benchmark
Tunisia,TUN,2017,8662597.0,Middle East & North Africa (excluding high income),Lower middle income,gender,men,fin22a.22a1.22g.d,0.161607252110696,Borrowed formally,Peer market
Tunisia,TUN,2017,8662597.0,Middle East & North Africa (excluding high income),Lower middle income,gender,women,fin22a.22a1.22g.d,0.0744977401841644,Borrowed formally,Peer market
United Arab Emirates,ARE,2017,7433015.0,High income,High income,gender,men,fin22a.22a1.22g.d,0.495218114287303,Borrowed formally,Supplementary benchmark
United Arab Emirates,ARE,2017,7433015.0,High income,High income,gender,women,fin22a.22a1.22g.d,0.371539012443726,Borrowed formally,Supplementary benchmark
Saudi Arabia,SAU,2021,23509479.0,High income,High income,gender,men,fin22a.22a1.22g.d,0.347748857206513,Borrowed formally,Advanced benchmark
Saudi Arabia,SAU,2021,23509479.0,High income,High income,gender,women,fin22a.22a1.22g.d,0.288460546645748,Borrowed formally,Advanced benchmark
Tunisia,TUN,2021,8970562.0,Middle East & North Africa (excluding high income),Lower middle income,gender,men,fin22a.22a1.22g.d,0.112243525440603,Borrowed formally,Peer market
Tunisia,TUN,2021,8970562.0,Middle East & North Africa (excluding high income),Lower middle income,gender,women,fin22a.22a1.22g.d,0.0944945803804188,Borrowed formally,Peer market
United Arab Emirates,ARE,2021,7842387.0,High income,High income,gender,men,fin22a.22a1.22g.d,0.255542264634525,Borrowed formally,Supplementary benchmark
United Arab Emirates,ARE,2021,7842387.0,High income,High income,gender,women,fin22a.22a1.22g.d,0.195631146553022,Borrowed formally,Supplementary benchmark
Egypt,EGY,2024,77385958.0,Middle East & North Africa (excluding high income),Lower middle income,gender,men,fin22a.22a1.22g.d,0.0903458552877628,Borrowed formally,Main market
Egypt,EGY,2024,77385958.0,Middle East & North Africa (excluding high income),Lower middle income,gender,women,fin22a.22a1.22g.d,0.118646854239434,Borrowed formally,Main market
Jordan,JOR,2024,7867178.0,Middle East & North Africa (excluding high income),Upper middle income,gender,men,fin22a.22a1.22g.d,0.145543178832006,Borrowed formally,Peer market
Jordan,JOR,2024,7867178.0,Middle East & North Africa (excluding high income),Upper middle income,gender,women,fin22a.22a1.22g.d,0.106768227291075,Borrowed formally,Peer market
Saudi Arabia,SAU,2024,25248449.0,High income,High income,gender,men,fin22a.22a1.22g.d,0.320677884951465,Borrowed formally,Advanced benchmark
Saudi Arabia,SAU,2024,25248449.0,High income,High income,gender,women,fin22a.22a1.22g.d,0.277658511695328,Borrowed formally,Advanced benchmark
Jordan,JOR,2014,5205320.0,Middle East & North Africa (excluding high income),Upper middle income,income,richest 60%,fin22a.22a1.22g.d,0.169723030011556,Borrowed formally,Peer market
Jordan,JOR,2014,5205320.0,Middle East & North Africa (excluding high income),Upper middle income,income,poorest 40%,fin22a.22a1.22g.d,0.108321785639788,Borrowed formally,Peer market
Saudi Arabia,SAU,2014,20496432.0,High income,High income,income,richest 60%,fin22a.22a1.22g.d,0.213847689239898,Borrowed formally,Advanced benchmark
Saudi Arabia,SAU,2014,20496432.0,High income,High income,income,poorest 40%,fin22a.22a1.22g.d,0.121707649358728,Borrowed formally,Advanced benchmark
Tunisia,TUN,2014,8426960.0,Middle East & North Africa (excluding high income),Lower middle income,income,richest 60%,fin22a.22a1.22g.d,0.166010842617091,Borrowed formally,Peer market
Tunisia,TUN,2014,8426960.0,Middle East & North Africa (excluding high income),Lower middle income,income,poorest 40%,fin22a.22a1.22g.d,0.0507693178752175,Borrowed formally,Peer market
United Arab Emirates,ARE,2014,6398423.0,High income,High income,income,richest 60%,fin22a.22a1.22g.d,0.482969020616893,Borrowed formally,Supplementary benchmark
United Arab Emirates,ARE,2014,6398423.0,High income,High income,income,poorest 40%,fin22a.22a1.22g.d,0.268259298294723,Borrowed formally,Supplementary benchmark
Jordan,JOR,2017,6558247.0,Middle East & North Africa (excluding high income),Upper middle income,income,richest 60%,fin22a.22a1.22g.d,0.192715020212391,Borrowed formally,Peer market
Jordan,JOR,2017,6558247.0,Middle East & North Africa (excluding high income),Upper middle income,income,poorest 40%,fin22a.22a1.22g.d,0.155952510561392,Borrowed formally,Peer market
Saudi Arabia,SAU,2017,23241801.0,High income,High income,income,richest 60%,fin22a.22a1.22g.d,0.233762307402435,Borrowed formally,Advanced benchmark
Saudi Arabia,SAU,2017,23241801.0,High income,High income,income,poorest 40%,fin22a.22a1.22g.d,0.1763577440106,Borrowed formally,Advanced benchmark
Tunisia,TUN,2017,8662597.0,Middle East & North Africa (excluding high income),Lower middle income,income,richest 60%,fin22a.22a1.22g.d,0.166747904022505,Borrowed formally,Peer market
Tunisia,TUN,2017,8662597.0,Middle East & North Africa (excluding high income),Lower middle income,income,poorest 40%,fin22a.22a1.22g.d,0.0430722728101865,Borrowed formally,Peer market
United Arab Emirates,ARE,2017,7433015.0,High income,High income,income,richest 60%,fin22a.22a1.22g.d,0.546740222167373,Borrowed formally,Supplementary benchmark
United Arab Emirates,ARE,2017,7433015.0,High income,High income,income,poorest 40%,fin22a.22a1.22g.d,0.332664707388635,Borrowed formally,Supplementary benchmark
Saudi Arabia,SAU,2021,23509479.0,High income,High income,income,richest 60%,fin22a.22a1.22g.d,0.373852385872427,Borrowed formally,Advanced benchmark
Saudi Arabia,SAU,2021,23509479.0,High income,High income,income,poorest 40%,fin22a.22a1.22g.d,0.248220760073775,Borrowed formally,Advanced benchmark
Tunisia,TUN,2021,8970562.0,Middle East & North Africa (excluding high income),Lower middle income,income,richest 60%,fin22a.22a1.22g.d,0.116838232592206,Borrowed formally,Peer market
Tunisia,TUN,2021,8970562.0,Middle East & North Africa (excluding high income),Lower middle income,income,poorest 40%,fin22a.22a1.22g.d,0.082897173444114,Borrowed formally,Peer market
United Arab Emirates,ARE,2021,7842387.0,High income,High income,income,richest 60%,fin22a.22a1.22g.d,0.246314154594361,Borrowed formally,Supplementary benchmark
United Arab Emirates,ARE,2021,7842387.0,High income,High income,income,poorest 40%,fin22a.22a1.22g.d,0.228758315031474,Borrowed formally,Supplementary benchmark
Egypt,EGY,2024,77385958.0,Middle East & North Africa (excluding high income),Lower middle income,income,richest 60%,fin22a.22a1.22g.d,0.090571195758895,Borrowed formally,Main market
Egypt,EGY,2024,77385958.0,Middle East & North Africa (excluding high income),Lower middle income,income,poorest 40%,fin22a.22a1.22g.d,0.125064331010992,Borrowed formally,Main market
Jordan,JOR,2024,7867178.0,Middle East & North Africa (excluding high income),Upper middle income,income,richest 60%,fin22a.22a1.22g.d,0.150201359663335,Borrowed formally,Peer market
Jordan,JOR,2024,7867178.0,Middle East & North Africa (excluding high income),Upper middle income,income,poorest 40%,fin22a.22a1.22g.d,0.0919818880909627,Borrowed formally,Peer market
Saudi Arabia,SAU,2024,25248449.0,High income,High income,income,richest 60%,fin22a.22a1.22g.d,0.336888507426219,Borrowed formally,Advanced benchmark
Saudi Arabia,SAU,2024,25248449.0,High income,High income,income,poorest 40%,fin22a.22a1.22g.d,0.258187826346494,Borrowed formally,Advanced benchmark
Jordan,JOR,2014,5205320.0,Middle East & North Africa (excluding high income),Upper middle income,age_cat,age 25+,fin22a.22a1.22g.d,0.219094823730184,Borrowed formally,Peer market
Jordan,JOR,2014,5205320.0,Middle East & North Africa (excluding high income),Upper middle income,age_cat,ages 15-24,fin22a.22a1.22g.d,0.0204926240778853,Borrowed formally,Peer market
Saudi Arabia,SAU,2014,20496432.0,High income,High income,age_cat,age 25+,fin22a.22a1.22g.d,0.193069537544291,Borrowed formally,Advanced benchmark
Saudi Arabia,SAU,2014,20496432.0,High income,High income,age_cat,ages 15-24,fin22a.22a1.22g.d,0.112175444048856,Borrowed formally,Advanced benchmark
Tunisia,TUN,2014,8426960.0,Middle East & North Africa (excluding high income),Lower middle income,age_cat,age 25+,fin22a.22a1.22g.d,0.132055456995277,Borrowed formally,Peer market
Tunisia,TUN,2014,8426960.0,Middle East & North Africa (excluding high income),Lower middle income,age_cat,ages 15-24,fin22a.22a1.22g.d,0.0851225834076577,Borrowed formally,Peer market
United Arab Emirates,ARE,2014,6398423.0,High income,High income,age_cat,age 25+,fin22a.22a1.22g.d,0.450527800172039,Borrowed formally,Supplementary benchmark
United Arab Emirates,ARE,2014,6398423.0,High income,High income,age_cat,ages 15-24,fin22a.22a1.22g.d,0.188192116554125,Borrowed formally,Supplementary benchmark
Jordan,JOR,2017,6558247.0,Middle East & North Africa (excluding high income),Upper middle income,age_cat,age 25+,fin22a.22a1.22g.d,0.240479536583423,Borrowed formally,Peer market
Jordan,JOR,2017,6558247.0,Middle East & North Africa (excluding high income),Upper middle income,age_cat,ages 15-24,fin22a.22a1.22g.d,0.055624935467585,Borrowed formally,Peer market
Saudi Arabia,SAU,2017,23241801.0,High income,High income,age_cat,age 25+,fin22a.22a1.22g.d,0.229884707564903,Borrowed formally,Advanced benchmark
Saudi Arabia,SAU,2017,23241801.0,High income,High income,age_cat,ages 15-24,fin22a.22a1.22g.d,0.134404176539721,Borrowed formally,Advanced benchmark
Tunisia,TUN,2017,8662597.0,Middle East & North Africa (excluding high income),Lower middle income,age_cat,age 25+,fin22a.22a1.22g.d,0.138381113520969,Borrowed formally,Peer market
Tunisia,TUN,2017,8662597.0,Middle East & North Africa (excluding high income),Lower middle income,age_cat,ages 15-24,fin22a.22a1.22g.d,0.025585523957652,Borrowed formally,Peer market
United Arab Emirates,ARE,2017,7433015.0,High income,High income,age_cat,age 25+,fin22a.22a1.22g.d,0.489998153998969,Borrowed formally,Supplementary benchmark
United Arab Emirates,ARE,2017,7433015.0,High income,High income,age_cat,ages 15-24,fin22a.22a1.22g.d,0.142694612559909,Borrowed formally,Supplementary benchmark
Saudi Arabia,SAU,2021,23509479.0,High income,High income,age_cat,age 25+,fin22a.22a1.22g.d,0.321701033048874,Borrowed formally,Advanced benchmark
Saudi Arabia,SAU,2021,23509479.0,High income,High income,age_cat,ages 15-24,fin22a.22a1.22g.d,0.331810239043474,Borrowed formally,Advanced benchmark
Tunisia,TUN,2021,8970562.0,Middle East & North Africa (excluding high income),Lower middle income,age_cat,age 25+,fin22a.22a1.22g.d,0.119300173226704,Borrowed formally,Peer market
Tunisia,TUN,2021,8970562.0,Middle East & North Africa (excluding high income),Lower middle income,age_cat,ages 15-24,fin22a.22a1.22g.d,0.0390295348491454,Borrowed formally,Peer market
United Arab Emirates,ARE,2021,7842387.0,High income,High income,age_cat,age 25+,fin22a.22a1.22g.d,0.230483770622512,Borrowed formally,Supplementary benchmark
United Arab Emirates,ARE,2021,7842387.0,High income,High income,age_cat,ages 15-24,fin22a.22a1.22g.d,0.278982660388074,Borrowed formally,Supplementary benchmark
Egypt,EGY,2024,77385958.0,Middle East & North Africa (excluding high income),Lower middle income,age_cat,age 25+,fin22a.22a1.22g.d,0.115109154310385,Borrowed formally,Main market
Egypt,EGY,2024,77385958.0,Middle East & North Africa (excluding high income),Lower middle income,age_cat,ages 15-24,fin22a.22a1.22g.d,0.0751565229351094,Borrowed formally,Main market
Jordan,JOR,2024,7867178.0,Middle East & North Africa (excluding high income),Upper middle income,age_cat,age 25+,fin22a.22a1.22g.d,0.172393907267057,Borrowed formally,Peer market
Jordan,JOR,2024,7867178.0,Middle East & North Africa (excluding high income),Upper middle income,age_cat,ages 15-24,fin22a.22a1.22g.d,0.0385855009258468,Borrowed formally,Peer market
Saudi Arabia,SAU,2024,25248449.0,High income,High income,age_cat,age 25+,fin22a.22a1.22g.d,0.325534582145224,Borrowed formally,Advanced benchmark
Saudi Arabia,SAU,2024,25248449.0,High income,High income,age_cat,ages 15-24,fin22a.22a1.22g.d,0.224233573369774,Borrowed formally,Advanced benchmark
Egypt,EGY,2024,77385958.0,Middle East & North Africa (excluding high income),Lower middle income,urbanicity,rural,fin22a.22a1.22g.d,0.0982258327945371,Borrowed formally,Main market
Egypt,EGY,2024,77385958.0,Middle East & North Africa (excluding high income),Lower middle income,urbanicity,urban,fin22a.22a1.22g.d,0.107839386381599,Borrowed formally,Main market
Jordan,JOR,2024,7867178.0,Middle East & North Africa (excluding high income),Upper middle income,urbanicity,rural,fin22a.22a1.22g.d,0.146353798158066,Borrowed formally,Peer market
Jordan,JOR,2024,7867178.0,Middle East & North Africa (excluding high income),Upper middle income,urbanicity,urban,fin22a.22a1.22g.d,0.118336430701058,Borrowed formally,Peer market
Saudi Arabia,SAU,2024,25248449.0,High income,High income,urbanicity,rural,fin22a.22a1.22g.d,0.261180619073451,Borrowed formally,Advanced benchmark
Saudi Arabia,SAU,2024,25248449.0,High income,High income,urbanicity,urban,fin22a.22a1.22g.d,0.31065553647444,Borrowed formally,Advanced benchmark
Jordan,JOR,2014,5205320.0,Middle East & North Africa (excluding high income),Upper middle income,laborforce,out of laborforce,fin22a.22a1.22g.d,0.100174880653919,Borrowed formally,Peer market
Jordan,JOR,2014,5205320.0,Middle East & North Africa (excluding high income),Upper middle income,laborforce,in laborforce,fin22a.22a1.22g.d,0.245527353225395,Borrowed formally,Peer market
Saudi Arabia,SAU,2014,20496432.0,High income,High income,laborforce,out of laborforce,fin22a.22a1.22g.d,0.117118386224713,Borrowed formally,Advanced benchmark
Saudi Arabia,SAU,2014,20496432.0,High income,High income,laborforce,in laborforce,fin22a.22a1.22g.d,0.254227062129324,Borrowed formally,Advanced benchmark
Tunisia,TUN,2014,8426960.0,Middle East & North Africa (excluding high income),Lower middle income,laborforce,out of laborforce,fin22a.22a1.22g.d,0.0674426555565571,Borrowed formally,Peer market
Tunisia,TUN,2014,8426960.0,Middle East & North Africa (excluding high income),Lower middle income,laborforce,in laborforce,fin22a.22a1.22g.d,0.205085957480306,Borrowed formally,Peer market
United Arab Emirates,ARE,2014,6398423.0,High income,High income,laborforce,out of laborforce,fin22a.22a1.22g.d,0.18945653893401,Borrowed formally,Supplementary benchmark
United Arab Emirates,ARE,2014,6398423.0,High income,High income,laborforce,in laborforce,fin22a.22a1.22g.d,0.455407364925327,Borrowed formally,Supplementary benchmark
Jordan,JOR,2017,6558247.0,Middle East & North Africa (excluding high income),Upper middle income,laborforce,out of laborforce,fin22a.22a1.22g.d,0.117853264254776,Borrowed formally,Peer market
Jordan,JOR,2017,6558247.0,Middle East & North Africa (excluding high income),Upper middle income,laborforce,in laborforce,fin22a.22a1.22g.d,0.281568692945275,Borrowed formally,Peer market
Saudi Arabia,SAU,2017,23241801.0,High income,High income,laborforce,out of laborforce,fin22a.22a1.22g.d,0.0604241707320865,Borrowed formally,Advanced benchmark
Saudi Arabia,SAU,2017,23241801.0,High income,High income,laborforce,in laborforce,fin22a.22a1.22g.d,0.301779451121391,Borrowed formally,Advanced benchmark
Tunisia,TUN,2017,8662597.0,Middle East & North Africa (excluding high income),Lower middle income,laborforce,out of laborforce,fin22a.22a1.22g.d,0.0443657819792106,Borrowed formally,Peer market
Tunisia,TUN,2017,8662597.0,Middle East & North Africa (excluding high income),Lower middle income,laborforce,in laborforce,fin22a.22a1.22g.d,0.222994655733376,Borrowed formally,Peer market
United Arab Emirates,ARE,2017,7433015.0,High income,High income,laborforce,out of laborforce,fin22a.22a1.22g.d,0.180212139691241,Borrowed formally,Supplementary benchmark
United Arab Emirates,ARE,2017,7433015.0,High income,High income,laborforce,in laborforce,fin22a.22a1.22g.d,0.518803398872255,Borrowed formally,Supplementary benchmark
Saudi Arabia,SAU,2021,23509479.0,High income,High income,laborforce,out of laborforce,fin22a.22a1.22g.d,0.186590071138143,Borrowed formally,Advanced benchmark
Saudi Arabia,SAU,2021,23509479.0,High income,High income,laborforce,in laborforce,fin22a.22a1.22g.d,0.383805648767728,Borrowed formally,Advanced benchmark
Tunisia,TUN,2021,8970562.0,Middle East & North Africa (excluding high income),Lower middle income,laborforce,out of laborforce,fin22a.22a1.22g.d,0.0691596270497587,Borrowed formally,Peer market
Tunisia,TUN,2021,8970562.0,Middle East & North Africa (excluding high income),Lower middle income,laborforce,in laborforce,fin22a.22a1.22g.d,0.147458456786953,Borrowed formally,Peer market
United Arab Emirates,ARE,2021,7842387.0,High income,High income,laborforce,out of laborforce,fin22a.22a1.22g.d,0.208080211181687,Borrowed formally,Supplementary benchmark
United Arab Emirates,ARE,2021,7842387.0,High income,High income,laborforce,in laborforce,fin22a.22a1.22g.d,0.255817152672228,Borrowed formally,Supplementary benchmark
Egypt,EGY,2024,77385958.0,Middle East & North Africa (excluding high income),Lower middle income,laborforce,out of laborforce,fin22a.22a1.22g.d,0.0976929967538929,Borrowed formally,Main market
Egypt,EGY,2024,77385958.0,Middle East & North Africa (excluding high income),Lower middle income,laborforce,in laborforce,fin22a.22a1.22g.d,0.112392507565412,Borrowed formally,Main market
Jordan,JOR,2024,7867178.0,Middle East & North Africa (excluding high income),Upper middle income,laborforce,out of laborforce,fin22a.22a1.22g.d,0.0872412947981549,Borrowed formally,Peer market
Jordan,JOR,2024,7867178.0,Middle East & North Africa (excluding high income),Upper middle income,laborforce,in laborforce,fin22a.22a1.22g.d,0.221321779823507,Borrowed formally,Peer market
Saudi Arabia,SAU,2024,25248449.0,High income,High income,laborforce,out of laborforce,fin22a.22a1.22g.d,0.216041704700423,Borrowed formally,Advanced benchmark
Saudi Arabia,SAU,2024,25248449.0,High income,High income,laborforce,in laborforce,fin22a.22a1.22g.d,0.343515529344315,Borrowed formally,Advanced benchmark
Jordan,JOR,2014,5205320.0,Middle East & North Africa (excluding high income),Upper middle income,education,secondary edu or more,fin22a.22a1.22g.d,0.139662431061049,Borrowed formally,Peer market
Jordan,JOR,2014,5205320.0,Middle East & North Africa (excluding high income),Upper middle income,education,prim edu or less,fin22a.22a1.22g.d,0.160968005741341,Borrowed formally,Peer market
Saudi Arabia,SAU,2014,20496432.0,High income,High income,education,secondary edu or more,fin22a.22a1.22g.d,0.189710845226547,Borrowed formally,Advanced benchmark
Saudi Arabia,SAU,2014,20496432.0,High income,High income,education,prim edu or less,fin22a.22a1.22g.d,0.118007340299421,Borrowed formally,Advanced benchmark
Tunisia,TUN,2014,8426960.0,Middle East & North Africa (excluding high income),Lower middle income,education,secondary edu or more,fin22a.22a1.22g.d,0.146449826592075,Borrowed formally,Peer market
Tunisia,TUN,2014,8426960.0,Middle East & North Africa (excluding high income),Lower middle income,education,prim edu or less,fin22a.22a1.22g.d,0.098225026581248,Borrowed formally,Peer market
United Arab Emirates,ARE,2014,6398423.0,High income,High income,education,secondary edu or more,fin22a.22a1.22g.d,0.399544509744191,Borrowed formally,Supplementary benchmark
United Arab Emirates,ARE,2014,6398423.0,High income,High income,education,prim edu or less,fin22a.22a1.22g.d,0.139941716490818,Borrowed formally,Supplementary benchmark
Jordan,JOR,2017,6558247.0,Middle East & North Africa (excluding high income),Upper middle income,education,secondary edu or more,fin22a.22a1.22g.d,0.186416410391545,Borrowed formally,Peer market
Jordan,JOR,2017,6558247.0,Middle East & North Africa (excluding high income),Upper middle income,education,prim edu or less,fin22a.22a1.22g.d,0.156419672747099,Borrowed formally,Peer market
Saudi Arabia,SAU,2017,23241801.0,High income,High income,education,secondary edu or more,fin22a.22a1.22g.d,0.221076547285672,Borrowed formally,Advanced benchmark
Saudi Arabia,SAU,2017,23241801.0,High income,High income,education,prim edu or less,fin22a.22a1.22g.d,0.139250625336021,Borrowed formally,Advanced benchmark
Tunisia,TUN,2017,8662597.0,Middle East & North Africa (excluding high income),Lower middle income,education,secondary edu or more,fin22a.22a1.22g.d,0.176166344493997,Borrowed formally,Peer market
Tunisia,TUN,2017,8662597.0,Middle East & North Africa (excluding high income),Lower middle income,education,prim edu or less,fin22a.22a1.22g.d,0.0475896060654745,Borrowed formally,Peer market
United Arab Emirates,ARE,2017,7433015.0,High income,High income,education,secondary edu or more,fin22a.22a1.22g.d,0.464957061804206,Borrowed formally,Supplementary benchmark
United Arab Emirates,ARE,2017,7433015.0,High income,High income,education,prim edu or less,fin22a.22a1.22g.d,0.327932030016243,Borrowed formally,Supplementary benchmark
Saudi Arabia,SAU,2021,23509479.0,High income,High income,education,secondary edu or more,fin22a.22a1.22g.d,0.333115257430982,Borrowed formally,Advanced benchmark
Saudi Arabia,SAU,2021,23509479.0,High income,High income,education,prim edu or less,fin22a.22a1.22g.d,0.101354547756607,Borrowed formally,Advanced benchmark
Tunisia,TUN,2021,8970562.0,Middle East & North Africa (excluding high income),Lower middle income,education,secondary edu or more,fin22a.22a1.22g.d,0.132005795209386,Borrowed formally,Peer market
Tunisia,TUN,2021,8970562.0,Middle East & North Africa (excluding high income),Lower middle income,education,prim edu or less,fin22a.22a1.22g.d,0.0712885220392434,Borrowed formally,Peer market
United Arab Emirates,ARE,2021,7842387.0,High income,High income,education,secondary edu or more,fin22a.22a1.22g.d,0.242874786789228,Borrowed formally,Supplementary benchmark
United Arab Emirates,ARE,2021,7842387.0,High income,High income,education,prim edu or less,fin22a.22a1.22g.d,0.185481812822989,Borrowed formally,Supplementary benchmark
Egypt,EGY,2024,77385958.0,Middle East & North Africa (excluding high income),Lower middle income,education,secondary edu or more,fin22a.22a1.22g.d,0.107311079923895,Borrowed formally,Main market
Egypt,EGY,2024,77385958.0,Middle East & North Africa (excluding high income),Lower middle income,education,prim edu or less,fin22a.22a1.22g.d,0.101694171769731,Borrowed formally,Main market
Jordan,JOR,2024,7867178.0,Middle East & North Africa (excluding high income),Upper middle income,education,secondary edu or more,fin22a.22a1.22g.d,0.14134577618354,Borrowed formally,Peer market
Jordan,JOR,2024,7867178.0,Middle East & North Africa (excluding high income),Upper middle income,education,prim edu or less,fin22a.22a1.22g.d,0.0636713963057386,Borrowed formally,Peer market
Saudi Arabia,SAU,2024,25248449.0,High income,High income,education,secondary edu or more,fin22a.22a1.22g.d,0.310184463066292,Borrowed formally,Advanced benchmark
Saudi Arabia,SAU,2024,25248449.0,High income,High income,education,prim edu or less,fin22a.22a1.22g.d,0.181719364797968,Borrowed formally,Advanced benchmark
Algeria,DZA,2014,27628433.0,Middle East & North Africa (excluding high income),Lower middle income,all,all,fin24aP,0.712088939467384,Able to raise emergency funds,Peer market
Egypt,EGY,2014,63009609.0,Middle East & North Africa (excluding high income),Lower middle income,all,all,fin24aP,0.466831540778442,Able to raise emergency funds,Main market
Jordan,JOR,2014,5205320.0,Middle East & North Africa (excluding high income),Upper middle income,all,all,fin24aP,0.470622811358464,Able to raise emergency funds,Peer market
Saudi Arabia,SAU,2014,20496432.0,High income,High income,all,all,fin24aP,0.486324291856333,Able to raise emergency funds,Advanced benchmark
Tunisia,TUN,2014,8426960.0,Middle East & North Africa (excluding high income),Lower middle income,all,all,fin24aP,0.473197562344832,Able to raise emergency funds,Peer market
United Arab Emirates,ARE,2014,6398423.0,High income,High income,all,all,fin24aP,0.674516519740604,Able to raise emergency funds,Supplementary benchmark
Algeria,DZA,2017,28799702.0,Middle East & North Africa (excluding high income),Lower middle income,all,all,fin24aP,0.618150070867768,Able to raise emergency funds,Peer market
Egypt,EGY,2017,66961302.0,Middle East & North Africa (excluding high income),Lower middle income,all,all,fin24aP,0.398055666577769,Able to raise emergency funds,Main market
Jordan,JOR,2017,6558247.0,Middle East & North Africa (excluding high income),Upper middle income,all,all,fin24aP,0.659180226006148,Able to raise emergency funds,Peer market
Morocco,MAR,2017,24894226.0,Middle East & North Africa (excluding high income),Lower middle income,all,all,fin24aP,0.471125984295526,Able to raise emergency funds,Peer market
Saudi Arabia,SAU,2017,23241801.0,High income,High income,all,all,fin24aP,0.479685414319785,Able to raise emergency funds,Advanced benchmark
Tunisia,TUN,2017,8662597.0,Middle East & North Africa (excluding high income),Lower middle income,all,all,fin24aP,0.368526373664743,Able to raise emergency funds,Peer market
United Arab Emirates,ARE,2017,7433015.0,High income,High income,all,all,fin24aP,0.519870533625953,Able to raise emergency funds,Supplementary benchmark
Algeria,DZA,2021,30458426.0,Middle East & North Africa (excluding high income),Lower middle income,all,all,fin24aP,0.874163084957452,Able to raise emergency funds,Peer market
Egypt,EGY,2021,72722825.0,Middle East & North Africa (excluding high income),Lower middle income,all,all,fin24aP,0.896853251425504,Able to raise emergency funds,Main market
Jordan,JOR,2021,7296924.0,Middle East & North Africa (excluding high income),Upper middle income,all,all,fin24aP,0.78992972235927,Able to raise emergency funds,Peer market
Morocco,MAR,2021,26706787.0,Middle East & North Africa (excluding high income),Lower middle income,all,all,fin24aP,0.8459319546332,Able to raise emergency funds,Peer market
Saudi Arabia,SAU,2021,23509479.0,High income,High income,all,all,fin24aP,0.981167900850846,Able to raise emergency funds,Advanced benchmark
Tunisia,TUN,2021,8970562.0,Middle East & North Africa (excluding high income),Lower middle income,all,all,fin24aP,0.826045573148027,Able to raise emergency funds,Peer market
United Arab Emirates,ARE,2021,7842387.0,High income,High income,all,all,fin24aP,0.816415712429133,Able to raise emergency funds,Supplementary benchmark
Algeria,DZA,2024,32019804.0,Middle East & North Africa (excluding high income),Lower middle income,all,all,fin24aP,0.877777751655755,Able to raise emergency funds,Peer market
Egypt,EGY,2024,77385958.0,Middle East & North Africa (excluding high income),Lower middle income,all,all,fin24aP,0.758012756276183,Able to raise emergency funds,Main market
Jordan,JOR,2024,7867178.0,Middle East & North Africa (excluding high income),Upper middle income,all,all,fin24aP,0.896066252753904,Able to raise emergency funds,Peer market
Morocco,MAR,2024,27893979.0,Middle East & North Africa (excluding high income),Lower middle income,all,all,fin24aP,0.868433824787423,Able to raise emergency funds,Peer market
Saudi Arabia,SAU,2024,25248449.0,High income,High income,all,all,fin24aP,0.958869145315048,Able to raise emergency funds,Advanced benchmark
Tunisia,TUN,2024,9219268.0,Middle East & North Africa (excluding high income),Lower middle income,all,all,fin24aP,0.883927843558745,Able to raise emergency funds,Peer market
United Arab Emirates,ARE,2024,8770817.0,High income,High income,all,all,fin24aP,0.0,Able to raise emergency funds,Supplementary benchmark
Algeria,DZA,2014,27628433.0,Middle East & North Africa (excluding high income),Lower middle income,gender,men,fin24aP,0.764552396226849,Able to raise emergency funds,Peer market
Algeria,DZA,2014,27628433.0,Middle East & North Africa (excluding high income),Lower middle income,gender,women,fin24aP,0.659768633420385,Able to raise emergency funds,Peer market
Egypt,EGY,2014,63009609.0,Middle East & North Africa (excluding high income),Lower middle income,gender,men,fin24aP,0.544807589090413,Able to raise emergency funds,Main market
Egypt,EGY,2014,63009609.0,Middle East & North Africa (excluding high income),Lower middle income,gender,women,fin24aP,0.385755911570487,Able to raise emergency funds,Main market
Jordan,JOR,2014,5205320.0,Middle East & North Africa (excluding high income),Upper middle income,gender,men,fin24aP,0.505096375845366,Able to raise emergency funds,Peer market
Jordan,JOR,2014,5205320.0,Middle East & North Africa (excluding high income),Upper middle income,gender,women,fin24aP,0.434612276418741,Able to raise emergency funds,Peer market
Saudi Arabia,SAU,2014,20496432.0,High income,High income,gender,men,fin24aP,0.541615185131332,Able to raise emergency funds,Advanced benchmark
Saudi Arabia,SAU,2014,20496432.0,High income,High income,gender,women,fin24aP,0.409130440043028,Able to raise emergency funds,Advanced benchmark
Tunisia,TUN,2014,8426960.0,Middle East & North Africa (excluding high income),Lower middle income,gender,men,fin24aP,0.519971566036036,Able to raise emergency funds,Peer market
Tunisia,TUN,2014,8426960.0,Middle East & North Africa (excluding high income),Lower middle income,gender,women,fin24aP,0.427014887895393,Able to raise emergency funds,Peer market
United Arab Emirates,ARE,2014,6398423.0,High income,High income,gender,men,fin24aP,0.694531785293557,Able to raise emergency funds,Supplementary benchmark
United Arab Emirates,ARE,2014,6398423.0,High income,High income,gender,women,fin24aP,0.62298308460701,Able to raise emergency funds,Supplementary benchmark
Algeria,DZA,2017,28799702.0,Middle East & North Africa (excluding high income),Lower middle income,gender,men,fin24aP,0.698864888546487,Able to raise emergency funds,Peer market
Algeria,DZA,2017,28799702.0,Middle East & North Africa (excluding high income),Lower middle income,gender,women,fin24aP,0.537258082609284,Able to raise emergency funds,Peer market
Egypt,EGY,2017,66961302.0,Middle East & North Africa (excluding high income),Lower middle income,gender,men,fin24aP,0.460163376254094,Able to raise emergency funds,Main market
Egypt,EGY,2017,66961302.0,Middle East & North Africa (excluding high income),Lower middle income,gender,women,fin24aP,0.336785775909245,Able to raise emergency funds,Main market
Jordan,JOR,2017,6558247.0,Middle East & North Africa (excluding high income),Upper middle income,gender,men,fin24aP,0.702381038984481,Able to raise emergency funds,Peer market
Jordan,JOR,2017,6558247.0,Middle East & North Africa (excluding high income),Upper middle income,gender,women,fin24aP,0.609426784335377,Able to raise emergency funds,Peer market
Morocco,MAR,2017,24894226.0,Middle East & North Africa (excluding high income),Lower middle income,gender,men,fin24aP,0.56339224392395,Able to raise emergency funds,Peer market
Morocco,MAR,2017,24894226.0,Middle East & North Africa (excluding high income),Lower middle income,gender,women,fin24aP,0.385960993661917,Able to raise emergency funds,Peer market
Saudi Arabia,SAU,2017,23241801.0,High income,High income,gender,men,fin24aP,0.503975117056104,Able to raise emergency funds,Advanced benchmark
Saudi Arabia,SAU,2017,23241801.0,High income,High income,gender,women,fin24aP,0.442509675329756,Able to raise emergency funds,Advanced benchmark
Tunisia,TUN,2017,8662597.0,Middle East & North Africa (excluding high income),Lower middle income,gender,men,fin24aP,0.382942839013963,Able to raise emergency funds,Peer market
Tunisia,TUN,2017,8662597.0,Middle East & North Africa (excluding high income),Lower middle income,gender,women,fin24aP,0.354569671899723,Able to raise emergency funds,Peer market
United Arab Emirates,ARE,2017,7433015.0,High income,High income,gender,men,fin24aP,0.54173673302244,Able to raise emergency funds,Supplementary benchmark
United Arab Emirates,ARE,2017,7433015.0,High income,High income,gender,women,fin24aP,0.462072194835002,Able to raise emergency funds,Supplementary benchmark
Algeria,DZA,2021,30458426.0,Middle East & North Africa (excluding high income),Lower middle income,gender,men,fin24aP,0.909240775973337,Able to raise emergency funds,Peer market
Algeria,DZA,2021,30458426.0,Middle East & North Africa (excluding high income),Lower middle income,gender,women,fin24aP,0.838611303021493,Able to raise emergency funds,Peer market
Egypt,EGY,2021,72722825.0,Middle East & North Africa (excluding high income),Lower middle income,gender,men,fin24aP,0.925059654325751,Able to raise emergency funds,Main market
Egypt,EGY,2021,72722825.0,Middle East & North Africa (excluding high income),Lower middle income,gender,women,fin24aP,0.867568661070543,Able to raise emergency funds,Main market
Jordan,JOR,2021,7296924.0,Middle East & North Africa (excluding high income),Upper middle income,gender,men,fin24aP,0.795602675557023,Able to raise emergency funds,Peer market
Jordan,JOR,2021,7296924.0,Middle East & North Africa (excluding high income),Upper middle income,gender,women,fin24aP,0.783477865310512,Able to raise emergency funds,Peer market
Morocco,MAR,2021,26706787.0,Middle East & North Africa (excluding high income),Lower middle income,gender,men,fin24aP,0.87156424247248,Able to raise emergency funds,Peer market
Morocco,MAR,2021,26706787.0,Middle East & North Africa (excluding high income),Lower middle income,gender,women,fin24aP,0.820128512058124,Able to raise emergency funds,Peer market
Saudi Arabia,SAU,2021,23509479.0,High income,High income,gender,men,fin24aP,0.990951176837394,Able to raise emergency funds,Advanced benchmark
Saudi Arabia,SAU,2021,23509479.0,High income,High income,gender,women,fin24aP,0.966753890771409,Able to raise emergency funds,Advanced benchmark
Tunisia,TUN,2021,8970562.0,Middle East & North Africa (excluding high income),Lower middle income,gender,men,fin24aP,0.846607601798782,Able to raise emergency funds,Peer market
Tunisia,TUN,2021,8970562.0,Middle East & North Africa (excluding high income),Lower middle income,gender,women,fin24aP,0.805931161177625,Able to raise emergency funds,Peer market
United Arab Emirates,ARE,2021,7842387.0,High income,High income,gender,men,fin24aP,0.774389523304866,Able to raise emergency funds,Supplementary benchmark
United Arab Emirates,ARE,2021,7842387.0,High income,High income,gender,women,fin24aP,0.930144019724457,Able to raise emergency funds,Supplementary benchmark
Algeria,DZA,2024,32019804.0,Middle East & North Africa (excluding high income),Lower middle income,gender,men,fin24aP,0.894730492545754,Able to raise emergency funds,Peer market
Algeria,DZA,2024,32019804.0,Middle East & North Africa (excluding high income),Lower middle income,gender,women,fin24aP,0.860163883951872,Able to raise emergency funds,Peer market
Egypt,EGY,2024,77385958.0,Middle East & North Africa (excluding high income),Lower middle income,gender,men,fin24aP,0.790846836239372,Able to raise emergency funds,Main market
Egypt,EGY,2024,77385958.0,Middle East & North Africa (excluding high income),Lower middle income,gender,women,fin24aP,0.724464885036106,Able to raise emergency funds,Main market
Jordan,JOR,2024,7867178.0,Middle East & North Africa (excluding high income),Upper middle income,gender,men,fin24aP,0.902467558065226,Able to raise emergency funds,Peer market
Jordan,JOR,2024,7867178.0,Middle East & North Africa (excluding high income),Upper middle income,gender,women,fin24aP,0.889143035038131,Able to raise emergency funds,Peer market
Morocco,MAR,2024,27893979.0,Middle East & North Africa (excluding high income),Lower middle income,gender,men,fin24aP,0.890590677529415,Able to raise emergency funds,Peer market
Morocco,MAR,2024,27893979.0,Middle East & North Africa (excluding high income),Lower middle income,gender,women,fin24aP,0.847447864621869,Able to raise emergency funds,Peer market
Saudi Arabia,SAU,2024,25248449.0,High income,High income,gender,men,fin24aP,0.965904057104694,Able to raise emergency funds,Advanced benchmark
Saudi Arabia,SAU,2024,25248449.0,High income,High income,gender,women,fin24aP,0.946135795295523,Able to raise emergency funds,Advanced benchmark
Tunisia,TUN,2024,9219268.0,Middle East & North Africa (excluding high income),Lower middle income,gender,men,fin24aP,0.893300363428449,Able to raise emergency funds,Peer market
Tunisia,TUN,2024,9219268.0,Middle East & North Africa (excluding high income),Lower middle income,gender,women,fin24aP,0.874943210739457,Able to raise emergency funds,Peer market
Algeria,DZA,2014,27628433.0,Middle East & North Africa (excluding high income),Lower middle income,income,richest 60%,fin24aP,0.787145436695214,Able to raise emergency funds,Peer market
Algeria,DZA,2014,27628433.0,Middle East & North Africa (excluding high income),Lower middle income,income,poorest 40%,fin24aP,0.599312489348513,Able to raise emergency funds,Peer market
Egypt,EGY,2014,63009609.0,Middle East & North Africa (excluding high income),Lower middle income,income,richest 60%,fin24aP,0.565271519136056,Able to raise emergency funds,Main market
Egypt,EGY,2014,63009609.0,Middle East & North Africa (excluding high income),Lower middle income,income,poorest 40%,fin24aP,0.318665963514457,Able to raise emergency funds,Main market
Jordan,JOR,2014,5205320.0,Middle East & North Africa (excluding high income),Upper middle income,income,richest 60%,fin24aP,0.605391533877114,Able to raise emergency funds,Peer market
Jordan,JOR,2014,5205320.0,Middle East & North Africa (excluding high income),Upper middle income,income,poorest 40%,fin24aP,0.267686109869265,Able to raise emergency funds,Peer market
Saudi Arabia,SAU,2014,20496432.0,High income,High income,income,richest 60%,fin24aP,0.57149157301552,Able to raise emergency funds,Advanced benchmark
Saudi Arabia,SAU,2014,20496432.0,High income,High income,income,poorest 40%,fin24aP,0.373556329015269,Able to raise emergency funds,Advanced benchmark
Tunisia,TUN,2014,8426960.0,Middle East & North Africa (excluding high income),Lower middle income,income,richest 60%,fin24aP,0.613737755255438,Able to raise emergency funds,Peer market
Tunisia,TUN,2014,8426960.0,Middle East & North Africa (excluding high income),Lower middle income,income,poorest 40%,fin24aP,0.261522364774752,Able to raise emergency funds,Peer market
United Arab Emirates,ARE,2014,6398423.0,High income,High income,income,richest 60%,fin24aP,0.772222208213765,Able to raise emergency funds,Supplementary benchmark
United Arab Emirates,ARE,2014,6398423.0,High income,High income,income,poorest 40%,fin24aP,0.536187170266698,Able to raise emergency funds,Supplementary benchmark
Algeria,DZA,2017,28799702.0,Middle East & North Africa (excluding high income),Lower middle income,income,richest 60%,fin24aP,0.698580777372549,Able to raise emergency funds,Peer market
Algeria,DZA,2017,28799702.0,Middle East & North Africa (excluding high income),Lower middle income,income,poorest 40%,fin24aP,0.497193311094903,Able to raise emergency funds,Peer market
Egypt,EGY,2017,66961302.0,Middle East & North Africa (excluding high income),Lower middle income,income,richest 60%,fin24aP,0.473925360587024,Able to raise emergency funds,Main market
Egypt,EGY,2017,66961302.0,Middle East & North Africa (excluding high income),Lower middle income,income,poorest 40%,fin24aP,0.283973860693067,Able to raise emergency funds,Main market
Jordan,JOR,2017,6558247.0,Middle East & North Africa (excluding high income),Upper middle income,income,richest 60%,fin24aP,0.770564739814055,Able to raise emergency funds,Peer market
Jordan,JOR,2017,6558247.0,Middle East & North Africa (excluding high income),Upper middle income,income,poorest 40%,fin24aP,0.491672297740525,Able to raise emergency funds,Peer market
Morocco,MAR,2017,24894226.0,Middle East & North Africa (excluding high income),Lower middle income,income,richest 60%,fin24aP,0.564729574366777,Able to raise emergency funds,Peer market
Morocco,MAR,2017,24894226.0,Middle East & North Africa (excluding high income),Lower middle income,income,poorest 40%,fin24aP,0.330544344123433,Able to raise emergency funds,Peer market
Saudi Arabia,SAU,2017,23241801.0,High income,High income,income,richest 60%,fin24aP,0.567327698083737,Able to raise emergency funds,Advanced benchmark
Saudi Arabia,SAU,2017,23241801.0,High income,High income,income,poorest 40%,fin24aP,0.347910118797142,Able to raise emergency funds,Advanced benchmark
Tunisia,TUN,2017,8662597.0,Middle East & North Africa (excluding high income),Lower middle income,income,richest 60%,fin24aP,0.501873172195273,Able to raise emergency funds,Peer market
Tunisia,TUN,2017,8662597.0,Middle East & North Africa (excluding high income),Lower middle income,income,poorest 40%,fin24aP,0.168040040034036,Able to raise emergency funds,Peer market
United Arab Emirates,ARE,2017,7433015.0,High income,High income,income,richest 60%,fin24aP,0.617018662552473,Able to raise emergency funds,Supplementary benchmark
United Arab Emirates,ARE,2017,7433015.0,High income,High income,income,poorest 40%,fin24aP,0.373691270066414,Able to raise emergency funds,Supplementary benchmark
Algeria,DZA,2021,30458426.0,Middle East & North Africa (excluding high income),Lower middle income,income,richest 60%,fin24aP,0.926602635927056,Able to raise emergency funds,Peer market
Algeria,DZA,2021,30458426.0,Middle East & North Africa (excluding high income),Lower middle income,income,poorest 40%,fin24aP,0.794991978025026,Able to raise emergency funds,Peer market
Egypt,EGY,2021,72722825.0,Middle East & North Africa (excluding high income),Lower middle income,income,richest 60%,fin24aP,0.930915062051554,Able to raise emergency funds,Main market
Egypt,EGY,2021,72722825.0,Middle East & North Africa (excluding high income),Lower middle income,income,poorest 40%,fin24aP,0.845585249859639,Able to raise emergency funds,Main market
Jordan,JOR,2021,7296924.0,Middle East & North Africa (excluding high income),Upper middle income,income,richest 60%,fin24aP,0.855524895437886,Able to raise emergency funds,Peer market
Jordan,JOR,2021,7296924.0,Middle East & North Africa (excluding high income),Upper middle income,income,poorest 40%,fin24aP,0.691442487654006,Able to raise emergency funds,Peer market
Morocco,MAR,2021,26706787.0,Middle East & North Africa (excluding high income),Lower middle income,income,richest 60%,fin24aP,0.865322481822779,Able to raise emergency funds,Peer market
Morocco,MAR,2021,26706787.0,Middle East & North Africa (excluding high income),Lower middle income,income,poorest 40%,fin24aP,0.816878329517108,Able to raise emergency funds,Peer market
Saudi Arabia,SAU,2021,23509479.0,High income,High income,income,richest 60%,fin24aP,0.984389531225402,Able to raise emergency funds,Advanced benchmark
Saudi Arabia,SAU,2021,23509479.0,High income,High income,income,poorest 40%,fin24aP,0.976306810961037,Able to raise emergency funds,Advanced benchmark
Tunisia,TUN,2021,8970562.0,Middle East & North Africa (excluding high income),Lower middle income,income,richest 60%,fin24aP,0.885292408350153,Able to raise emergency funds,Peer market
Tunisia,TUN,2021,8970562.0,Middle East & North Africa (excluding high income),Lower middle income,income,poorest 40%,fin24aP,0.737070659822279,Able to raise emergency funds,Peer market
United Arab Emirates,ARE,2021,7842387.0,High income,High income,income,richest 60%,fin24aP,0.893893483124965,Able to raise emergency funds,Supplementary benchmark
United Arab Emirates,ARE,2021,7842387.0,High income,High income,income,poorest 40%,fin24aP,0.697824917921817,Able to raise emergency funds,Supplementary benchmark
Algeria,DZA,2024,32019804.0,Middle East & North Africa (excluding high income),Lower middle income,income,richest 60%,fin24aP,0.9036666141812,Able to raise emergency funds,Peer market
Algeria,DZA,2024,32019804.0,Middle East & North Africa (excluding high income),Lower middle income,income,poorest 40%,fin24aP,0.838840261825138,Able to raise emergency funds,Peer market
Egypt,EGY,2024,77385958.0,Middle East & North Africa (excluding high income),Lower middle income,income,richest 60%,fin24aP,0.817672872539706,Able to raise emergency funds,Main market
Egypt,EGY,2024,77385958.0,Middle East & North Africa (excluding high income),Lower middle income,income,poorest 40%,fin24aP,0.668259947603945,Able to raise emergency funds,Main market
Jordan,JOR,2024,7867178.0,Middle East & North Africa (excluding high income),Upper middle income,income,richest 60%,fin24aP,0.915567058812367,Able to raise emergency funds,Peer market
Jordan,JOR,2024,7867178.0,Middle East & North Africa (excluding high income),Upper middle income,income,poorest 40%,fin24aP,0.866811848585235,Able to raise emergency funds,Peer market
Morocco,MAR,2024,27893979.0,Middle East & North Africa (excluding high income),Lower middle income,income,richest 60%,fin24aP,0.898967226564897,Able to raise emergency funds,Peer market
Morocco,MAR,2024,27893979.0,Middle East & North Africa (excluding high income),Lower middle income,income,poorest 40%,fin24aP,0.822598341128159,Able to raise emergency funds,Peer market
Saudi Arabia,SAU,2024,25248449.0,High income,High income,income,richest 60%,fin24aP,0.966791483530417,Able to raise emergency funds,Advanced benchmark
Saudi Arabia,SAU,2024,25248449.0,High income,High income,income,poorest 40%,fin24aP,0.947010528526811,Able to raise emergency funds,Advanced benchmark
Tunisia,TUN,2024,9219268.0,Middle East & North Africa (excluding high income),Lower middle income,income,richest 60%,fin24aP,0.931668586110116,Able to raise emergency funds,Peer market
Tunisia,TUN,2024,9219268.0,Middle East & North Africa (excluding high income),Lower middle income,income,poorest 40%,fin24aP,0.812171035488157,Able to raise emergency funds,Peer market
Algeria,DZA,2014,27628433.0,Middle East & North Africa (excluding high income),Lower middle income,age_cat,age 25+,fin24aP,0.737810912948865,Able to raise emergency funds,Peer market
Algeria,DZA,2014,27628433.0,Middle East & North Africa (excluding high income),Lower middle income,age_cat,ages 15-24,fin24aP,0.667947749757229,Able to raise emergency funds,Peer market
Egypt,EGY,2014,63009609.0,Middle East & North Africa (excluding high income),Lower middle income,age_cat,age 25+,fin24aP,0.455738580058024,Able to raise emergency funds,Main market
Egypt,EGY,2014,63009609.0,Middle East & North Africa (excluding high income),Lower middle income,age_cat,ages 15-24,fin24aP,0.48979638978512,Able to raise emergency funds,Main market
Jordan,JOR,2014,5205320.0,Middle East & North Africa (excluding high income),Upper middle income,age_cat,age 25+,fin24aP,0.447729954000744,Able to raise emergency funds,Peer market
Jordan,JOR,2014,5205320.0,Middle East & North Africa (excluding high income),Upper middle income,age_cat,ages 15-24,fin24aP,0.509273822862697,Able to raise emergency funds,Peer market
Saudi Arabia,SAU,2014,20496432.0,High income,High income,age_cat,age 25+,fin24aP,0.468869974780343,Able to raise emergency funds,Advanced benchmark
Saudi Arabia,SAU,2014,20496432.0,High income,High income,age_cat,ages 15-24,fin24aP,0.543704169376531,Able to raise emergency funds,Advanced benchmark
Tunisia,TUN,2014,8426960.0,Middle East & North Africa (excluding high income),Lower middle income,age_cat,age 25+,fin24aP,0.494505127386889,Able to raise emergency funds,Peer market
Tunisia,TUN,2014,8426960.0,Middle East & North Africa (excluding high income),Lower middle income,age_cat,ages 15-24,fin24aP,0.411363882211382,Able to raise emergency funds,Peer market
United Arab Emirates,ARE,2014,6398423.0,High income,High income,age_cat,age 25+,fin24aP,0.675830612113943,Able to raise emergency funds,Supplementary benchmark
United Arab Emirates,ARE,2014,6398423.0,High income,High income,age_cat,ages 15-24,fin24aP,0.669722320482964,Able to raise emergency funds,Supplementary benchmark
Algeria,DZA,2017,28799702.0,Middle East & North Africa (excluding high income),Lower middle income,age_cat,age 25+,fin24aP,0.635515309402347,Able to raise emergency funds,Peer market
Algeria,DZA,2017,28799702.0,Middle East & North Africa (excluding high income),Lower middle income,age_cat,ages 15-24,fin24aP,0.57686922450177,Able to raise emergency funds,Peer market
Egypt,EGY,2017,66961302.0,Middle East & North Africa (excluding high income),Lower middle income,age_cat,age 25+,fin24aP,0.387810926375433,Able to raise emergency funds,Main market
Egypt,EGY,2017,66961302.0,Middle East & North Africa (excluding high income),Lower middle income,age_cat,ages 15-24,fin24aP,0.425971357574347,Able to raise emergency funds,Main market
Jordan,JOR,2017,6558247.0,Middle East & North Africa (excluding high income),Upper middle income,age_cat,age 25+,fin24aP,0.61581547180291,Able to raise emergency funds,Peer market
Jordan,JOR,2017,6558247.0,Middle East & North Africa (excluding high income),Upper middle income,age_cat,ages 15-24,fin24aP,0.744183555214276,Able to raise emergency funds,Peer market
Morocco,MAR,2017,24894226.0,Middle East & North Africa (excluding high income),Lower middle income,age_cat,age 25+,fin24aP,0.464818647795073,Able to raise emergency funds,Peer market
Morocco,MAR,2017,24894226.0,Middle East & North Africa (excluding high income),Lower middle income,age_cat,ages 15-24,fin24aP,0.491076111619568,Able to raise emergency funds,Peer market
Saudi Arabia,SAU,2017,23241801.0,High income,High income,age_cat,age 25+,fin24aP,0.460122358521769,Able to raise emergency funds,Advanced benchmark
Saudi Arabia,SAU,2017,23241801.0,High income,High income,age_cat,ages 15-24,fin24aP,0.558166200946266,Able to raise emergency funds,Advanced benchmark
Tunisia,TUN,2017,8662597.0,Middle East & North Africa (excluding high income),Lower middle income,age_cat,age 25+,fin24aP,0.384311995898768,Able to raise emergency funds,Peer market
Tunisia,TUN,2017,8662597.0,Middle East & North Africa (excluding high income),Lower middle income,age_cat,ages 15-24,fin24aP,0.299662576233336,Able to raise emergency funds,Peer market
United Arab Emirates,ARE,2017,7433015.0,High income,High income,age_cat,age 25+,fin24aP,0.521039798241561,Able to raise emergency funds,Supplementary benchmark
United Arab Emirates,ARE,2017,7433015.0,High income,High income,age_cat,ages 15-24,fin24aP,0.506903770712965,Able to raise emergency funds,Supplementary benchmark
Algeria,DZA,2021,30458426.0,Middle East & North Africa (excluding high income),Lower middle income,age_cat,age 25+,fin24aP,0.896237045933626,Able to raise emergency funds,Peer market
Algeria,DZA,2021,30458426.0,Middle East & North Africa (excluding high income),Lower middle income,age_cat,ages 15-24,fin24aP,0.822282359781813,Able to raise emergency funds,Peer market
Egypt,EGY,2021,72722825.0,Middle East & North Africa (excluding high income),Lower middle income,age_cat,age 25+,fin24aP,0.900267395607639,Able to raise emergency funds,Main market
Egypt,EGY,2021,72722825.0,Middle East & North Africa (excluding high income),Lower middle income,age_cat,ages 15-24,fin24aP,0.887323007972405,Able to raise emergency funds,Main market
Jordan,JOR,2021,7296924.0,Middle East & North Africa (excluding high income),Upper middle income,age_cat,age 25+,fin24aP,0.764300146854464,Able to raise emergency funds,Peer market
Jordan,JOR,2021,7296924.0,Middle East & North Africa (excluding high income),Upper middle income,age_cat,ages 15-24,fin24aP,0.867532302919816,Able to raise emergency funds,Peer market
Morocco,MAR,2021,26706787.0,Middle East & North Africa (excluding high income),Lower middle income,age_cat,age 25+,fin24aP,0.815351820583437,Able to raise emergency funds,Peer market
Morocco,MAR,2021,26706787.0,Middle East & North Africa (excluding high income),Lower middle income,age_cat,ages 15-24,fin24aP,0.933778831032335,Able to raise emergency funds,Peer market
Saudi Arabia,SAU,2021,23509479.0,High income,High income,age_cat,age 25+,fin24aP,0.979385337577255,Able to raise emergency funds,Advanced benchmark
Saudi Arabia,SAU,2021,23509479.0,High income,High income,age_cat,ages 15-24,fin24aP,0.988062322601899,Able to raise emergency funds,Advanced benchmark
Tunisia,TUN,2021,8970562.0,Middle East & North Africa (excluding high income),Lower middle income,age_cat,age 25+,fin24aP,0.815737003784066,Able to raise emergency funds,Peer market
Tunisia,TUN,2021,8970562.0,Middle East & North Africa (excluding high income),Lower middle income,age_cat,ages 15-24,fin24aP,0.867361366539884,Able to raise emergency funds,Peer market
United Arab Emirates,ARE,2021,7842387.0,High income,High income,age_cat,age 25+,fin24aP,0.799846474163546,Able to raise emergency funds,Supplementary benchmark
United Arab Emirates,ARE,2021,7842387.0,High income,High income,age_cat,ages 15-24,fin24aP,0.89020770954162,Able to raise emergency funds,Supplementary benchmark
Algeria,DZA,2024,32019804.0,Middle East & North Africa (excluding high income),Lower middle income,age_cat,age 25+,fin24aP,0.881459768187895,Able to raise emergency funds,Peer market
Algeria,DZA,2024,32019804.0,Middle East & North Africa (excluding high income),Lower middle income,age_cat,ages 15-24,fin24aP,0.866851154917202,Able to raise emergency funds,Peer market
Egypt,EGY,2024,77385958.0,Middle East & North Africa (excluding high income),Lower middle income,age_cat,age 25+,fin24aP,0.752598130571101,Able to raise emergency funds,Main market
Egypt,EGY,2024,77385958.0,Middle East & North Africa (excluding high income),Lower middle income,age_cat,ages 15-24,fin24aP,0.77269375626741,Able to raise emergency funds,Main market
Jordan,JOR,2024,7867178.0,Middle East & North Africa (excluding high income),Upper middle income,age_cat,age 25+,fin24aP,0.874403680078769,Able to raise emergency funds,Peer market
Jordan,JOR,2024,7867178.0,Middle East & North Africa (excluding high income),Upper middle income,age_cat,ages 15-24,fin24aP,0.93813961159983,Able to raise emergency funds,Peer market
Morocco,MAR,2024,27893979.0,Middle East & North Africa (excluding high income),Lower middle income,age_cat,age 25+,fin24aP,0.845197207339664,Able to raise emergency funds,Peer market
Morocco,MAR,2024,27893979.0,Middle East & North Africa (excluding high income),Lower middle income,age_cat,ages 15-24,fin24aP,0.939278995214598,Able to raise emergency funds,Peer market
Saudi Arabia,SAU,2024,25248449.0,High income,High income,age_cat,age 25+,fin24aP,0.972980716634613,Able to raise emergency funds,Advanced benchmark
Saudi Arabia,SAU,2024,25248449.0,High income,High income,age_cat,ages 15-24,fin24aP,0.902093117989563,Able to raise emergency funds,Advanced benchmark
Tunisia,TUN,2024,9219268.0,Middle East & North Africa (excluding high income),Lower middle income,age_cat,age 25+,fin24aP,0.903124832097719,Able to raise emergency funds,Peer market
Tunisia,TUN,2024,9219268.0,Middle East & North Africa (excluding high income),Lower middle income,age_cat,ages 15-24,fin24aP,0.818056289116134,Able to raise emergency funds,Peer market
Algeria,DZA,2024,32019804.0,Middle East & North Africa (excluding high income),Lower middle income,urbanicity,rural,fin24aP,0.865888402837163,Able to raise emergency funds,Peer market
Algeria,DZA,2024,32019804.0,Middle East & North Africa (excluding high income),Lower middle income,urbanicity,urban,fin24aP,0.882169350726241,Able to raise emergency funds,Peer market
Egypt,EGY,2024,77385958.0,Middle East & North Africa (excluding high income),Lower middle income,urbanicity,rural,fin24aP,0.747104165039652,Able to raise emergency funds,Main market
Egypt,EGY,2024,77385958.0,Middle East & North Africa (excluding high income),Lower middle income,urbanicity,urban,fin24aP,0.764244419548574,Able to raise emergency funds,Main market
Jordan,JOR,2024,7867178.0,Middle East & North Africa (excluding high income),Upper middle income,urbanicity,rural,fin24aP,0.929921916541631,Able to raise emergency funds,Peer market
Jordan,JOR,2024,7867178.0,Middle East & North Africa (excluding high income),Upper middle income,urbanicity,urban,fin24aP,0.881125107910689,Able to raise emergency funds,Peer market
Morocco,MAR,2024,27893979.0,Middle East & North Africa (excluding high income),Lower middle income,urbanicity,rural,fin24aP,0.871900236785793,Able to raise emergency funds,Peer market
Morocco,MAR,2024,27893979.0,Middle East & North Africa (excluding high income),Lower middle income,urbanicity,urban,fin24aP,0.865532189591685,Able to raise emergency funds,Peer market
Saudi Arabia,SAU,2024,25248449.0,High income,High income,urbanicity,rural,fin24aP,0.956400981218569,Able to raise emergency funds,Advanced benchmark
Saudi Arabia,SAU,2024,25248449.0,High income,High income,urbanicity,urban,fin24aP,0.959164451021201,Able to raise emergency funds,Advanced benchmark
Tunisia,TUN,2024,9219268.0,Middle East & North Africa (excluding high income),Lower middle income,urbanicity,rural,fin24aP,0.877571396272243,Able to raise emergency funds,Peer market
Tunisia,TUN,2024,9219268.0,Middle East & North Africa (excluding high income),Lower middle income,urbanicity,urban,fin24aP,0.891307879942935,Able to raise emergency funds,Peer market
Algeria,DZA,2014,27628433.0,Middle East & North Africa (excluding high income),Lower middle income,laborforce,out of laborforce,fin24aP,0.604103267332734,Able to raise emergency funds,Peer market
Algeria,DZA,2014,27628433.0,Middle East & North Africa (excluding high income),Lower middle income,laborforce,in laborforce,fin24aP,0.885229919005772,Able to raise emergency funds,Peer market
Egypt,EGY,2014,63009609.0,Middle East & North Africa (excluding high income),Lower middle income,laborforce,out of laborforce,fin24aP,0.392114145553288,Able to raise emergency funds,Main market
Egypt,EGY,2014,63009609.0,Middle East & North Africa (excluding high income),Lower middle income,laborforce,in laborforce,fin24aP,0.590742162226284,Able to raise emergency funds,Main market
Jordan,JOR,2014,5205320.0,Middle East & North Africa (excluding high income),Upper middle income,laborforce,out of laborforce,fin24aP,0.41153333890849,Able to raise emergency funds,Peer market
Jordan,JOR,2014,5205320.0,Middle East & North Africa (excluding high income),Upper middle income,laborforce,in laborforce,fin24aP,0.602206424514461,Able to raise emergency funds,Peer market
Saudi Arabia,SAU,2014,20496432.0,High income,High income,laborforce,out of laborforce,fin24aP,0.421397500154684,Able to raise emergency funds,Advanced benchmark
Saudi Arabia,SAU,2014,20496432.0,High income,High income,laborforce,in laborforce,fin24aP,0.577345160170381,Able to raise emergency funds,Advanced benchmark
Tunisia,TUN,2014,8426960.0,Middle East & North Africa (excluding high income),Lower middle income,laborforce,out of laborforce,fin24aP,0.409311949355646,Able to raise emergency funds,Peer market
Tunisia,TUN,2014,8426960.0,Middle East & North Africa (excluding high income),Lower middle income,laborforce,in laborforce,fin24aP,0.57653577111778,Able to raise emergency funds,Peer market
United Arab Emirates,ARE,2014,6398423.0,High income,High income,laborforce,out of laborforce,fin24aP,0.613439505694388,Able to raise emergency funds,Supplementary benchmark
United Arab Emirates,ARE,2014,6398423.0,High income,High income,laborforce,in laborforce,fin24aP,0.692817601523387,Able to raise emergency funds,Supplementary benchmark
Algeria,DZA,2017,28799702.0,Middle East & North Africa (excluding high income),Lower middle income,laborforce,out of laborforce,fin24aP,0.507290974101299,Able to raise emergency funds,Peer market
Algeria,DZA,2017,28799702.0,Middle East & North Africa (excluding high income),Lower middle income,laborforce,in laborforce,fin24aP,0.791943064311023,Able to raise emergency funds,Peer market
Egypt,EGY,2017,66961302.0,Middle East & North Africa (excluding high income),Lower middle income,laborforce,out of laborforce,fin24aP,0.327928408898377,Able to raise emergency funds,Main market
Egypt,EGY,2017,66961302.0,Middle East & North Africa (excluding high income),Lower middle income,laborforce,in laborforce,fin24aP,0.503162556664771,Able to raise emergency funds,Main market
Jordan,JOR,2017,6558247.0,Middle East & North Africa (excluding high income),Upper middle income,laborforce,out of laborforce,fin24aP,0.624615509595592,Able to raise emergency funds,Peer market
Jordan,JOR,2017,6558247.0,Middle East & North Africa (excluding high income),Upper middle income,laborforce,in laborforce,fin24aP,0.718647176997679,Able to raise emergency funds,Peer market
Morocco,MAR,2017,24894226.0,Middle East & North Africa (excluding high income),Lower middle income,laborforce,out of laborforce,fin24aP,0.391977871335502,Able to raise emergency funds,Peer market
Morocco,MAR,2017,24894226.0,Middle East & North Africa (excluding high income),Lower middle income,laborforce,in laborforce,fin24aP,0.626424802220985,Able to raise emergency funds,Peer market
Saudi Arabia,SAU,2017,23241801.0,High income,High income,laborforce,out of laborforce,fin24aP,0.428390531598308,Able to raise emergency funds,Advanced benchmark
Saudi Arabia,SAU,2017,23241801.0,High income,High income,laborforce,in laborforce,fin24aP,0.510701397752216,Able to raise emergency funds,Advanced benchmark
Tunisia,TUN,2017,8662597.0,Middle East & North Africa (excluding high income),Lower middle income,laborforce,out of laborforce,fin24aP,0.262292133961807,Able to raise emergency funds,Peer market
Tunisia,TUN,2017,8662597.0,Middle East & North Africa (excluding high income),Lower middle income,laborforce,in laborforce,fin24aP,0.522312094611431,Able to raise emergency funds,Peer market
United Arab Emirates,ARE,2017,7433015.0,High income,High income,laborforce,out of laborforce,fin24aP,0.447215417515317,Able to raise emergency funds,Supplementary benchmark
United Arab Emirates,ARE,2017,7433015.0,High income,High income,laborforce,in laborforce,fin24aP,0.534742987364769,Able to raise emergency funds,Supplementary benchmark
Algeria,DZA,2021,30458426.0,Middle East & North Africa (excluding high income),Lower middle income,laborforce,out of laborforce,fin24aP,0.829698079461155,Able to raise emergency funds,Peer market
Algeria,DZA,2021,30458426.0,Middle East & North Africa (excluding high income),Lower middle income,laborforce,in laborforce,fin24aP,0.952503797701271,Able to raise emergency funds,Peer market
Egypt,EGY,2021,72722825.0,Middle East & North Africa (excluding high income),Lower middle income,laborforce,out of laborforce,fin24aP,0.867494704377726,Able to raise emergency funds,Main market
Egypt,EGY,2021,72722825.0,Middle East & North Africa (excluding high income),Lower middle income,laborforce,in laborforce,fin24aP,0.943693356094261,Able to raise emergency funds,Main market
Jordan,JOR,2021,7296924.0,Middle East & North Africa (excluding high income),Upper middle income,laborforce,out of laborforce,fin24aP,0.756937426881044,Able to raise emergency funds,Peer market
Jordan,JOR,2021,7296924.0,Middle East & North Africa (excluding high income),Upper middle income,laborforce,in laborforce,fin24aP,0.852700412408129,Able to raise emergency funds,Peer market
Morocco,MAR,2021,26706787.0,Middle East & North Africa (excluding high income),Lower middle income,laborforce,out of laborforce,fin24aP,0.828107479113893,Able to raise emergency funds,Peer market
Morocco,MAR,2021,26706787.0,Middle East & North Africa (excluding high income),Lower middle income,laborforce,in laborforce,fin24aP,0.875262137032959,Able to raise emergency funds,Peer market
Saudi Arabia,SAU,2021,23509479.0,High income,High income,laborforce,out of laborforce,fin24aP,0.993551181318272,Able to raise emergency funds,Advanced benchmark
Saudi Arabia,SAU,2021,23509479.0,High income,High income,laborforce,in laborforce,fin24aP,0.975749477245592,Able to raise emergency funds,Advanced benchmark
Tunisia,TUN,2021,8970562.0,Middle East & North Africa (excluding high income),Lower middle income,laborforce,out of laborforce,fin24aP,0.792305898977718,Able to raise emergency funds,Peer market
Tunisia,TUN,2021,8970562.0,Middle East & North Africa (excluding high income),Lower middle income,laborforce,in laborforce,fin24aP,0.86975063828132,Able to raise emergency funds,Peer market
United Arab Emirates,ARE,2021,7842387.0,High income,High income,laborforce,out of laborforce,fin24aP,0.892698409074937,Able to raise emergency funds,Supplementary benchmark
United Arab Emirates,ARE,2021,7842387.0,High income,High income,laborforce,in laborforce,fin24aP,0.776343978164192,Able to raise emergency funds,Supplementary benchmark
Algeria,DZA,2024,32019804.0,Middle East & North Africa (excluding high income),Lower middle income,laborforce,out of laborforce,fin24aP,0.840275471459918,Able to raise emergency funds,Peer market
Algeria,DZA,2024,32019804.0,Middle East & North Africa (excluding high income),Lower middle income,laborforce,in laborforce,fin24aP,0.937420049058921,Able to raise emergency funds,Peer market
Egypt,EGY,2024,77385958.0,Middle East & North Africa (excluding high income),Lower middle income,laborforce,out of laborforce,fin24aP,0.713676456757384,Able to raise emergency funds,Main market
Egypt,EGY,2024,77385958.0,Middle East & North Africa (excluding high income),Lower middle income,laborforce,in laborforce,fin24aP,0.811662061070329,Able to raise emergency funds,Main market
Jordan,JOR,2024,7867178.0,Middle East & North Africa (excluding high income),Upper middle income,laborforce,out of laborforce,fin24aP,0.887283288727809,Able to raise emergency funds,Peer market
Jordan,JOR,2024,7867178.0,Middle East & North Africa (excluding high income),Upper middle income,laborforce,in laborforce,fin24aP,0.916965951003613,Able to raise emergency funds,Peer market
Morocco,MAR,2024,27893979.0,Middle East & North Africa (excluding high income),Lower middle income,laborforce,out of laborforce,fin24aP,0.852235373364658,Able to raise emergency funds,Peer market
Morocco,MAR,2024,27893979.0,Middle East & North Africa (excluding high income),Lower middle income,laborforce,in laborforce,fin24aP,0.895517934437378,Able to raise emergency funds,Peer market
Saudi Arabia,SAU,2024,25248449.0,High income,High income,laborforce,out of laborforce,fin24aP,0.951211851682812,Able to raise emergency funds,Advanced benchmark
Saudi Arabia,SAU,2024,25248449.0,High income,High income,laborforce,in laborforce,fin24aP,0.962139179335605,Able to raise emergency funds,Advanced benchmark
Tunisia,TUN,2024,9219268.0,Middle East & North Africa (excluding high income),Lower middle income,laborforce,out of laborforce,fin24aP,0.843327004651784,Able to raise emergency funds,Peer market
Tunisia,TUN,2024,9219268.0,Middle East & North Africa (excluding high income),Lower middle income,laborforce,in laborforce,fin24aP,0.930267005417064,Able to raise emergency funds,Peer market
Algeria,DZA,2014,27628433.0,Middle East & North Africa (excluding high income),Lower middle income,education,secondary edu or more,fin24aP,0.745043037618347,Able to raise emergency funds,Peer market
Algeria,DZA,2014,27628433.0,Middle East & North Africa (excluding high income),Lower middle income,education,prim edu or less,fin24aP,0.697632405564312,Able to raise emergency funds,Peer market
Egypt,EGY,2014,63009609.0,Middle East & North Africa (excluding high income),Lower middle income,education,secondary edu or more,fin24aP,0.541477007506301,Able to raise emergency funds,Main market
Egypt,EGY,2014,63009609.0,Middle East & North Africa (excluding high income),Lower middle income,education,prim edu or less,fin24aP,0.376456879700942,Able to raise emergency funds,Main market
Jordan,JOR,2014,5205320.0,Middle East & North Africa (excluding high income),Upper middle income,education,secondary edu or more,fin24aP,0.526080589767423,Able to raise emergency funds,Peer market
Jordan,JOR,2014,5205320.0,Middle East & North Africa (excluding high income),Upper middle income,education,prim edu or less,fin24aP,0.31345861451965,Able to raise emergency funds,Peer market
Saudi Arabia,SAU,2014,20496432.0,High income,High income,education,secondary edu or more,fin24aP,0.56463967341647,Able to raise emergency funds,Advanced benchmark
Saudi Arabia,SAU,2014,20496432.0,High income,High income,education,prim edu or less,fin24aP,0.272582150549074,Able to raise emergency funds,Advanced benchmark
Tunisia,TUN,2014,8426960.0,Middle East & North Africa (excluding high income),Lower middle income,education,secondary edu or more,fin24aP,0.526255329321349,Able to raise emergency funds,Peer market
Tunisia,TUN,2014,8426960.0,Middle East & North Africa (excluding high income),Lower middle income,education,prim edu or less,fin24aP,0.42762325147265,Able to raise emergency funds,Peer market
United Arab Emirates,ARE,2014,6398423.0,High income,High income,education,secondary edu or more,fin24aP,0.681566215202656,Able to raise emergency funds,Supplementary benchmark
United Arab Emirates,ARE,2014,6398423.0,High income,High income,education,prim edu or less,fin24aP,0.455250809469564,Able to raise emergency funds,Supplementary benchmark
Algeria,DZA,2017,28799702.0,Middle East & North Africa (excluding high income),Lower middle income,education,secondary edu or more,fin24aP,0.699607832750327,Able to raise emergency funds,Peer market
Algeria,DZA,2017,28799702.0,Middle East & North Africa (excluding high income),Lower middle income,education,prim edu or less,fin24aP,0.566000903007833,Able to raise emergency funds,Peer market
Egypt,EGY,2017,66961302.0,Middle East & North Africa (excluding high income),Lower middle income,education,secondary edu or more,fin24aP,0.476876456327511,Able to raise emergency funds,Main market
Egypt,EGY,2017,66961302.0,Middle East & North Africa (excluding high income),Lower middle income,education,prim edu or less,fin24aP,0.257478418112296,Able to raise emergency funds,Main market
Jordan,JOR,2017,6558247.0,Middle East & North Africa (excluding high income),Upper middle income,education,secondary edu or more,fin24aP,0.715400063912148,Able to raise emergency funds,Peer market
Jordan,JOR,2017,6558247.0,Middle East & North Africa (excluding high income),Upper middle income,education,prim edu or less,fin24aP,0.510065391880197,Able to raise emergency funds,Peer market
Morocco,MAR,2017,24894226.0,Middle East & North Africa (excluding high income),Lower middle income,education,secondary edu or more,fin24aP,0.660023279111537,Able to raise emergency funds,Peer market
Morocco,MAR,2017,24894226.0,Middle East & North Africa (excluding high income),Lower middle income,education,prim edu or less,fin24aP,0.396991707852103,Able to raise emergency funds,Peer market
Saudi Arabia,SAU,2017,23241801.0,High income,High income,education,secondary edu or more,fin24aP,0.510698922323738,Able to raise emergency funds,Advanced benchmark
Saudi Arabia,SAU,2017,23241801.0,High income,High income,education,prim edu or less,fin24aP,0.262958732993035,Able to raise emergency funds,Advanced benchmark
Tunisia,TUN,2017,8662597.0,Middle East & North Africa (excluding high income),Lower middle income,education,secondary edu or more,fin24aP,0.488083223134216,Able to raise emergency funds,Peer market
Tunisia,TUN,2017,8662597.0,Middle East & North Africa (excluding high income),Lower middle income,education,prim edu or less,fin24aP,0.229459071952945,Able to raise emergency funds,Peer market
United Arab Emirates,ARE,2017,7433015.0,High income,High income,education,secondary edu or more,fin24aP,0.529364596772733,Able to raise emergency funds,Supplementary benchmark
United Arab Emirates,ARE,2017,7433015.0,High income,High income,education,prim edu or less,fin24aP,0.303221784477977,Able to raise emergency funds,Supplementary benchmark
Algeria,DZA,2021,30458426.0,Middle East & North Africa (excluding high income),Lower middle income,education,secondary edu or more,fin24aP,0.907202724261068,Able to raise emergency funds,Peer market
Algeria,DZA,2021,30458426.0,Middle East & North Africa (excluding high income),Lower middle income,education,prim edu or less,fin24aP,0.803014716573241,Able to raise emergency funds,Peer market
Egypt,EGY,2021,72722825.0,Middle East & North Africa (excluding high income),Lower middle income,education,secondary edu or more,fin24aP,0.92216858537118,Able to raise emergency funds,Main market
Egypt,EGY,2021,72722825.0,Middle East & North Africa (excluding high income),Lower middle income,education,prim edu or less,fin24aP,0.877690135380065,Able to raise emergency funds,Main market
Jordan,JOR,2021,7296924.0,Middle East & North Africa (excluding high income),Upper middle income,education,secondary edu or more,fin24aP,0.848848227591314,Able to raise emergency funds,Peer market
Jordan,JOR,2021,7296924.0,Middle East & North Africa (excluding high income),Upper middle income,education,prim edu or less,fin24aP,0.627776859576447,Able to raise emergency funds,Peer market
Morocco,MAR,2021,26706787.0,Middle East & North Africa (excluding high income),Lower middle income,education,secondary edu or more,fin24aP,0.944042052534962,Able to raise emergency funds,Peer market
Morocco,MAR,2021,26706787.0,Middle East & North Africa (excluding high income),Lower middle income,education,prim edu or less,fin24aP,0.790445424311672,Able to raise emergency funds,Peer market
Saudi Arabia,SAU,2021,23509479.0,High income,High income,education,secondary edu or more,fin24aP,0.980377320654251,Able to raise emergency funds,Advanced benchmark
Saudi Arabia,SAU,2021,23509479.0,High income,High income,education,prim edu or less,fin24aP,1.0,Able to raise emergency funds,Advanced benchmark
Tunisia,TUN,2021,8970562.0,Middle East & North Africa (excluding high income),Lower middle income,education,secondary edu or more,fin24aP,0.88877205875665,Able to raise emergency funds,Peer market
Tunisia,TUN,2021,8970562.0,Middle East & North Africa (excluding high income),Lower middle income,education,prim edu or less,fin24aP,0.754126578972011,Able to raise emergency funds,Peer market
United Arab Emirates,ARE,2021,7842387.0,High income,High income,education,secondary edu or more,fin24aP,0.836557045364824,Able to raise emergency funds,Supplementary benchmark
United Arab Emirates,ARE,2021,7842387.0,High income,High income,education,prim edu or less,fin24aP,0.49915735514665,Able to raise emergency funds,Supplementary benchmark
Algeria,DZA,2024,32019804.0,Middle East & North Africa (excluding high income),Lower middle income,education,secondary edu or more,fin24aP,0.922304398244519,Able to raise emergency funds,Peer market
Algeria,DZA,2024,32019804.0,Middle East & North Africa (excluding high income),Lower middle income,education,prim edu or less,fin24aP,0.752120756966517,Able to raise emergency funds,Peer market
Egypt,EGY,2024,77385958.0,Middle East & North Africa (excluding high income),Lower middle income,education,secondary edu or more,fin24aP,0.817111755871408,Able to raise emergency funds,Main market
Egypt,EGY,2024,77385958.0,Middle East & North Africa (excluding high income),Lower middle income,education,prim edu or less,fin24aP,0.705225407364113,Able to raise emergency funds,Main market
Jordan,JOR,2024,7867178.0,Middle East & North Africa (excluding high income),Upper middle income,education,secondary edu or more,fin24aP,0.920993642674425,Able to raise emergency funds,Peer market
Jordan,JOR,2024,7867178.0,Middle East & North Africa (excluding high income),Upper middle income,education,prim edu or less,fin24aP,0.807821570646766,Able to raise emergency funds,Peer market
Morocco,MAR,2024,27893979.0,Middle East & North Africa (excluding high income),Lower middle income,education,secondary edu or more,fin24aP,0.944332431079265,Able to raise emergency funds,Peer market
Morocco,MAR,2024,27893979.0,Middle East & North Africa (excluding high income),Lower middle income,education,prim edu or less,fin24aP,0.824867392363724,Able to raise emergency funds,Peer market
Saudi Arabia,SAU,2024,25248449.0,High income,High income,education,secondary edu or more,fin24aP,0.961157289312664,Able to raise emergency funds,Advanced benchmark
Saudi Arabia,SAU,2024,25248449.0,High income,High income,education,prim edu or less,fin24aP,0.900119828260295,Able to raise emergency funds,Advanced benchmark
Tunisia,TUN,2024,9219268.0,Middle East & North Africa (excluding high income),Lower middle income,education,secondary edu or more,fin24aP,0.901485883066988,Able to raise emergency funds,Peer market
Tunisia,TUN,2024,9219268.0,Middle East & North Africa (excluding high income),Lower middle income,education,prim edu or less,fin24aP,0.863605384741038,Able to raise emergency funds,Peer market
Egypt,EGY,2014,63009609.0,Middle East & North Africa (excluding high income),Lower middle income,all,all,mobileaccount.t.d,0.0114494419851874,Mobile money account,Main market
Jordan,JOR,2014,5205320.0,Middle East & North Africa (excluding high income),Upper middle income,all,all,mobileaccount.t.d,0.00468665840138393,Mobile money account,Peer market
Tunisia,TUN,2014,8426960.0,Middle East & North Africa (excluding high income),Lower middle income,all,all,mobileaccount.t.d,0.0061870119903365,Mobile money account,Peer market
United Arab Emirates,ARE,2014,6398423.0,High income,High income,all,all,mobileaccount.t.d,0.11490987399191,Mobile money account,Supplementary benchmark
Egypt,EGY,2017,66961302.0,Middle East & North Africa (excluding high income),Lower middle income,all,all,mobileaccount.t.d,0.0179201627915592,Mobile money account,Main market
Jordan,JOR,2017,6558247.0,Middle East & North Africa (excluding high income),Upper middle income,all,all,mobileaccount.t.d,0.0106096842905169,Mobile money account,Peer market
Morocco,MAR,2017,24894226.0,Middle East & North Africa (excluding high income),Lower middle income,all,all,mobileaccount.t.d,0.00639211492470272,Mobile money account,Peer market
Tunisia,TUN,2017,8662597.0,Middle East & North Africa (excluding high income),Lower middle income,all,all,mobileaccount.t.d,0.0203718978391218,Mobile money account,Peer market
United Arab Emirates,ARE,2017,7433015.0,High income,High income,all,all,mobileaccount.t.d,0.213317965807921,Mobile money account,Supplementary benchmark
Egypt,EGY,2021,72722825.0,Middle East & North Africa (excluding high income),Lower middle income,all,all,mobileaccount.t.d,0.0291543797514098,Mobile money account,Main market
Jordan,JOR,2021,7296924.0,Middle East & North Africa (excluding high income),Upper middle income,all,all,mobileaccount.t.d,0.106597835682301,Mobile money account,Peer market
Morocco,MAR,2021,26706787.0,Middle East & North Africa (excluding high income),Lower middle income,all,all,mobileaccount.t.d,0.0627197229781526,Mobile money account,Peer market
Tunisia,TUN,2021,8970562.0,Middle East & North Africa (excluding high income),Lower middle income,all,all,mobileaccount.t.d,0.037122092410925,Mobile money account,Peer market
United Arab Emirates,ARE,2021,7842387.0,High income,High income,all,all,mobileaccount.t.d,0.132578891939491,Mobile money account,Supplementary benchmark
Egypt,EGY,2024,77385958.0,Middle East & North Africa (excluding high income),Lower middle income,all,all,mobileaccount.t.d,0.156072041150034,Mobile money account,Main market
Jordan,JOR,2024,7867178.0,Middle East & North Africa (excluding high income),Upper middle income,all,all,mobileaccount.t.d,0.205639167812616,Mobile money account,Peer market
Morocco,MAR,2024,27893979.0,Middle East & North Africa (excluding high income),Lower middle income,all,all,mobileaccount.t.d,0.0587569734038546,Mobile money account,Peer market
Saudi Arabia,SAU,2024,25248449.0,High income,High income,all,all,mobileaccount.t.d,0.365012282127332,Mobile money account,Advanced benchmark
Tunisia,TUN,2024,9219268.0,Middle East & North Africa (excluding high income),Lower middle income,all,all,mobileaccount.t.d,0.0264562932813293,Mobile money account,Peer market
United Arab Emirates,ARE,2024,8770817.0,High income,High income,all,all,mobileaccount.t.d,0.439240388230564,Mobile money account,Supplementary benchmark
United Arab Emirates,ARE,2014,6398423.0,High income,High income,gender,men,mobileaccount.t.d,0.121966558320915,Mobile money account,Supplementary benchmark
United Arab Emirates,ARE,2014,6398423.0,High income,High income,gender,women,mobileaccount.t.d,0.0967409826941668,Mobile money account,Supplementary benchmark
United Arab Emirates,ARE,2017,7433015.0,High income,High income,gender,men,mobileaccount.t.d,0.225186910324786,Mobile money account,Supplementary benchmark
United Arab Emirates,ARE,2017,7433015.0,High income,High income,gender,women,mobileaccount.t.d,0.181945102886574,Mobile money account,Supplementary benchmark
Jordan,JOR,2021,7296924.0,Middle East & North Africa (excluding high income),Upper middle income,gender,men,mobileaccount.t.d,0.151223530348017,Mobile money account,Peer market
Jordan,JOR,2021,7296924.0,Middle East & North Africa (excluding high income),Upper middle income,gender,women,mobileaccount.t.d,0.0558449751089552,Mobile money account,Peer market
United Arab Emirates,ARE,2021,7842387.0,High income,High income,gender,men,mobileaccount.t.d,0.149581475805838,Mobile money account,Supplementary benchmark
United Arab Emirates,ARE,2021,7842387.0,High income,High income,gender,women,mobileaccount.t.d,0.0865676993222222,Mobile money account,Supplementary benchmark
Egypt,EGY,2024,77385958.0,Middle East & North Africa (excluding high income),Lower middle income,gender,men,mobileaccount.t.d,0.232234436880259,Mobile money account,Main market
Egypt,EGY,2024,77385958.0,Middle East & North Africa (excluding high income),Lower middle income,gender,women,mobileaccount.t.d,0.0782539250901965,Mobile money account,Main market
Jordan,JOR,2024,7867178.0,Middle East & North Africa (excluding high income),Upper middle income,gender,men,mobileaccount.t.d,0.264945979882476,Mobile money account,Peer market
Jordan,JOR,2024,7867178.0,Middle East & North Africa (excluding high income),Upper middle income,gender,women,mobileaccount.t.d,0.141496941810392,Mobile money account,Peer market
Saudi Arabia,SAU,2024,25248449.0,High income,High income,gender,men,mobileaccount.t.d,0.393913372765093,Mobile money account,Advanced benchmark
Saudi Arabia,SAU,2024,25248449.0,High income,High income,gender,women,mobileaccount.t.d,0.31270065206848,Mobile money account,Advanced benchmark
United Arab Emirates,ARE,2024,8770817.0,High income,High income,gender,men,mobileaccount.t.d,0.478079529603515,Mobile money account,Supplementary benchmark
United Arab Emirates,ARE,2024,8770817.0,High income,High income,gender,women,mobileaccount.t.d,0.33230137610553,Mobile money account,Supplementary benchmark
United Arab Emirates,ARE,2014,6398423.0,High income,High income,income,richest 60%,mobileaccount.t.d,0.146510123671856,Mobile money account,Supplementary benchmark
United Arab Emirates,ARE,2014,6398423.0,High income,High income,income,poorest 40%,mobileaccount.t.d,0.0701710051527562,Mobile money account,Supplementary benchmark
United Arab Emirates,ARE,2017,7433015.0,High income,High income,income,richest 60%,mobileaccount.t.d,0.251504163515296,Mobile money account,Supplementary benchmark
United Arab Emirates,ARE,2017,7433015.0,High income,High income,income,poorest 40%,mobileaccount.t.d,0.155859007815789,Mobile money account,Supplementary benchmark
Jordan,JOR,2021,7296924.0,Middle East & North Africa (excluding high income),Upper middle income,income,richest 60%,mobileaccount.t.d,0.108407318862183,Mobile money account,Peer market
Jordan,JOR,2021,7296924.0,Middle East & North Africa (excluding high income),Upper middle income,income,poorest 40%,mobileaccount.t.d,0.103881004759106,Mobile money account,Peer market
United Arab Emirates,ARE,2021,7842387.0,High income,High income,income,richest 60%,mobileaccount.t.d,0.149589995716169,Mobile money account,Supplementary benchmark
United Arab Emirates,ARE,2021,7842387.0,High income,High income,income,poorest 40%,mobileaccount.t.d,0.106540967845851,Mobile money account,Supplementary benchmark
Egypt,EGY,2024,77385958.0,Middle East & North Africa (excluding high income),Lower middle income,income,richest 60%,mobileaccount.t.d,0.200326031075583,Mobile money account,Main market
Egypt,EGY,2024,77385958.0,Middle East & North Africa (excluding high income),Lower middle income,income,poorest 40%,mobileaccount.t.d,0.089496242450167,Mobile money account,Main market
Jordan,JOR,2024,7867178.0,Middle East & North Africa (excluding high income),Upper middle income,income,richest 60%,mobileaccount.t.d,0.246450291686133,Mobile money account,Peer market
Jordan,JOR,2024,7867178.0,Middle East & North Africa (excluding high income),Upper middle income,income,poorest 40%,mobileaccount.t.d,0.144415795363595,Mobile money account,Peer market
Saudi Arabia,SAU,2024,25248449.0,High income,High income,income,richest 60%,mobileaccount.t.d,0.372714695030205,Mobile money account,Advanced benchmark
Saudi Arabia,SAU,2024,25248449.0,High income,High income,income,poorest 40%,mobileaccount.t.d,0.353482862342813,Mobile money account,Advanced benchmark
United Arab Emirates,ARE,2024,8770817.0,High income,High income,income,richest 60%,mobileaccount.t.d,0.468490519041236,Mobile money account,Supplementary benchmark
United Arab Emirates,ARE,2024,8770817.0,High income,High income,income,poorest 40%,mobileaccount.t.d,0.395400396652266,Mobile money account,Supplementary benchmark
United Arab Emirates,ARE,2014,6398423.0,High income,High income,age_cat,age 25+,mobileaccount.t.d,0.120008517652685,Mobile money account,Supplementary benchmark
United Arab Emirates,ARE,2014,6398423.0,High income,High income,age_cat,ages 15-24,mobileaccount.t.d,0.0963085076424853,Mobile money account,Supplementary benchmark
United Arab Emirates,ARE,2017,7433015.0,High income,High income,age_cat,age 25+,mobileaccount.t.d,0.223429809641772,Mobile money account,Supplementary benchmark
United Arab Emirates,ARE,2017,7433015.0,High income,High income,age_cat,ages 15-24,mobileaccount.t.d,0.101180918422363,Mobile money account,Supplementary benchmark
Jordan,JOR,2021,7296924.0,Middle East & North Africa (excluding high income),Upper middle income,age_cat,age 25+,mobileaccount.t.d,0.107424817999264,Mobile money account,Peer market
Jordan,JOR,2021,7296924.0,Middle East & North Africa (excluding high income),Upper middle income,age_cat,ages 15-24,mobileaccount.t.d,0.104093855003329,Mobile money account,Peer market
United Arab Emirates,ARE,2021,7842387.0,High income,High income,age_cat,age 25+,mobileaccount.t.d,0.138278741224611,Mobile money account,Supplementary benchmark
United Arab Emirates,ARE,2021,7842387.0,High income,High income,age_cat,ages 15-24,mobileaccount.t.d,0.107194305439656,Mobile money account,Supplementary benchmark
Egypt,EGY,2024,77385958.0,Middle East & North Africa (excluding high income),Lower middle income,age_cat,age 25+,mobileaccount.t.d,0.128834235712841,Mobile money account,Main market
Egypt,EGY,2024,77385958.0,Middle East & North Africa (excluding high income),Lower middle income,age_cat,ages 15-24,mobileaccount.t.d,0.229923539511063,Mobile money account,Main market
Jordan,JOR,2024,7867178.0,Middle East & North Africa (excluding high income),Upper middle income,age_cat,age 25+,mobileaccount.t.d,0.215690356446933,Mobile money account,Peer market
Jordan,JOR,2024,7867178.0,Middle East & North Africa (excluding high income),Upper middle income,age_cat,ages 15-24,mobileaccount.t.d,0.186117605319483,Mobile money account,Peer market
Saudi Arabia,SAU,2024,25248449.0,High income,High income,age_cat,age 25+,mobileaccount.t.d,0.3788523727125,Mobile money account,Advanced benchmark
Saudi Arabia,SAU,2024,25248449.0,High income,High income,age_cat,ages 15-24,mobileaccount.t.d,0.30932852137128,Mobile money account,Advanced benchmark
United Arab Emirates,ARE,2024,8770817.0,High income,High income,age_cat,age 25+,mobileaccount.t.d,0.420462838151977,Mobile money account,Supplementary benchmark
United Arab Emirates,ARE,2024,8770817.0,High income,High income,age_cat,ages 15-24,mobileaccount.t.d,0.523004521850705,Mobile money account,Supplementary benchmark
Egypt,EGY,2024,77385958.0,Middle East & North Africa (excluding high income),Lower middle income,urbanicity,rural,mobileaccount.t.d,0.124828302507859,Mobile money account,Main market
Egypt,EGY,2024,77385958.0,Middle East & North Africa (excluding high income),Lower middle income,urbanicity,urban,mobileaccount.t.d,0.173920400701413,Mobile money account,Main market
Jordan,JOR,2024,7867178.0,Middle East & North Africa (excluding high income),Upper middle income,urbanicity,rural,mobileaccount.t.d,0.193215937807979,Mobile money account,Peer market
Jordan,JOR,2024,7867178.0,Middle East & North Africa (excluding high income),Upper middle income,urbanicity,urban,mobileaccount.t.d,0.211121774211465,Mobile money account,Peer market
Saudi Arabia,SAU,2024,25248449.0,High income,High income,urbanicity,rural,mobileaccount.t.d,0.334558760770644,Mobile money account,Advanced benchmark
Saudi Arabia,SAU,2024,25248449.0,High income,High income,urbanicity,urban,mobileaccount.t.d,0.368655920993123,Mobile money account,Advanced benchmark
United Arab Emirates,ARE,2024,8770817.0,High income,High income,urbanicity,rural,mobileaccount.t.d,0.366509670218687,Mobile money account,Supplementary benchmark
United Arab Emirates,ARE,2024,8770817.0,High income,High income,urbanicity,urban,mobileaccount.t.d,0.447081544572676,Mobile money account,Supplementary benchmark
United Arab Emirates,ARE,2014,6398423.0,High income,High income,laborforce,out of laborforce,mobileaccount.t.d,0.0704696629734914,Mobile money account,Supplementary benchmark
United Arab Emirates,ARE,2014,6398423.0,High income,High income,laborforce,in laborforce,mobileaccount.t.d,0.128225913569038,Mobile money account,Supplementary benchmark
United Arab Emirates,ARE,2017,7433015.0,High income,High income,laborforce,out of laborforce,mobileaccount.t.d,0.0921335397326716,Mobile money account,Supplementary benchmark
United Arab Emirates,ARE,2017,7433015.0,High income,High income,laborforce,in laborforce,mobileaccount.t.d,0.238124336881976,Mobile money account,Supplementary benchmark
Jordan,JOR,2021,7296924.0,Middle East & North Africa (excluding high income),Upper middle income,laborforce,out of laborforce,mobileaccount.t.d,0.0736016151379031,Mobile money account,Peer market
Jordan,JOR,2021,7296924.0,Middle East & North Africa (excluding high income),Upper middle income,laborforce,in laborforce,mobileaccount.t.d,0.169375993508366,Mobile money account,Peer market
United Arab Emirates,ARE,2021,7842387.0,High income,High income,laborforce,out of laborforce,mobileaccount.t.d,0.0916659179622997,Mobile money account,Supplementary benchmark
United Arab Emirates,ARE,2021,7842387.0,High income,High income,laborforce,in laborforce,mobileaccount.t.d,0.15407070978666,Mobile money account,Supplementary benchmark
Egypt,EGY,2024,77385958.0,Middle East & North Africa (excluding high income),Lower middle income,laborforce,out of laborforce,mobileaccount.t.d,0.109893637204785,Mobile money account,Main market
Egypt,EGY,2024,77385958.0,Middle East & North Africa (excluding high income),Lower middle income,laborforce,in laborforce,mobileaccount.t.d,0.211950391284224,Mobile money account,Main market
Jordan,JOR,2024,7867178.0,Middle East & North Africa (excluding high income),Upper middle income,laborforce,out of laborforce,mobileaccount.t.d,0.143950479165003,Mobile money account,Peer market
Jordan,JOR,2024,7867178.0,Middle East & North Africa (excluding high income),Upper middle income,laborforce,in laborforce,mobileaccount.t.d,0.352431864939112,Mobile money account,Peer market
Saudi Arabia,SAU,2024,25248449.0,High income,High income,laborforce,out of laborforce,mobileaccount.t.d,0.285585285424066,Mobile money account,Advanced benchmark
Saudi Arabia,SAU,2024,25248449.0,High income,High income,laborforce,in laborforce,mobileaccount.t.d,0.398931443889256,Mobile money account,Advanced benchmark
United Arab Emirates,ARE,2024,8770817.0,High income,High income,laborforce,out of laborforce,mobileaccount.t.d,0.326728886054346,Mobile money account,Supplementary benchmark
United Arab Emirates,ARE,2024,8770817.0,High income,High income,laborforce,in laborforce,mobileaccount.t.d,0.485384993004778,Mobile money account,Supplementary benchmark
United Arab Emirates,ARE,2014,6398423.0,High income,High income,education,secondary edu or more,mobileaccount.t.d,0.117262384722697,Mobile money account,Supplementary benchmark
United Arab Emirates,ARE,2014,6398423.0,High income,High income,education,prim edu or less,mobileaccount.t.d,0.0710487965978363,Mobile money account,Supplementary benchmark
United Arab Emirates,ARE,2017,7433015.0,High income,High income,education,secondary edu or more,mobileaccount.t.d,0.218632129252057,Mobile money account,Supplementary benchmark
United Arab Emirates,ARE,2017,7433015.0,High income,High income,education,prim edu or less,mobileaccount.t.d,0.0929307655152255,Mobile money account,Supplementary benchmark
Jordan,JOR,2021,7296924.0,Middle East & North Africa (excluding high income),Upper middle income,education,secondary edu or more,mobileaccount.t.d,0.116597455901608,Mobile money account,Peer market
Jordan,JOR,2021,7296924.0,Middle East & North Africa (excluding high income),Upper middle income,education,prim edu or less,mobileaccount.t.d,0.0790773302160522,Mobile money account,Peer market
United Arab Emirates,ARE,2021,7842387.0,High income,High income,education,secondary edu or more,mobileaccount.t.d,0.133504121626413,Mobile money account,Supplementary benchmark
United Arab Emirates,ARE,2021,7842387.0,High income,High income,education,prim edu or less,mobileaccount.t.d,0.0909997674524287,Mobile money account,Supplementary benchmark
Egypt,EGY,2024,77385958.0,Middle East & North Africa (excluding high income),Lower middle income,education,secondary edu or more,mobileaccount.t.d,0.257098837530435,Mobile money account,Main market
Egypt,EGY,2024,77385958.0,Middle East & North Africa (excluding high income),Lower middle income,education,prim edu or less,mobileaccount.t.d,0.0658346972605139,Mobile money account,Main market
Jordan,JOR,2024,7867178.0,Middle East & North Africa (excluding high income),Upper middle income,education,secondary edu or more,mobileaccount.t.d,0.227949682136074,Mobile money account,Peer market
Jordan,JOR,2024,7867178.0,Middle East & North Africa (excluding high income),Upper middle income,education,prim edu or less,mobileaccount.t.d,0.116684438034152,Mobile money account,Peer market
Saudi Arabia,SAU,2024,25248449.0,High income,High income,education,secondary edu or more,mobileaccount.t.d,0.371786443888247,Mobile money account,Advanced benchmark
Saudi Arabia,SAU,2024,25248449.0,High income,High income,education,prim edu or less,mobileaccount.t.d,0.191082067295266,Mobile money account,Advanced benchmark
United Arab Emirates,ARE,2024,8770817.0,High income,High income,education,secondary edu or more,mobileaccount.t.d,0.452475164221011,Mobile money account,Supplementary benchmark
United Arab Emirates,ARE,2024,8770817.0,High income,High income,education,prim edu or less,mobileaccount.t.d,0.107087767025045,Mobile money account,Supplementary benchmark
Algeria,DZA,2021,30458426.0,Middle East & North Africa (excluding high income),Lower middle income,all,all,merchant.pay,0.0532955599963553,Digital merchant payment,Peer market
Egypt,EGY,2021,72722825.0,Middle East & North Africa (excluding high income),Lower middle income,all,all,merchant.pay,0.0351299274303223,Digital merchant payment,Main market
Jordan,JOR,2021,7296924.0,Middle East & North Africa (excluding high income),Upper middle income,all,all,merchant.pay,0.119305220237491,Digital merchant payment,Peer market
Morocco,MAR,2021,26706787.0,Middle East & North Africa (excluding high income),Lower middle income,all,all,merchant.pay,0.0999343038551777,Digital merchant payment,Peer market
Tunisia,TUN,2021,8970562.0,Middle East & North Africa (excluding high income),Lower middle income,all,all,merchant.pay,0.0667537492562658,Digital merchant payment,Peer market
Algeria,DZA,2024,32019804.0,Middle East & North Africa (excluding high income),Lower middle income,all,all,merchant.pay,0.070034433567602,Digital merchant payment,Peer market
Egypt,EGY,2024,77385958.0,Middle East & North Africa (excluding high income),Lower middle income,all,all,merchant.pay,0.0523151161220924,Digital merchant payment,Main market
Jordan,JOR,2024,7867178.0,Middle East & North Africa (excluding high income),Upper middle income,all,all,merchant.pay,0.125339073156608,Digital merchant payment,Peer market
Morocco,MAR,2024,27893979.0,Middle East & North Africa (excluding high income),Lower middle income,all,all,merchant.pay,0.0958445531780257,Digital merchant payment,Peer market
Saudi Arabia,SAU,2024,25248449.0,High income,High income,all,all,merchant.pay,0.641603226021606,Digital merchant payment,Advanced benchmark
Tunisia,TUN,2024,9219268.0,Middle East & North Africa (excluding high income),Lower middle income,all,all,merchant.pay,0.0490348537302282,Digital merchant payment,Peer market
Jordan,JOR,2021,7296924.0,Middle East & North Africa (excluding high income),Upper middle income,gender,men,merchant.pay,0.15463217827841,Digital merchant payment,Peer market
Jordan,JOR,2021,7296924.0,Middle East & North Africa (excluding high income),Upper middle income,gender,women,merchant.pay,0.0791278249193475,Digital merchant payment,Peer market
Jordan,JOR,2024,7867178.0,Middle East & North Africa (excluding high income),Upper middle income,gender,men,merchant.pay,0.17284278159933,Digital merchant payment,Peer market
Jordan,JOR,2024,7867178.0,Middle East & North Africa (excluding high income),Upper middle income,gender,women,merchant.pay,0.0739622836018473,Digital merchant payment,Peer market
Saudi Arabia,SAU,2024,25248449.0,High income,High income,gender,men,merchant.pay,0.668630039154468,Digital merchant payment,Advanced benchmark
Saudi Arabia,SAU,2024,25248449.0,High income,High income,gender,women,merchant.pay,0.59268408078946,Digital merchant payment,Advanced benchmark
Jordan,JOR,2021,7296924.0,Middle East & North Africa (excluding high income),Upper middle income,income,richest 60%,merchant.pay,0.16435873391976,Digital merchant payment,Peer market
Jordan,JOR,2021,7296924.0,Middle East & North Africa (excluding high income),Upper middle income,income,poorest 40%,merchant.pay,0.0516600602650579,Digital merchant payment,Peer market
Jordan,JOR,2024,7867178.0,Middle East & North Africa (excluding high income),Upper middle income,income,richest 60%,merchant.pay,0.174631694971912,Digital merchant payment,Peer market
Jordan,JOR,2024,7867178.0,Middle East & North Africa (excluding high income),Upper middle income,income,poorest 40%,merchant.pay,0.0513920641563114,Digital merchant payment,Peer market
Saudi Arabia,SAU,2024,25248449.0,High income,High income,income,richest 60%,merchant.pay,0.688344952883176,Digital merchant payment,Advanced benchmark
Saudi Arabia,SAU,2024,25248449.0,High income,High income,income,poorest 40%,merchant.pay,0.571637489669115,Digital merchant payment,Advanced benchmark
Jordan,JOR,2021,7296924.0,Middle East & North Africa (excluding high income),Upper middle income,age_cat,age 25+,merchant.pay,0.122765626051975,Digital merchant payment,Peer market
Jordan,JOR,2021,7296924.0,Middle East & North Africa (excluding high income),Upper middle income,age_cat,ages 15-24,merchant.pay,0.108827620991246,Digital merchant payment,Peer market
Jordan,JOR,2024,7867178.0,Middle East & North Africa (excluding high income),Upper middle income,age_cat,age 25+,merchant.pay,0.13661389777314,Digital merchant payment,Peer market
Jordan,JOR,2024,7867178.0,Middle East & North Africa (excluding high income),Upper middle income,age_cat,ages 15-24,merchant.pay,0.103440947337011,Digital merchant payment,Peer market
Saudi Arabia,SAU,2024,25248449.0,High income,High income,age_cat,age 25+,merchant.pay,0.6670494687045,Digital merchant payment,Advanced benchmark
Saudi Arabia,SAU,2024,25248449.0,High income,High income,age_cat,ages 15-24,merchant.pay,0.539223658418683,Digital merchant payment,Advanced benchmark
Jordan,JOR,2024,7867178.0,Middle East & North Africa (excluding high income),Upper middle income,urbanicity,rural,merchant.pay,0.0908285257260887,Digital merchant payment,Peer market
Jordan,JOR,2024,7867178.0,Middle East & North Africa (excluding high income),Upper middle income,urbanicity,urban,merchant.pay,0.140569230539164,Digital merchant payment,Peer market
Saudi Arabia,SAU,2024,25248449.0,High income,High income,urbanicity,rural,merchant.pay,0.601988242691315,Digital merchant payment,Advanced benchmark
Saudi Arabia,SAU,2024,25248449.0,High income,High income,urbanicity,urban,merchant.pay,0.646342996218926,Digital merchant payment,Advanced benchmark
Jordan,JOR,2021,7296924.0,Middle East & North Africa (excluding high income),Upper middle income,laborforce,out of laborforce,merchant.pay,0.090573606811617,Digital merchant payment,Peer market
Jordan,JOR,2021,7296924.0,Middle East & North Africa (excluding high income),Upper middle income,laborforce,in laborforce,merchant.pay,0.173969594898826,Digital merchant payment,Peer market
Jordan,JOR,2024,7867178.0,Middle East & North Africa (excluding high income),Upper middle income,laborforce,out of laborforce,merchant.pay,0.0783287248064788,Digital merchant payment,Peer market
Jordan,JOR,2024,7867178.0,Middle East & North Africa (excluding high income),Upper middle income,laborforce,in laborforce,merchant.pay,0.237203597730815,Digital merchant payment,Peer market
Saudi Arabia,SAU,2024,25248449.0,High income,High income,laborforce,out of laborforce,merchant.pay,0.480614111049949,Digital merchant payment,Advanced benchmark
Saudi Arabia,SAU,2024,25248449.0,High income,High income,laborforce,in laborforce,merchant.pay,0.710353349522221,Digital merchant payment,Advanced benchmark
Jordan,JOR,2021,7296924.0,Middle East & North Africa (excluding high income),Upper middle income,education,secondary edu or more,merchant.pay,0.147547226511512,Digital merchant payment,Peer market
Jordan,JOR,2021,7296924.0,Middle East & North Africa (excluding high income),Upper middle income,education,prim edu or less,merchant.pay,0.0415788395354175,Digital merchant payment,Peer market
Jordan,JOR,2024,7867178.0,Middle East & North Africa (excluding high income),Upper middle income,education,secondary edu or more,merchant.pay,0.151403991798222,Digital merchant payment,Peer market
Jordan,JOR,2024,7867178.0,Middle East & North Africa (excluding high income),Upper middle income,education,prim edu or less,merchant.pay,0.0300546875640738,Digital merchant payment,Peer market
Saudi Arabia,SAU,2024,25248449.0,High income,High income,education,secondary edu or more,merchant.pay,0.653138369317637,Digital merchant payment,Advanced benchmark
Saudi Arabia,SAU,2024,25248449.0,High income,High income,education,prim edu or less,merchant.pay,0.345432271974809,Digital merchant payment,Advanced benchmark
Algeria,DZA,2024,32019804.0,Middle East & North Africa (excluding high income),Lower middle income,all,all,dig.acc,0.117710700338176,Digitally enabled account,Peer market
Egypt,EGY,2024,77385958.0,Middle East & North Africa (excluding high income),Lower middle income,all,all,dig.acc,0.282377388335853,Digitally enabled account,Main market
Jordan,JOR,2024,7867178.0,Middle East & North Africa (excluding high income),Upper middle income,all,all,dig.acc,0.294679659598336,Digitally enabled account,Peer market
Morocco,MAR,2024,27893979.0,Middle East & North Africa (excluding high income),Lower middle income,all,all,dig.acc,0.16599607801774,Digitally enabled account,Peer market
Saudi Arabia,SAU,2024,25248449.0,High income,High income,all,all,dig.acc,0.746341388651363,Digitally enabled account,Advanced benchmark
Tunisia,TUN,2024,9219268.0,Middle East & North Africa (excluding high income),Lower middle income,all,all,dig.acc,0.118958042895023,Digitally enabled account,Peer market
Algeria,DZA,2024,32019804.0,Middle East & North Africa (excluding high income),Lower middle income,gender,men,dig.acc,0.179946762787633,Digitally enabled account,Peer market
Algeria,DZA,2024,32019804.0,Middle East & North Africa (excluding high income),Lower middle income,gender,women,dig.acc,0.053047541884426,Digitally enabled account,Peer market
Egypt,EGY,2024,77385958.0,Middle East & North Africa (excluding high income),Lower middle income,gender,men,dig.acc,0.347001321269106,Digitally enabled account,Main market
Egypt,EGY,2024,77385958.0,Middle East & North Africa (excluding high income),Lower middle income,gender,women,dig.acc,0.216348573656022,Digitally enabled account,Main market
Jordan,JOR,2024,7867178.0,Middle East & North Africa (excluding high income),Upper middle income,gender,men,dig.acc,0.369267626336557,Digitally enabled account,Peer market
Jordan,JOR,2024,7867178.0,Middle East & North Africa (excluding high income),Upper middle income,gender,women,dig.acc,0.214010373008898,Digitally enabled account,Peer market
Morocco,MAR,2024,27893979.0,Middle East & North Africa (excluding high income),Lower middle income,gender,men,dig.acc,0.218069330568677,Digitally enabled account,Peer market
Morocco,MAR,2024,27893979.0,Middle East & North Africa (excluding high income),Lower middle income,gender,women,dig.acc,0.116674668679953,Digitally enabled account,Peer market
Saudi Arabia,SAU,2024,25248449.0,High income,High income,gender,men,dig.acc,0.782106041832995,Digitally enabled account,Advanced benchmark
Saudi Arabia,SAU,2024,25248449.0,High income,High income,gender,women,dig.acc,0.681606554597168,Digitally enabled account,Advanced benchmark
Tunisia,TUN,2024,9219268.0,Middle East & North Africa (excluding high income),Lower middle income,gender,men,dig.acc,0.159334852787944,Digitally enabled account,Peer market
Tunisia,TUN,2024,9219268.0,Middle East & North Africa (excluding high income),Lower middle income,gender,women,dig.acc,0.0802522501791603,Digitally enabled account,Peer market
Algeria,DZA,2024,32019804.0,Middle East & North Africa (excluding high income),Lower middle income,income,richest 60%,dig.acc,0.129469278715421,Digitally enabled account,Peer market
Algeria,DZA,2024,32019804.0,Middle East & North Africa (excluding high income),Lower middle income,income,poorest 40%,dig.acc,0.100025507505292,Digitally enabled account,Peer market
Egypt,EGY,2024,77385958.0,Middle East & North Africa (excluding high income),Lower middle income,income,richest 60%,dig.acc,0.320018630692245,Digitally enabled account,Main market
Egypt,EGY,2024,77385958.0,Middle East & North Africa (excluding high income),Lower middle income,income,poorest 40%,dig.acc,0.225749821462267,Digitally enabled account,Main market
Jordan,JOR,2024,7867178.0,Middle East & North Africa (excluding high income),Upper middle income,income,richest 60%,dig.acc,0.358203509857118,Digitally enabled account,Peer market
Jordan,JOR,2024,7867178.0,Middle East & North Africa (excluding high income),Upper middle income,income,poorest 40%,dig.acc,0.199383476238066,Digitally enabled account,Peer market
Morocco,MAR,2024,27893979.0,Middle East & North Africa (excluding high income),Lower middle income,income,richest 60%,dig.acc,0.211733116162075,Digitally enabled account,Peer market
Morocco,MAR,2024,27893979.0,Middle East & North Africa (excluding high income),Lower middle income,income,poorest 40%,dig.acc,0.0973375223885262,Digitally enabled account,Peer market
Saudi Arabia,SAU,2024,25248449.0,High income,High income,income,richest 60%,dig.acc,0.768970786642294,Digitally enabled account,Advanced benchmark
Saudi Arabia,SAU,2024,25248449.0,High income,High income,income,poorest 40%,dig.acc,0.712468389086369,Digitally enabled account,Advanced benchmark
Tunisia,TUN,2024,9219268.0,Middle East & North Africa (excluding high income),Lower middle income,income,richest 60%,dig.acc,0.171708692811711,Digitally enabled account,Peer market
Tunisia,TUN,2024,9219268.0,Middle East & North Africa (excluding high income),Lower middle income,income,poorest 40%,dig.acc,0.0396710846413376,Digitally enabled account,Peer market
Algeria,DZA,2024,32019804.0,Middle East & North Africa (excluding high income),Lower middle income,age_cat,age 25+,dig.acc,0.139133357252801,Digitally enabled account,Peer market
Algeria,DZA,2024,32019804.0,Middle East & North Africa (excluding high income),Lower middle income,age_cat,ages 15-24,dig.acc,0.0541377285355585,Digitally enabled account,Peer market
Egypt,EGY,2024,77385958.0,Middle East & North Africa (excluding high income),Lower middle income,age_cat,age 25+,dig.acc,0.286045857831305,Digitally enabled account,Main market
Egypt,EGY,2024,77385958.0,Middle East & North Africa (excluding high income),Lower middle income,age_cat,ages 15-24,dig.acc,0.272430846586902,Digitally enabled account,Main market
Jordan,JOR,2024,7867178.0,Middle East & North Africa (excluding high income),Upper middle income,age_cat,age 25+,dig.acc,0.335601462428854,Digitally enabled account,Peer market
Jordan,JOR,2024,7867178.0,Middle East & North Africa (excluding high income),Upper middle income,age_cat,ages 15-24,dig.acc,0.215200748162905,Digitally enabled account,Peer market
Morocco,MAR,2024,27893979.0,Middle East & North Africa (excluding high income),Lower middle income,age_cat,age 25+,dig.acc,0.165735937758537,Digitally enabled account,Peer market
Morocco,MAR,2024,27893979.0,Middle East & North Africa (excluding high income),Lower middle income,age_cat,ages 15-24,dig.acc,0.166789208990423,Digitally enabled account,Peer market
Saudi Arabia,SAU,2024,25248449.0,High income,High income,age_cat,age 25+,dig.acc,0.780506114321055,Digitally enabled account,Advanced benchmark
Saudi Arabia,SAU,2024,25248449.0,High income,High income,age_cat,ages 15-24,dig.acc,0.608884166187364,Digitally enabled account,Advanced benchmark
Tunisia,TUN,2024,9219268.0,Middle East & North Africa (excluding high income),Lower middle income,age_cat,age 25+,dig.acc,0.141812009964217,Digitally enabled account,Peer market
Tunisia,TUN,2024,9219268.0,Middle East & North Africa (excluding high income),Lower middle income,age_cat,ages 15-24,dig.acc,0.0405381213030718,Digitally enabled account,Peer market
Algeria,DZA,2024,32019804.0,Middle East & North Africa (excluding high income),Lower middle income,urbanicity,rural,dig.acc,0.0522888811274307,Digitally enabled account,Peer market
Algeria,DZA,2024,32019804.0,Middle East & North Africa (excluding high income),Lower middle income,urbanicity,urban,dig.acc,0.144204907403191,Digitally enabled account,Peer market
Egypt,EGY,2024,77385958.0,Middle East & North Africa (excluding high income),Lower middle income,urbanicity,rural,dig.acc,0.237255676259983,Digitally enabled account,Main market
Egypt,EGY,2024,77385958.0,Middle East & North Africa (excluding high income),Lower middle income,urbanicity,urban,dig.acc,0.30815370627038,Digitally enabled account,Main market
Jordan,JOR,2024,7867178.0,Middle East & North Africa (excluding high income),Upper middle income,urbanicity,rural,dig.acc,0.273011847632856,Digitally enabled account,Peer market
Jordan,JOR,2024,7867178.0,Middle East & North Africa (excluding high income),Upper middle income,urbanicity,urban,dig.acc,0.304242074887004,Digitally enabled account,Peer market
Morocco,MAR,2024,27893979.0,Middle East & North Africa (excluding high income),Lower middle income,urbanicity,rural,dig.acc,0.10719299448164,Digitally enabled account,Peer market
Morocco,MAR,2024,27893979.0,Middle East & North Africa (excluding high income),Lower middle income,urbanicity,urban,dig.acc,0.215218471918571,Digitally enabled account,Peer market
Saudi Arabia,SAU,2024,25248449.0,High income,High income,urbanicity,rural,dig.acc,0.723163402810402,Digitally enabled account,Advanced benchmark
Saudi Arabia,SAU,2024,25248449.0,High income,High income,urbanicity,urban,dig.acc,0.749114539547502,Digitally enabled account,Advanced benchmark
Tunisia,TUN,2024,9219268.0,Middle East & North Africa (excluding high income),Lower middle income,urbanicity,rural,dig.acc,0.07800785341175,Digitally enabled account,Peer market
Tunisia,TUN,2024,9219268.0,Middle East & North Africa (excluding high income),Lower middle income,urbanicity,urban,dig.acc,0.166502508333733,Digitally enabled account,Peer market
Algeria,DZA,2024,32019804.0,Middle East & North Africa (excluding high income),Lower middle income,laborforce,out of laborforce,dig.acc,0.0772005736125075,Digitally enabled account,Peer market
Algeria,DZA,2024,32019804.0,Middle East & North Africa (excluding high income),Lower middle income,laborforce,in laborforce,dig.acc,0.182136570269156,Digitally enabled account,Peer market
Egypt,EGY,2024,77385958.0,Middle East & North Africa (excluding high income),Lower middle income,laborforce,out of laborforce,dig.acc,0.243303441719752,Digitally enabled account,Main market
Egypt,EGY,2024,77385958.0,Middle East & North Africa (excluding high income),Lower middle income,laborforce,in laborforce,dig.acc,0.329658963349313,Digitally enabled account,Main market
Jordan,JOR,2024,7867178.0,Middle East & North Africa (excluding high income),Upper middle income,laborforce,out of laborforce,dig.acc,0.223479733894201,Digitally enabled account,Peer market
Jordan,JOR,2024,7867178.0,Middle East & North Africa (excluding high income),Upper middle income,laborforce,in laborforce,dig.acc,0.464105033332882,Digitally enabled account,Peer market
Morocco,MAR,2024,27893979.0,Middle East & North Africa (excluding high income),Lower middle income,laborforce,out of laborforce,dig.acc,0.127362939257957,Digitally enabled account,Peer market
Morocco,MAR,2024,27893979.0,Middle East & North Africa (excluding high income),Lower middle income,laborforce,in laborforce,dig.acc,0.230591398828548,Digitally enabled account,Peer market
Saudi Arabia,SAU,2024,25248449.0,High income,High income,laborforce,out of laborforce,dig.acc,0.594307393216799,Digitally enabled account,Advanced benchmark
Saudi Arabia,SAU,2024,25248449.0,High income,High income,laborforce,in laborforce,dig.acc,0.811267243820257,Digitally enabled account,Advanced benchmark
Tunisia,TUN,2024,9219268.0,Middle East & North Africa (excluding high income),Lower middle income,laborforce,out of laborforce,dig.acc,0.03342338526386,Digitally enabled account,Peer market
Tunisia,TUN,2024,9219268.0,Middle East & North Africa (excluding high income),Lower middle income,laborforce,in laborforce,dig.acc,0.216581748492567,Digitally enabled account,Peer market
Algeria,DZA,2024,32019804.0,Middle East & North Africa (excluding high income),Lower middle income,education,secondary edu or more,dig.acc,0.14256976536098,Digitally enabled account,Peer market
Algeria,DZA,2024,32019804.0,Middle East & North Africa (excluding high income),Lower middle income,education,prim edu or less,dig.acc,0.0478764766653529,Digitally enabled account,Peer market
Egypt,EGY,2024,77385958.0,Middle East & North Africa (excluding high income),Lower middle income,education,secondary edu or more,dig.acc,0.371798435402041,Digitally enabled account,Main market
Egypt,EGY,2024,77385958.0,Middle East & North Africa (excluding high income),Lower middle income,education,prim edu or less,dig.acc,0.202506323784924,Digitally enabled account,Main market
Jordan,JOR,2024,7867178.0,Middle East & North Africa (excluding high income),Upper middle income,education,secondary edu or more,dig.acc,0.32752207467601,Digitally enabled account,Peer market
Jordan,JOR,2024,7867178.0,Middle East & North Africa (excluding high income),Upper middle income,education,prim edu or less,dig.acc,0.168605455948588,Digitally enabled account,Peer market
Morocco,MAR,2024,27893979.0,Middle East & North Africa (excluding high income),Lower middle income,education,secondary edu or more,dig.acc,0.328347227631909,Digitally enabled account,Peer market
Morocco,MAR,2024,27893979.0,Middle East & North Africa (excluding high income),Lower middle income,education,prim edu or less,dig.acc,0.075335320089447,Digitally enabled account,Peer market
Saudi Arabia,SAU,2024,25248449.0,High income,High income,education,secondary edu or more,dig.acc,0.752233250731332,Digitally enabled account,Advanced benchmark
Saudi Arabia,SAU,2024,25248449.0,High income,High income,education,prim edu or less,dig.acc,0.595064688522565,Digitally enabled account,Advanced benchmark
Tunisia,TUN,2024,9219268.0,Middle East & North Africa (excluding high income),Lower middle income,education,secondary edu or more,dig.acc,0.197439765903005,Digitally enabled account,Peer market
Tunisia,TUN,2024,9219268.0,Middle East & North Africa (excluding high income),Lower middle income,education,prim edu or less,dig.acc,0.028119792814563,Digitally enabled account,Peer market
Algeria,DZA,2024,32019804.0,Middle East & North Africa (excluding high income),Lower middle income,all,all,internet,0.829103805177783,Internet use,Peer market
Egypt,EGY,2024,77385958.0,Middle East & North Africa (excluding high income),Lower middle income,all,all,internet,0.548845818441187,Internet use,Main market
Jordan,JOR,2024,7867178.0,Middle East & North Africa (excluding high income),Upper middle income,all,all,internet,0.892666785960634,Internet use,Peer market
Morocco,MAR,2024,27893979.0,Middle East & North Africa (excluding high income),Lower middle income,all,all,internet,0.647695722665642,Internet use,Peer market
Saudi Arabia,SAU,2024,25248449.0,High income,High income,all,all,internet,0.991219883732476,Internet use,Advanced benchmark
Tunisia,TUN,2024,9219268.0,Middle East & North Africa (excluding high income),Lower middle income,all,all,internet,0.679856627927227,Internet use,Peer market
United Arab Emirates,ARE,2024,8770817.0,High income,High income,all,all,internet,0.856602406836851,Internet use,Supplementary benchmark
Algeria,DZA,2024,32019804.0,Middle East & North Africa (excluding high income),Lower middle income,gender,men,internet,0.823850163944107,Internet use,Peer market
Algeria,DZA,2024,32019804.0,Middle East & North Africa (excluding high income),Lower middle income,gender,women,internet,0.834562329097548,Internet use,Peer market
Egypt,EGY,2024,77385958.0,Middle East & North Africa (excluding high income),Lower middle income,gender,men,internet,0.655887796650037,Internet use,Main market
Egypt,EGY,2024,77385958.0,Middle East & North Africa (excluding high income),Lower middle income,gender,women,internet,0.4394768181141,Internet use,Main market
Jordan,JOR,2024,7867178.0,Middle East & North Africa (excluding high income),Upper middle income,gender,men,internet,0.891200355180916,Internet use,Peer market
Jordan,JOR,2024,7867178.0,Middle East & North Africa (excluding high income),Upper middle income,gender,women,internet,0.894252778044957,Internet use,Peer market
Morocco,MAR,2024,27893979.0,Middle East & North Africa (excluding high income),Lower middle income,gender,men,internet,0.670874382689856,Internet use,Peer market
Morocco,MAR,2024,27893979.0,Middle East & North Africa (excluding high income),Lower middle income,gender,women,internet,0.625741953255187,Internet use,Peer market
Saudi Arabia,SAU,2024,25248449.0,High income,High income,gender,men,internet,0.988754798133781,Internet use,Advanced benchmark
Saudi Arabia,SAU,2024,25248449.0,High income,High income,gender,women,internet,0.99568174461927,Internet use,Advanced benchmark
Tunisia,TUN,2024,9219268.0,Middle East & North Africa (excluding high income),Lower middle income,gender,men,internet,0.71418819305963,Internet use,Peer market
Tunisia,TUN,2024,9219268.0,Middle East & North Africa (excluding high income),Lower middle income,gender,women,internet,0.646945894088917,Internet use,Peer market
United Arab Emirates,ARE,2024,8770817.0,High income,High income,gender,men,internet,0.874396961587398,Internet use,Supplementary benchmark
United Arab Emirates,ARE,2024,8770817.0,High income,High income,gender,women,internet,0.807607191212605,Internet use,Supplementary benchmark
Algeria,DZA,2024,32019804.0,Middle East & North Africa (excluding high income),Lower middle income,income,richest 60%,internet,0.852111857350475,Internet use,Peer market
Algeria,DZA,2024,32019804.0,Middle East & North Africa (excluding high income),Lower middle income,income,poorest 40%,internet,0.794499125400292,Internet use,Peer market
Egypt,EGY,2024,77385958.0,Middle East & North Africa (excluding high income),Lower middle income,income,richest 60%,internet,0.617755655519323,Internet use,Main market
Egypt,EGY,2024,77385958.0,Middle East & North Africa (excluding high income),Lower middle income,income,poorest 40%,internet,0.445177709656584,Internet use,Main market
Jordan,JOR,2024,7867178.0,Middle East & North Africa (excluding high income),Upper middle income,income,richest 60%,internet,0.913042933942242,Internet use,Peer market
Jordan,JOR,2024,7867178.0,Middle East & North Africa (excluding high income),Upper middle income,income,poorest 40%,internet,0.862099225488133,Internet use,Peer market
Morocco,MAR,2024,27893979.0,Middle East & North Africa (excluding high income),Lower middle income,income,richest 60%,internet,0.724877648213219,Internet use,Peer market
Morocco,MAR,2024,27893979.0,Middle East & North Africa (excluding high income),Lower middle income,income,poorest 40%,internet,0.531833398742192,Internet use,Peer market
Saudi Arabia,SAU,2024,25248449.0,High income,High income,income,richest 60%,internet,0.990470806584495,Internet use,Advanced benchmark
Saudi Arabia,SAU,2024,25248449.0,High income,High income,income,poorest 40%,internet,0.992341145991324,Internet use,Advanced benchmark
Tunisia,TUN,2024,9219268.0,Middle East & North Africa (excluding high income),Lower middle income,income,richest 60%,internet,0.778687778616776,Internet use,Peer market
Tunisia,TUN,2024,9219268.0,Middle East & North Africa (excluding high income),Lower middle income,income,poorest 40%,internet,0.531308290963381,Internet use,Peer market
United Arab Emirates,ARE,2024,8770817.0,High income,High income,income,richest 60%,internet,0.88261967671919,Internet use,Supplementary benchmark
United Arab Emirates,ARE,2024,8770817.0,High income,High income,income,poorest 40%,internet,0.817607815670241,Internet use,Supplementary benchmark
Algeria,DZA,2024,32019804.0,Middle East & North Africa (excluding high income),Lower middle income,age_cat,age 25+,internet,0.790450315241417,Internet use,Peer market
Algeria,DZA,2024,32019804.0,Middle East & North Africa (excluding high income),Lower middle income,age_cat,ages 15-24,internet,0.943810269254131,Internet use,Peer market
Egypt,EGY,2024,77385958.0,Middle East & North Africa (excluding high income),Lower middle income,age_cat,age 25+,internet,0.457411283225596,Internet use,Main market
Egypt,EGY,2024,77385958.0,Middle East & North Africa (excluding high income),Lower middle income,age_cat,ages 15-24,internet,0.796757767264904,Internet use,Main market
Jordan,JOR,2024,7867178.0,Middle East & North Africa (excluding high income),Upper middle income,age_cat,age 25+,internet,0.855559023252535,Internet use,Peer market
Jordan,JOR,2024,7867178.0,Middle East & North Africa (excluding high income),Upper middle income,age_cat,ages 15-24,internet,0.964738014055316,Internet use,Peer market
Morocco,MAR,2024,27893979.0,Middle East & North Africa (excluding high income),Lower middle income,age_cat,age 25+,internet,0.577838367966241,Internet use,Peer market
Morocco,MAR,2024,27893979.0,Middle East & North Africa (excluding high income),Lower middle income,age_cat,ages 15-24,internet,0.860680947834372,Internet use,Peer market
Saudi Arabia,SAU,2024,25248449.0,High income,High income,age_cat,age 25+,internet,0.994260637170675,Internet use,Advanced benchmark
Saudi Arabia,SAU,2024,25248449.0,High income,High income,age_cat,ages 15-24,internet,0.978985817349104,Internet use,Advanced benchmark
Tunisia,TUN,2024,9219268.0,Middle East & North Africa (excluding high income),Lower middle income,age_cat,age 25+,internet,0.59675598778233,Internet use,Peer market
Tunisia,TUN,2024,9219268.0,Middle East & North Africa (excluding high income),Lower middle income,age_cat,ages 15-24,internet,0.965003870183836,Internet use,Peer market
United Arab Emirates,ARE,2024,8770817.0,High income,High income,age_cat,age 25+,internet,0.843923419591453,Internet use,Supplementary benchmark
United Arab Emirates,ARE,2024,8770817.0,High income,High income,age_cat,ages 15-24,internet,0.913161669219155,Internet use,Supplementary benchmark
Algeria,DZA,2024,32019804.0,Middle East & North Africa (excluding high income),Lower middle income,urbanicity,rural,internet,0.783465845145033,Internet use,Peer market
Algeria,DZA,2024,32019804.0,Middle East & North Africa (excluding high income),Lower middle income,urbanicity,urban,internet,0.848054663839735,Internet use,Peer market
Egypt,EGY,2024,77385958.0,Middle East & North Africa (excluding high income),Lower middle income,urbanicity,rural,internet,0.452732402334341,Internet use,Main market
Egypt,EGY,2024,77385958.0,Middle East & North Africa (excluding high income),Lower middle income,urbanicity,urban,internet,0.603751757452939,Internet use,Main market
Jordan,JOR,2024,7867178.0,Middle East & North Africa (excluding high income),Upper middle income,urbanicity,rural,internet,0.872298599558565,Internet use,Peer market
Jordan,JOR,2024,7867178.0,Middle East & North Africa (excluding high income),Upper middle income,urbanicity,urban,internet,0.901655651904452,Internet use,Peer market
Morocco,MAR,2024,27893979.0,Middle East & North Africa (excluding high income),Lower middle income,urbanicity,rural,internet,0.556531579311196,Internet use,Peer market
Morocco,MAR,2024,27893979.0,Middle East & North Africa (excluding high income),Lower middle income,urbanicity,urban,internet,0.724006642161379,Internet use,Peer market
Saudi Arabia,SAU,2024,25248449.0,High income,High income,urbanicity,rural,internet,0.986587642707083,Internet use,Advanced benchmark
Saudi Arabia,SAU,2024,25248449.0,High income,High income,urbanicity,urban,internet,0.991774112362989,Internet use,Advanced benchmark
Tunisia,TUN,2024,9219268.0,Middle East & North Africa (excluding high income),Lower middle income,urbanicity,rural,internet,0.633679170158988,Internet use,Peer market
Tunisia,TUN,2024,9219268.0,Middle East & North Africa (excluding high income),Lower middle income,urbanicity,urban,internet,0.733470117208058,Internet use,Peer market
United Arab Emirates,ARE,2024,8770817.0,High income,High income,urbanicity,rural,internet,0.849102833670526,Internet use,Supplementary benchmark
United Arab Emirates,ARE,2024,8770817.0,High income,High income,urbanicity,urban,internet,0.857410941762722,Internet use,Supplementary benchmark
Algeria,DZA,2024,32019804.0,Middle East & North Africa (excluding high income),Lower middle income,laborforce,out of laborforce,internet,0.806741084910969,Internet use,Peer market
Algeria,DZA,2024,32019804.0,Middle East & North Africa (excluding high income),Lower middle income,laborforce,in laborforce,internet,0.864668682991404,Internet use,Peer market
Egypt,EGY,2024,77385958.0,Middle East & North Africa (excluding high income),Lower middle income,laborforce,out of laborforce,internet,0.460239956064515,Internet use,Main market
Egypt,EGY,2024,77385958.0,Middle East & North Africa (excluding high income),Lower middle income,laborforce,in laborforce,internet,0.656063673083715,Internet use,Main market
Jordan,JOR,2024,7867178.0,Middle East & North Africa (excluding high income),Upper middle income,laborforce,out of laborforce,internet,0.878922455644059,Internet use,Peer market
Jordan,JOR,2024,7867178.0,Middle East & North Africa (excluding high income),Upper middle income,laborforce,in laborforce,internet,0.925372414198128,Internet use,Peer market
Morocco,MAR,2024,27893979.0,Middle East & North Africa (excluding high income),Lower middle income,laborforce,out of laborforce,internet,0.616996627880194,Internet use,Peer market
Morocco,MAR,2024,27893979.0,Middle East & North Africa (excluding high income),Lower middle income,laborforce,in laborforce,internet,0.699025175563519,Internet use,Peer market
Saudi Arabia,SAU,2024,25248449.0,High income,High income,laborforce,out of laborforce,internet,0.979849546939907,Internet use,Advanced benchmark
Saudi Arabia,SAU,2024,25248449.0,High income,High income,laborforce,in laborforce,internet,0.99607556642177,Internet use,Advanced benchmark
Tunisia,TUN,2024,9219268.0,Middle East & North Africa (excluding high income),Lower middle income,laborforce,out of laborforce,internet,0.608507374885525,Internet use,Peer market
Tunisia,TUN,2024,9219268.0,Middle East & North Africa (excluding high income),Lower middle income,laborforce,in laborforce,internet,0.761290033595177,Internet use,Peer market
United Arab Emirates,ARE,2024,8770817.0,High income,High income,laborforce,out of laborforce,internet,0.765011980314635,Internet use,Supplementary benchmark
United Arab Emirates,ARE,2024,8770817.0,High income,High income,laborforce,in laborforce,internet,0.894166602063308,Internet use,Supplementary benchmark
Algeria,DZA,2024,32019804.0,Middle East & North Africa (excluding high income),Lower middle income,education,secondary edu or more,internet,0.930848292227636,Internet use,Peer market
Algeria,DZA,2024,32019804.0,Middle East & North Africa (excluding high income),Lower middle income,education,prim edu or less,internet,0.537181358666959,Internet use,Peer market
Egypt,EGY,2024,77385958.0,Middle East & North Africa (excluding high income),Lower middle income,education,secondary edu or more,internet,0.817197614006824,Internet use,Main market
Egypt,EGY,2024,77385958.0,Middle East & North Africa (excluding high income),Lower middle income,education,prim edu or less,internet,0.30915343852401,Internet use,Main market
Jordan,JOR,2024,7867178.0,Middle East & North Africa (excluding high income),Upper middle income,education,secondary edu or more,internet,0.928380573037137,Internet use,Peer market
Jordan,JOR,2024,7867178.0,Middle East & North Africa (excluding high income),Upper middle income,education,prim edu or less,internet,0.755660103825988,Internet use,Peer market
Morocco,MAR,2024,27893979.0,Middle East & North Africa (excluding high income),Lower middle income,education,secondary edu or more,internet,0.893226911197733,Internet use,Peer market
Morocco,MAR,2024,27893979.0,Middle East & North Africa (excluding high income),Lower middle income,education,prim edu or less,internet,0.509403041343002,Internet use,Peer market
Saudi Arabia,SAU,2024,25248449.0,High income,High income,education,secondary edu or more,internet,0.990877919411134,Internet use,Advanced benchmark
Saudi Arabia,SAU,2024,25248449.0,High income,High income,education,prim edu or less,internet,1.0,Internet use,Advanced benchmark
Tunisia,TUN,2024,9219268.0,Middle East & North Africa (excluding high income),Lower middle income,education,secondary edu or more,internet,0.942023590330284,Internet use,Peer market
Tunisia,TUN,2024,9219268.0,Middle East & North Africa (excluding high income),Lower middle income,education,prim edu or less,internet,0.376412881015842,Internet use,Peer market
United Arab Emirates,ARE,2024,8770817.0,High income,High income,education,secondary edu or more,internet,0.864073017250542,Internet use,Supplementary benchmark
United Arab Emirates,ARE,2024,8770817.0,High income,High income,education,prim edu or less,internet,0.607707495994031,Internet use,Supplementary benchmark
Algeria,DZA,2024,32019804.0,Middle East & North Africa (excluding high income),Lower middle income,all,all,con1,0.983434700018866,Mobile phone ownership,Peer market
Egypt,EGY,2024,77385958.0,Middle East & North Africa (excluding high income),Lower middle income,all,all,con1,0.84555127473034,Mobile phone ownership,Main market
Jordan,JOR,2024,7867178.0,Middle East & North Africa (excluding high income),Upper middle income,all,all,con1,0.883818137532773,Mobile phone ownership,Peer market
Morocco,MAR,2024,27893979.0,Middle East & North Africa (excluding high income),Lower middle income,all,all,con1,0.902221578545001,Mobile phone ownership,Peer market
Saudi Arabia,SAU,2024,25248449.0,High income,High income,all,all,con1,0.979335069417884,Mobile phone ownership,Advanced benchmark
Tunisia,TUN,2024,9219268.0,Middle East & North Africa (excluding high income),Lower middle income,all,all,con1,0.957576308517005,Mobile phone ownership,Peer market
United Arab Emirates,ARE,2024,8770817.0,High income,High income,all,all,con1,1.0,Mobile phone ownership,Supplementary benchmark
Algeria,DZA,2024,32019804.0,Middle East & North Africa (excluding high income),Lower middle income,gender,men,con1,0.983719660889466,Mobile phone ownership,Peer market
Algeria,DZA,2024,32019804.0,Middle East & North Africa (excluding high income),Lower middle income,gender,women,con1,0.983138626179945,Mobile phone ownership,Peer market
Egypt,EGY,2024,77385958.0,Middle East & North Africa (excluding high income),Lower middle income,gender,men,con1,0.916706857168748,Mobile phone ownership,Main market
Egypt,EGY,2024,77385958.0,Middle East & North Africa (excluding high income),Lower middle income,gender,women,con1,0.772848816786256,Mobile phone ownership,Main market
Jordan,JOR,2024,7867178.0,Middle East & North Africa (excluding high income),Upper middle income,gender,men,con1,0.894843349956886,Mobile phone ownership,Peer market
Jordan,JOR,2024,7867178.0,Middle East & North Africa (excluding high income),Upper middle income,gender,women,con1,0.87189401545727,Mobile phone ownership,Peer market
Morocco,MAR,2024,27893979.0,Middle East & North Africa (excluding high income),Lower middle income,gender,men,con1,0.930998669183468,Mobile phone ownership,Peer market
Morocco,MAR,2024,27893979.0,Middle East & North Africa (excluding high income),Lower middle income,gender,women,con1,0.874965231046023,Mobile phone ownership,Peer market
Saudi Arabia,SAU,2024,25248449.0,High income,High income,gender,men,con1,0.992353570393551,Mobile phone ownership,Advanced benchmark
Saudi Arabia,SAU,2024,25248449.0,High income,High income,gender,women,con1,0.955771287154591,Mobile phone ownership,Advanced benchmark
Tunisia,TUN,2024,9219268.0,Middle East & North Africa (excluding high income),Lower middle income,gender,men,con1,0.974235579853002,Mobile phone ownership,Peer market
Tunisia,TUN,2024,9219268.0,Middle East & North Africa (excluding high income),Lower middle income,gender,women,con1,0.941606490573525,Mobile phone ownership,Peer market
United Arab Emirates,ARE,2024,8770817.0,High income,High income,gender,men,con1,1.0,Mobile phone ownership,Supplementary benchmark
United Arab Emirates,ARE,2024,8770817.0,High income,High income,gender,women,con1,1.0,Mobile phone ownership,Supplementary benchmark
Algeria,DZA,2024,32019804.0,Middle East & North Africa (excluding high income),Lower middle income,income,richest 60%,con1,0.989648954653048,Mobile phone ownership,Peer market
Algeria,DZA,2024,32019804.0,Middle East & North Africa (excluding high income),Lower middle income,income,poorest 40%,con1,0.97408830728394,Mobile phone ownership,Peer market
Egypt,EGY,2024,77385958.0,Middle East & North Africa (excluding high income),Lower middle income,income,richest 60%,con1,0.845195922077564,Mobile phone ownership,Main market
Egypt,EGY,2024,77385958.0,Middle East & North Africa (excluding high income),Lower middle income,income,poorest 40%,con1,0.846085868034095,Mobile phone ownership,Main market
Jordan,JOR,2024,7867178.0,Middle East & North Africa (excluding high income),Upper middle income,income,richest 60%,con1,0.926529585605919,Mobile phone ownership,Peer market
Jordan,JOR,2024,7867178.0,Middle East & North Africa (excluding high income),Upper middle income,income,poorest 40%,con1,0.819743967428476,Mobile phone ownership,Peer market
Morocco,MAR,2024,27893979.0,Middle East & North Africa (excluding high income),Lower middle income,income,richest 60%,con1,0.913949426546925,Mobile phone ownership,Peer market
Morocco,MAR,2024,27893979.0,Middle East & North Africa (excluding high income),Lower middle income,income,poorest 40%,con1,0.884616216739325,Mobile phone ownership,Peer market
Saudi Arabia,SAU,2024,25248449.0,High income,High income,income,richest 60%,con1,0.981094412591879,Mobile phone ownership,Advanced benchmark
Saudi Arabia,SAU,2024,25248449.0,High income,High income,income,poorest 40%,con1,0.976701582190726,Mobile phone ownership,Advanced benchmark
Tunisia,TUN,2024,9219268.0,Middle East & North Africa (excluding high income),Lower middle income,income,richest 60%,con1,0.970726996819156,Mobile phone ownership,Peer market
Tunisia,TUN,2024,9219268.0,Middle East & North Africa (excluding high income),Lower middle income,income,poorest 40%,con1,0.937810143056168,Mobile phone ownership,Peer market
United Arab Emirates,ARE,2024,8770817.0,High income,High income,income,richest 60%,con1,1.0,Mobile phone ownership,Supplementary benchmark
United Arab Emirates,ARE,2024,8770817.0,High income,High income,income,poorest 40%,con1,1.0,Mobile phone ownership,Supplementary benchmark
Algeria,DZA,2024,32019804.0,Middle East & North Africa (excluding high income),Lower middle income,age_cat,age 25+,con1,0.983174509905943,Mobile phone ownership,Peer market
Algeria,DZA,2024,32019804.0,Middle East & North Africa (excluding high income),Lower middle income,age_cat,ages 15-24,con1,0.984206829207981,Mobile phone ownership,Peer market
Egypt,EGY,2024,77385958.0,Middle East & North Africa (excluding high income),Lower middle income,age_cat,age 25+,con1,0.848608455323728,Mobile phone ownership,Main market
Egypt,EGY,2024,77385958.0,Middle East & North Africa (excluding high income),Lower middle income,age_cat,ages 15-24,con1,0.837262157308504,Mobile phone ownership,Main market
Jordan,JOR,2024,7867178.0,Middle East & North Africa (excluding high income),Upper middle income,age_cat,age 25+,con1,0.938800246535202,Mobile phone ownership,Peer market
Jordan,JOR,2024,7867178.0,Middle East & North Africa (excluding high income),Upper middle income,age_cat,ages 15-24,con1,0.777031098114307,Mobile phone ownership,Peer market
Morocco,MAR,2024,27893979.0,Middle East & North Africa (excluding high income),Lower middle income,age_cat,age 25+,con1,0.908626680843898,Mobile phone ownership,Peer market
Morocco,MAR,2024,27893979.0,Middle East & North Africa (excluding high income),Lower middle income,age_cat,ages 15-24,con1,0.882693324702161,Mobile phone ownership,Peer market
Saudi Arabia,SAU,2024,25248449.0,High income,High income,age_cat,age 25+,con1,0.985753635626651,Mobile phone ownership,Advanced benchmark
Saudi Arabia,SAU,2024,25248449.0,High income,High income,age_cat,ages 15-24,con1,0.953510823328854,Mobile phone ownership,Advanced benchmark
Tunisia,TUN,2024,9219268.0,Middle East & North Africa (excluding high income),Lower middle income,age_cat,age 25+,con1,0.961535578686309,Mobile phone ownership,Peer market
Tunisia,TUN,2024,9219268.0,Middle East & North Africa (excluding high income),Lower middle income,age_cat,ages 15-24,con1,0.943990673458631,Mobile phone ownership,Peer market
United Arab Emirates,ARE,2024,8770817.0,High income,High income,age_cat,age 25+,con1,1.0,Mobile phone ownership,Supplementary benchmark
United Arab Emirates,ARE,2024,8770817.0,High income,High income,age_cat,ages 15-24,con1,1.0,Mobile phone ownership,Supplementary benchmark
Algeria,DZA,2024,32019804.0,Middle East & North Africa (excluding high income),Lower middle income,urbanicity,rural,con1,0.978033308938789,Mobile phone ownership,Peer market
Algeria,DZA,2024,32019804.0,Middle East & North Africa (excluding high income),Lower middle income,urbanicity,urban,con1,0.985544659562387,Mobile phone ownership,Peer market
Egypt,EGY,2024,77385958.0,Middle East & North Africa (excluding high income),Lower middle income,urbanicity,rural,con1,0.797518978139346,Mobile phone ownership,Main market
Egypt,EGY,2024,77385958.0,Middle East & North Africa (excluding high income),Lower middle income,urbanicity,urban,con1,0.872990298896203,Mobile phone ownership,Main market
Jordan,JOR,2024,7867178.0,Middle East & North Africa (excluding high income),Upper middle income,urbanicity,rural,con1,0.834811675052799,Mobile phone ownership,Peer market
Jordan,JOR,2024,7867178.0,Middle East & North Africa (excluding high income),Upper middle income,urbanicity,urban,con1,0.905445616431364,Mobile phone ownership,Peer market
Morocco,MAR,2024,27893979.0,Middle East & North Africa (excluding high income),Lower middle income,urbanicity,rural,con1,0.896054883520221,Mobile phone ownership,Peer market
Morocco,MAR,2024,27893979.0,Middle East & North Africa (excluding high income),Lower middle income,urbanicity,urban,con1,0.907383544097193,Mobile phone ownership,Peer market
Saudi Arabia,SAU,2024,25248449.0,High income,High income,urbanicity,rural,con1,1.0,Mobile phone ownership,Advanced benchmark
Saudi Arabia,SAU,2024,25248449.0,High income,High income,urbanicity,urban,con1,0.976862595271267,Mobile phone ownership,Advanced benchmark
Tunisia,TUN,2024,9219268.0,Middle East & North Africa (excluding high income),Lower middle income,urbanicity,rural,con1,0.949539591562697,Mobile phone ownership,Peer market
Tunisia,TUN,2024,9219268.0,Middle East & North Africa (excluding high income),Lower middle income,urbanicity,urban,con1,0.966907191140414,Mobile phone ownership,Peer market
United Arab Emirates,ARE,2024,8770817.0,High income,High income,urbanicity,rural,con1,1.0,Mobile phone ownership,Supplementary benchmark
United Arab Emirates,ARE,2024,8770817.0,High income,High income,urbanicity,urban,con1,1.0,Mobile phone ownership,Supplementary benchmark
Algeria,DZA,2024,32019804.0,Middle East & North Africa (excluding high income),Lower middle income,laborforce,out of laborforce,con1,0.981488448059592,Mobile phone ownership,Peer market
Algeria,DZA,2024,32019804.0,Middle East & North Africa (excluding high income),Lower middle income,laborforce,in laborforce,con1,0.986529950162866,Mobile phone ownership,Peer market
Egypt,EGY,2024,77385958.0,Middle East & North Africa (excluding high income),Lower middle income,laborforce,out of laborforce,con1,0.792917566020926,Mobile phone ownership,Main market
Egypt,EGY,2024,77385958.0,Middle East & North Africa (excluding high income),Lower middle income,laborforce,in laborforce,con1,0.909240890499925,Mobile phone ownership,Main market
Jordan,JOR,2024,7867178.0,Middle East & North Africa (excluding high income),Upper middle income,laborforce,out of laborforce,con1,0.867459944585616,Mobile phone ownership,Peer market
Jordan,JOR,2024,7867178.0,Middle East & North Africa (excluding high income),Upper middle income,laborforce,in laborforce,con1,0.922743640983586,Mobile phone ownership,Peer market
Morocco,MAR,2024,27893979.0,Middle East & North Africa (excluding high income),Lower middle income,laborforce,out of laborforce,con1,0.880931574993278,Mobile phone ownership,Peer market
Morocco,MAR,2024,27893979.0,Middle East & North Africa (excluding high income),Lower middle income,laborforce,in laborforce,con1,0.937818857296746,Mobile phone ownership,Peer market
Saudi Arabia,SAU,2024,25248449.0,High income,High income,laborforce,out of laborforce,con1,0.963527873181338,Mobile phone ownership,Advanced benchmark
Saudi Arabia,SAU,2024,25248449.0,High income,High income,laborforce,in laborforce,con1,0.986085505269726,Mobile phone ownership,Advanced benchmark
Tunisia,TUN,2024,9219268.0,Middle East & North Africa (excluding high income),Lower middle income,laborforce,out of laborforce,con1,0.935507633208139,Mobile phone ownership,Peer market
Tunisia,TUN,2024,9219268.0,Middle East & North Africa (excluding high income),Lower middle income,laborforce,in laborforce,con1,0.982764061890271,Mobile phone ownership,Peer market
United Arab Emirates,ARE,2024,8770817.0,High income,High income,laborforce,out of laborforce,con1,1.0,Mobile phone ownership,Supplementary benchmark
United Arab Emirates,ARE,2024,8770817.0,High income,High income,laborforce,in laborforce,con1,1.0,Mobile phone ownership,Supplementary benchmark
Algeria,DZA,2024,32019804.0,Middle East & North Africa (excluding high income),Lower middle income,education,secondary edu or more,con1,0.98512689983271,Mobile phone ownership,Peer market
Algeria,DZA,2024,32019804.0,Middle East & North Africa (excluding high income),Lower middle income,education,prim edu or less,con1,0.978451202536727,Mobile phone ownership,Peer market
Egypt,EGY,2024,77385958.0,Middle East & North Africa (excluding high income),Lower middle income,education,secondary edu or more,con1,0.908471020518546,Mobile phone ownership,Main market
Egypt,EGY,2024,77385958.0,Middle East & North Africa (excluding high income),Lower middle income,education,prim edu or less,con1,0.789351227400788,Mobile phone ownership,Main market
Jordan,JOR,2024,7867178.0,Middle East & North Africa (excluding high income),Upper middle income,education,secondary edu or more,con1,0.888345016359366,Mobile phone ownership,Peer market
Jordan,JOR,2024,7867178.0,Middle East & North Africa (excluding high income),Upper middle income,education,prim edu or less,con1,0.865725396846361,Mobile phone ownership,Peer market
Morocco,MAR,2024,27893979.0,Middle East & North Africa (excluding high income),Lower middle income,education,secondary edu or more,con1,0.931040200755744,Mobile phone ownership,Peer market
Morocco,MAR,2024,27893979.0,Middle East & North Africa (excluding high income),Lower middle income,education,prim edu or less,con1,0.885409013335772,Mobile phone ownership,Peer market
Saudi Arabia,SAU,2024,25248449.0,High income,High income,education,secondary edu or more,con1,0.981558597974662,Mobile phone ownership,Advanced benchmark
Saudi Arabia,SAU,2024,25248449.0,High income,High income,education,prim edu or less,con1,0.922244788256169,Mobile phone ownership,Advanced benchmark
Tunisia,TUN,2024,9219268.0,Middle East & North Africa (excluding high income),Lower middle income,education,secondary edu or more,con1,0.986396160230532,Mobile phone ownership,Peer market
Tunisia,TUN,2024,9219268.0,Middle East & North Africa (excluding high income),Lower middle income,education,prim edu or less,con1,0.924218925461476,Mobile phone ownership,Peer market
United Arab Emirates,ARE,2024,8770817.0,High income,High income,education,secondary edu or more,con1,1.0,Mobile phone ownership,Supplementary benchmark
United Arab Emirates,ARE,2024,8770817.0,High income,High income,education,prim edu or less,con1,1.0,Mobile phone ownership,Supplementary benchmark
Algeria,DZA,2024,32019804.0,Middle East & North Africa (excluding high income),Lower middle income,all,all,con9a,0.843357577356828,Smartphone ownership,Peer market
Egypt,EGY,2024,77385958.0,Middle East & North Africa (excluding high income),Lower middle income,all,all,con9a,0.556742104835523,Smartphone ownership,Main market
Jordan,JOR,2024,7867178.0,Middle East & North Africa (excluding high income),Upper middle income,all,all,con9a,0.731928124585995,Smartphone ownership,Peer market
Morocco,MAR,2024,27893979.0,Middle East & North Africa (excluding high income),Lower middle income,all,all,con9a,0.670429330527204,Smartphone ownership,Peer market
Saudi Arabia,SAU,2024,25248449.0,High income,High income,all,all,con9a,0.945267022981508,Smartphone ownership,Advanced benchmark
Tunisia,TUN,2024,9219268.0,Middle East & North Africa (excluding high income),Lower middle income,all,all,con9a,0.669484710664335,Smartphone ownership,Peer market
United Arab Emirates,ARE,2024,8770817.0,High income,High income,all,all,con9a,0.834799393275376,Smartphone ownership,Supplementary benchmark
Algeria,DZA,2024,32019804.0,Middle East & North Africa (excluding high income),Lower middle income,gender,men,con9a,0.839399823633651,Smartphone ownership,Peer market
Algeria,DZA,2024,32019804.0,Middle East & North Africa (excluding high income),Lower middle income,gender,women,con9a,0.847469676452599,Smartphone ownership,Peer market
Egypt,EGY,2024,77385958.0,Middle East & North Africa (excluding high income),Lower middle income,gender,men,con9a,0.665476845304526,Smartphone ownership,Main market
Egypt,EGY,2024,77385958.0,Middle East & North Africa (excluding high income),Lower middle income,gender,women,con9a,0.445643542711444,Smartphone ownership,Main market
Jordan,JOR,2024,7867178.0,Middle East & North Africa (excluding high income),Upper middle income,gender,men,con9a,0.747281450492457,Smartphone ownership,Peer market
Jordan,JOR,2024,7867178.0,Middle East & North Africa (excluding high income),Upper middle income,gender,women,con9a,0.715323008481996,Smartphone ownership,Peer market
Morocco,MAR,2024,27893979.0,Middle East & North Africa (excluding high income),Lower middle income,gender,men,con9a,0.709419936488595,Smartphone ownership,Peer market
Morocco,MAR,2024,27893979.0,Middle East & North Africa (excluding high income),Lower middle income,gender,women,con9a,0.633499207234656,Smartphone ownership,Peer market
Saudi Arabia,SAU,2024,25248449.0,High income,High income,gender,men,con9a,0.958351133863317,Smartphone ownership,Advanced benchmark
Saudi Arabia,SAU,2024,25248449.0,High income,High income,gender,women,con9a,0.921584485298866,Smartphone ownership,Advanced benchmark
Tunisia,TUN,2024,9219268.0,Middle East & North Africa (excluding high income),Lower middle income,gender,men,con9a,0.715655137384753,Smartphone ownership,Peer market
Tunisia,TUN,2024,9219268.0,Middle East & North Africa (excluding high income),Lower middle income,gender,women,con9a,0.625225073239221,Smartphone ownership,Peer market
United Arab Emirates,ARE,2024,8770817.0,High income,High income,gender,men,con9a,0.818384907839652,Smartphone ownership,Supplementary benchmark
United Arab Emirates,ARE,2024,8770817.0,High income,High income,gender,women,con9a,0.879994750201048,Smartphone ownership,Supplementary benchmark
Algeria,DZA,2024,32019804.0,Middle East & North Africa (excluding high income),Lower middle income,income,richest 60%,con9a,0.861572031495648,Smartphone ownership,Peer market
Algeria,DZA,2024,32019804.0,Middle East & North Africa (excluding high income),Lower middle income,income,poorest 40%,con9a,0.815962587634762,Smartphone ownership,Peer market
Egypt,EGY,2024,77385958.0,Middle East & North Africa (excluding high income),Lower middle income,income,richest 60%,con9a,0.627701826235591,Smartphone ownership,Main market
Egypt,EGY,2024,77385958.0,Middle East & North Africa (excluding high income),Lower middle income,income,poorest 40%,con9a,0.449990145618346,Smartphone ownership,Main market
Jordan,JOR,2024,7867178.0,Middle East & North Africa (excluding high income),Upper middle income,income,richest 60%,con9a,0.783283330478084,Smartphone ownership,Peer market
Jordan,JOR,2024,7867178.0,Middle East & North Africa (excluding high income),Upper middle income,income,poorest 40%,con9a,0.654886901529459,Smartphone ownership,Peer market
Morocco,MAR,2024,27893979.0,Middle East & North Africa (excluding high income),Lower middle income,income,richest 60%,con9a,0.729372140438319,Smartphone ownership,Peer market
Morocco,MAR,2024,27893979.0,Middle East & North Africa (excluding high income),Lower middle income,income,poorest 40%,con9a,0.58194681488084,Smartphone ownership,Peer market
Saudi Arabia,SAU,2024,25248449.0,High income,High income,income,richest 60%,con9a,0.950609909221879,Smartphone ownership,Advanced benchmark
Saudi Arabia,SAU,2024,25248449.0,High income,High income,income,poorest 40%,con9a,0.937269479990375,Smartphone ownership,Advanced benchmark
Tunisia,TUN,2024,9219268.0,Middle East & North Africa (excluding high income),Lower middle income,income,richest 60%,con9a,0.770257556380261,Smartphone ownership,Peer market
Tunisia,TUN,2024,9219268.0,Middle East & North Africa (excluding high income),Lower middle income,income,poorest 40%,con9a,0.518017905534867,Smartphone ownership,Peer market
United Arab Emirates,ARE,2024,8770817.0,High income,High income,income,richest 60%,con9a,0.88051627608563,Smartphone ownership,Supplementary benchmark
United Arab Emirates,ARE,2024,8770817.0,High income,High income,income,poorest 40%,con9a,0.766279092618933,Smartphone ownership,Supplementary benchmark
Algeria,DZA,2024,32019804.0,Middle East & North Africa (excluding high income),Lower middle income,age_cat,age 25+,con9a,0.805117831510304,Smartphone ownership,Peer market
Algeria,DZA,2024,32019804.0,Middle East & North Africa (excluding high income),Lower middle income,age_cat,ages 15-24,con9a,0.956836231948018,Smartphone ownership,Peer market
Egypt,EGY,2024,77385958.0,Middle East & North Africa (excluding high income),Lower middle income,age_cat,age 25+,con9a,0.483738131494205,Smartphone ownership,Main market
Egypt,EGY,2024,77385958.0,Middle East & North Africa (excluding high income),Lower middle income,age_cat,ages 15-24,con9a,0.754682163919834,Smartphone ownership,Main market
Jordan,JOR,2024,7867178.0,Middle East & North Africa (excluding high income),Upper middle income,age_cat,age 25+,con9a,0.756797701257118,Smartphone ownership,Peer market
Jordan,JOR,2024,7867178.0,Middle East & North Africa (excluding high income),Upper middle income,age_cat,ages 15-24,con9a,0.683626076656505,Smartphone ownership,Peer market
Morocco,MAR,2024,27893979.0,Middle East & North Africa (excluding high income),Lower middle income,age_cat,age 25+,con9a,0.621341814679605,Smartphone ownership,Peer market
Morocco,MAR,2024,27893979.0,Middle East & North Africa (excluding high income),Lower middle income,age_cat,ages 15-24,con9a,0.820090245412436,Smartphone ownership,Peer market
Saudi Arabia,SAU,2024,25248449.0,High income,High income,age_cat,age 25+,con9a,0.953028388776403,Smartphone ownership,Advanced benchmark
Saudi Arabia,SAU,2024,25248449.0,High income,High income,age_cat,ages 15-24,con9a,0.914040201639287,Smartphone ownership,Advanced benchmark
Tunisia,TUN,2024,9219268.0,Middle East & North Africa (excluding high income),Lower middle income,age_cat,age 25+,con9a,0.598764169215339,Smartphone ownership,Peer market
Tunisia,TUN,2024,9219268.0,Middle East & North Africa (excluding high income),Lower middle income,age_cat,ages 15-24,con9a,0.912151522013968,Smartphone ownership,Peer market
United Arab Emirates,ARE,2024,8770817.0,High income,High income,age_cat,age 25+,con9a,0.827945633759547,Smartphone ownership,Supplementary benchmark
United Arab Emirates,ARE,2024,8770817.0,High income,High income,age_cat,ages 15-24,con9a,0.865373095674335,Smartphone ownership,Supplementary benchmark
Algeria,DZA,2024,32019804.0,Middle East & North Africa (excluding high income),Lower middle income,urbanicity,rural,con9a,0.820422908899211,Smartphone ownership,Peer market
Algeria,DZA,2024,32019804.0,Middle East & North Africa (excluding high income),Lower middle income,urbanicity,urban,con9a,0.853276579518657,Smartphone ownership,Peer market
Egypt,EGY,2024,77385958.0,Middle East & North Africa (excluding high income),Lower middle income,urbanicity,rural,con9a,0.463323539856408,Smartphone ownership,Main market
Egypt,EGY,2024,77385958.0,Middle East & North Africa (excluding high income),Lower middle income,urbanicity,urban,con9a,0.610108577894879,Smartphone ownership,Main market
Jordan,JOR,2024,7867178.0,Middle East & North Africa (excluding high income),Upper middle income,urbanicity,rural,con9a,0.702688066338605,Smartphone ownership,Peer market
Jordan,JOR,2024,7867178.0,Middle East & North Africa (excluding high income),Upper middle income,urbanicity,urban,con9a,0.744832315395471,Smartphone ownership,Peer market
Morocco,MAR,2024,27893979.0,Middle East & North Africa (excluding high income),Lower middle income,urbanicity,rural,con9a,0.624621692283997,Smartphone ownership,Peer market
Morocco,MAR,2024,27893979.0,Middle East & North Africa (excluding high income),Lower middle income,urbanicity,urban,con9a,0.708773605651649,Smartphone ownership,Peer market
Saudi Arabia,SAU,2024,25248449.0,High income,High income,urbanicity,rural,con9a,0.941410619619214,Smartphone ownership,Advanced benchmark
Saudi Arabia,SAU,2024,25248449.0,High income,High income,urbanicity,urban,con9a,0.945728425819244,Smartphone ownership,Advanced benchmark
Tunisia,TUN,2024,9219268.0,Middle East & North Africa (excluding high income),Lower middle income,urbanicity,rural,con9a,0.61302341067003,Smartphone ownership,Peer market
Tunisia,TUN,2024,9219268.0,Middle East & North Africa (excluding high income),Lower middle income,urbanicity,urban,con9a,0.735038066096313,Smartphone ownership,Peer market
United Arab Emirates,ARE,2024,8770817.0,High income,High income,urbanicity,rural,con9a,0.783115513229361,Smartphone ownership,Supplementary benchmark
United Arab Emirates,ARE,2024,8770817.0,High income,High income,urbanicity,urban,con9a,0.840371473338461,Smartphone ownership,Supplementary benchmark
Algeria,DZA,2024,32019804.0,Middle East & North Africa (excluding high income),Lower middle income,laborforce,out of laborforce,con9a,0.801200046532109,Smartphone ownership,Peer market
Algeria,DZA,2024,32019804.0,Middle East & North Africa (excluding high income),Lower middle income,laborforce,in laborforce,con9a,0.910403420385596,Smartphone ownership,Peer market
Egypt,EGY,2024,77385958.0,Middle East & North Africa (excluding high income),Lower middle income,laborforce,out of laborforce,con9a,0.469347679053257,Smartphone ownership,Main market
Egypt,EGY,2024,77385958.0,Middle East & North Africa (excluding high income),Lower middle income,laborforce,in laborforce,con9a,0.66249405610322,Smartphone ownership,Main market
Jordan,JOR,2024,7867178.0,Middle East & North Africa (excluding high income),Upper middle income,laborforce,out of laborforce,con9a,0.709610241777474,Smartphone ownership,Peer market
Jordan,JOR,2024,7867178.0,Middle East & North Africa (excluding high income),Upper middle income,laborforce,in laborforce,con9a,0.785035141179105,Smartphone ownership,Peer market
Morocco,MAR,2024,27893979.0,Middle East & North Africa (excluding high income),Lower middle income,laborforce,out of laborforce,con9a,0.642773226692568,Smartphone ownership,Peer market
Morocco,MAR,2024,27893979.0,Middle East & North Africa (excluding high income),Lower middle income,laborforce,in laborforce,con9a,0.716670846410325,Smartphone ownership,Peer market
Saudi Arabia,SAU,2024,25248449.0,High income,High income,laborforce,out of laborforce,con9a,0.908993079930974,Smartphone ownership,Advanced benchmark
Saudi Arabia,SAU,2024,25248449.0,High income,High income,laborforce,in laborforce,con9a,0.960757747711671,Smartphone ownership,Advanced benchmark
Tunisia,TUN,2024,9219268.0,Middle East & North Africa (excluding high income),Lower middle income,laborforce,out of laborforce,con9a,0.585327901597301,Smartphone ownership,Peer market
Tunisia,TUN,2024,9219268.0,Middle East & North Africa (excluding high income),Lower middle income,laborforce,in laborforce,con9a,0.765535829356082,Smartphone ownership,Peer market
United Arab Emirates,ARE,2024,8770817.0,High income,High income,laborforce,out of laborforce,con9a,0.785535462640202,Smartphone ownership,Supplementary benchmark
United Arab Emirates,ARE,2024,8770817.0,High income,High income,laborforce,in laborforce,con9a,0.855004124034583,Smartphone ownership,Supplementary benchmark
Algeria,DZA,2024,32019804.0,Middle East & North Africa (excluding high income),Lower middle income,education,secondary edu or more,con9a,0.944851988591717,Smartphone ownership,Peer market
Algeria,DZA,2024,32019804.0,Middle East & North Africa (excluding high income),Lower middle income,education,prim edu or less,con9a,0.552281961664013,Smartphone ownership,Peer market
Egypt,EGY,2024,77385958.0,Middle East & North Africa (excluding high income),Lower middle income,education,secondary edu or more,con9a,0.799449955956803,Smartphone ownership,Main market
Egypt,EGY,2024,77385958.0,Middle East & North Africa (excluding high income),Lower middle income,education,prim edu or less,con9a,0.339954949239188,Smartphone ownership,Main market
Jordan,JOR,2024,7867178.0,Middle East & North Africa (excluding high income),Upper middle income,education,secondary edu or more,con9a,0.786306854984493,Smartphone ownership,Peer market
Jordan,JOR,2024,7867178.0,Middle East & North Africa (excluding high income),Upper middle income,education,prim edu or less,con9a,0.545311548599159,Smartphone ownership,Peer market
Morocco,MAR,2024,27893979.0,Middle East & North Africa (excluding high income),Lower middle income,education,secondary edu or more,con9a,0.85603433475424,Smartphone ownership,Peer market
Morocco,MAR,2024,27893979.0,Middle East & North Africa (excluding high income),Lower middle income,education,prim edu or less,con9a,0.563846208901027,Smartphone ownership,Peer market
Saudi Arabia,SAU,2024,25248449.0,High income,High income,education,secondary edu or more,con9a,0.950523070592611,Smartphone ownership,Advanced benchmark
Saudi Arabia,SAU,2024,25248449.0,High income,High income,education,prim edu or less,con9a,0.810315198323074,Smartphone ownership,Advanced benchmark
Tunisia,TUN,2024,9219268.0,Middle East & North Africa (excluding high income),Lower middle income,education,secondary edu or more,con9a,0.941972504950856,Smartphone ownership,Peer market
Tunisia,TUN,2024,9219268.0,Middle East & North Africa (excluding high income),Lower middle income,education,prim edu or less,con9a,0.354095172150322,Smartphone ownership,Peer market
United Arab Emirates,ARE,2024,8770817.0,High income,High income,education,secondary edu or more,con9a,0.848298082959138,Smartphone ownership,Supplementary benchmark
United Arab Emirates,ARE,2024,8770817.0,High income,High income,education,prim edu or less,con9a,0.459526033180437,Smartphone ownership,Supplementary benchmark
